kind,make_slug,make_name,model_slug,model_name,body_types,countries,regions,global_popularity_decile,aliases,former_ids
car,abarth,Abarth,500,500,hatchback,es|gb|lu|nl|nz|ua,eu|oc,5.0,,
car,abarth,Abarth,595,595,hatchback,gb|nz,eu|oc,5.0,,
car,abarth,Abarth,600e,600E,hatchback,es|gb|nl,eu,6.0,,
car,abarth,Abarth,695,695,hatchback,gb|nl,eu,7.0,,
car,abarth,Abarth,punto,Punto,hatchback,gb|nz,eu|oc,8.0,,
car,abarth,Abarth,spider,Spider,hatchback,gb,eu,5.0,,
car,acura,Acura,2-5tl,2.5TL,hatchback,ca|us,na,,,
car,acura,Acura,3-2cl,3.2CL,hatchback,ca|us,na,,,
car,acura,Acura,3-2tl,3.2TL,hatchback,ca|us,na,,,
car,acura,Acura,3-5rl,3.5RL,hatchback,ca|us,na,,,
car,acura,Acura,adx,Adx,hatchback,ca|ua|us,eu|na,9.0,,
car,acura,Acura,ilx,Ilx,hatchback,ca|ua|us,eu|na,4.0,,
car,acura,Acura,integra,Integra,coupe,ca|nl|ua|us,eu|na,7.0,,
car,acura,Acura,integra-a-spec,Integra A-Spec,hatchback,ca|us,na,,,
car,acura,Acura,integra-type-s,Integra Type S,hatchback,ca|lu,eu|na,8.0,,
car,acura,Acura,legend,Legend,sedan,ca|nl|ua|us,eu|na,9.0,,
car,acura,Acura,mdx,Mdx,hatchback|wagon,ca|es|fi|gb|my|nl|ua|us,as|eu|na,6.0,,
car,acura,Acura,mdx-2wd,Mdx 2WD,hatchback,es|us,eu|na,7.0,,
car,acura,Acura,nsx,Nsx,coupe,ar|ca|nl|ua|us,eu|na|sa,8.0,,
car,acura,Acura,rdx,Rdx,hatchback|wagon,ca|fi|nl|ua|us,eu|na,6.0,,
car,acura,Acura,rl,Rl,sedan,ca|nl|ua|us,eu|na,8.0,,
car,acura,Acura,rlx,Rlx,hatchback,ca|ua|us,eu|na,7.0,,
car,acura,Acura,rsx,Rsx,coupe,ca|fi|nl|ua|us,eu|na,9.0,,
car,acura,Acura,rsx-type-s,Rsx Type S,coupe,ca|nl,eu|na,9.0,,
car,acura,Acura,tl,Tl,sedan,ca|gb|nl|ua|us,eu|na,9.0,,
car,acura,Acura,tlx,Tlx,hatchback,ca|ua|us,eu|na,3.0,,
car,acura,Acura,tlx-type-s,Tlx Type S,hatchback,ca|us,na,,,
car,acura,Acura,tsx,Tsx,sedan,ca|nl|ua|us,eu|na,6.0,,
car,acura,Acura,zdx,Zdx,hatchback,ca|nl|ua|us,eu|na,7.0,,
car,adler,Adler,trumpf-junior,Trumpf Junior,sedan,fi|nl,eu,8.0,,
car,ahorn,Ahorn,van-620,Van 620,hatchback,lu|nl,eu,8.0,,
car,aion,Aion,hyptec-ht-620-premium,Hyptec Ht 620 Premium,hatchback,th,as,2.0,,
car,aion,Aion,ut,Ut,hatchback,es|nl,eu,8.0,,
car,aion,Aion,ut-420-standard,Ut 420 Standard,hatchback,th,as,2.0,,
car,aion,Aion,v,V,hatchback|wagon,es|fi|nl,eu,4.0,,
car,aion,Aion,v-602-luxury,V 602 Luxury,hatchback,th,as,1.0,,
car,aion,Aion,y-plus,Y Plus,hatchback,th,as,2.0,,
car,aiways,Aiways,u5,U5,hatchback,nl|ua,eu,5.0,,
car,aixam,Aixam,500,500,hatchback,gb|nl,eu,9.0,,
car,aixam,Aixam,mac-500,Mac 500,convertible,gb|nl,eu,10.0,,
car,aixam,Aixam,mega,Mega,convertible,gb|nl,eu,8.0,,
car,alfa-romeo,Alfa Romeo,1300,1300,sedan,nl|nz,eu|oc,7.0,,
car,alfa-romeo,Alfa Romeo,145,145,hatchback,fi|gb|nl|nz|ua,eu|oc,6.0,,
car,alfa-romeo,Alfa Romeo,146,146,hatchback,gb|nl|nz,eu|oc,5.0,,
car,alfa-romeo,Alfa Romeo,147,147,hatchback,es|fi|gb|lu|nl|nz|ua,eu|oc,3.0,,car/alfa-romeo/alfa147
car,alfa-romeo,Alfa Romeo,155,155,sedan,fi|gb|lu|nl|nz|ua,eu|oc,6.0,,car/alfa-romeo/alfa155
car,alfa-romeo,Alfa Romeo,156,156,sedan|wagon,es|fi|gb|lu|nl|nz|ua,eu|oc,4.0,,car/alfa-romeo/156-berlina|car/alfa-romeo/156-crosswagon|car/alfa-romeo/156-sport-wagon
car,alfa-romeo,Alfa Romeo,159,159,sedan|wagon,es|fi|gb|nl|nz|ua,eu|oc,3.0,,
car,alfa-romeo,Alfa Romeo,159-sw,159 SW,hatchback|wagon,es|nl,eu,6.0,,car/alfa-romeo/159sw
car,alfa-romeo,Alfa Romeo,1600,1600,sedan,nl|nz,eu|oc,8.0,,
car,alfa-romeo,Alfa Romeo,1600-spider-junior,1600 Spider Junior,convertible,es|nl,eu,7.0,,
car,alfa-romeo,Alfa Romeo,164,164,sedan,fi|gb|lu|nl|nz|ua|us,eu|na|oc,6.0,,
car,alfa-romeo,Alfa Romeo,166,166,sedan,fi|gb|lu|nl|nz|ua,eu|oc,5.0,,car/alfa-romeo/alfa166
car,alfa-romeo,Alfa Romeo,1750,1750,coupe,gb|nl|nz,eu|oc,7.0,,
car,alfa-romeo,Alfa Romeo,1750-berlina,1750 Berlina,sedan,nl|nz,eu|oc,6.0,,car/alfa-romeo/berlina-1750
car,alfa-romeo,Alfa Romeo,1750-gtv,1750 GTV,coupe,fi|nl|nz,eu|oc,5.0,,car/alfa-romeo/1750-gt-veloce|car/alfa-romeo/1750gtv|car/alfa-romeo/gtv-1750|car/alfa-romeo/gtv1750
car,alfa-romeo,Alfa Romeo,1750-spider,1750 Spider,convertible,my|nl|nz,as|eu|oc,7.0,,
car,alfa-romeo,Alfa Romeo,1900-css,1900 Css,coupe,es|nl,eu,7.0,,
car,alfa-romeo,Alfa Romeo,2000,2000,coupe,gb|nl|nz,eu|oc,5.0,,
car,alfa-romeo,Alfa Romeo,2000-berlina,2000 Berlina,sedan,nl|nz,eu|oc,5.0,,car/alfa-romeo/berlina-2000
car,alfa-romeo,Alfa Romeo,2000-gtv,2000 GTV,coupe,fi|nl|nz,eu|oc,5.0,,car/alfa-romeo/2000-gt-veloce|car/alfa-romeo/2000gtv
car,alfa-romeo,Alfa Romeo,2000-spider,2000 Spider,convertible,nl|nz,eu|oc,7.0,,
car,alfa-romeo,Alfa Romeo,2000-spider-veloce,2000 Spider Veloce,convertible,fi|nl|nz,eu|oc,6.0,,
car,alfa-romeo,Alfa Romeo,2600,2600,convertible,nl|nz,eu|oc,7.0,,
car,alfa-romeo,Alfa Romeo,2600-spider,2600 Spider,convertible,fi|nl,eu,6.0,,
car,alfa-romeo,Alfa Romeo,2600-sprint,2600 Sprint,coupe,fi|nl|nz,eu|oc,7.0,,
car,alfa-romeo,Alfa Romeo,33,33,hatchback,fi|gb|lu|nl|nz|ua,eu|oc,6.0,,car/alfa-romeo/33-giardinetta
car,alfa-romeo,Alfa Romeo,4c,4C,coupe,ca|es|gb|lu|nl|nz|us,eu|na|oc,6.0,,
car,alfa-romeo,Alfa Romeo,6c,6C,coupe,nl|nz,eu|oc,9.0,,
car,alfa-romeo,Alfa Romeo,75,75,sedan,fi|gb|nl|nz,eu|oc,5.0,,car/alfa-romeo/75-twin-spark
car,alfa-romeo,Alfa Romeo,8c,8C,coupe,gb|lu|nl|nz,eu|oc,7.0,,
car,alfa-romeo,Alfa Romeo,90,90,sedan,gb|nl|nz,eu|oc,7.0,,
car,alfa-romeo,Alfa Romeo,alfa-6,Alfa 6,sedan,gb|nl|nz,eu|oc,7.0,,
car,alfa-romeo,Alfa Romeo,alfasud,Alfasud,hatchback,gb|nl|nz,eu|oc,5.0,,car/alfa-romeo/sud
car,alfa-romeo,Alfa Romeo,alfasud-sprint,Alfasud Sprint,hatchback,nl|nz,eu|oc,8.0,,
car,alfa-romeo,Alfa Romeo,alfasud-ti,Alfasud Ti,sedan,fi|nl|nz,eu|oc,7.0,,
car,alfa-romeo,Alfa Romeo,alfetta,Alfetta,sedan,fi|gb|lu|nl|nz|ua,eu|oc,6.0,,
car,alfa-romeo,Alfa Romeo,alfetta-gt,Alfetta GT,coupe,fi|nl|nz,eu|oc,6.0,,
car,alfa-romeo,Alfa Romeo,alfetta-gtv,Alfetta GTV,coupe,fi|nl|nz,eu|oc,7.0,,
car,alfa-romeo,Alfa Romeo,alfetta-gtv-2000,Alfetta GTV 2000,coupe,nl|nz,eu|oc,9.0,,
car,alfa-romeo,Alfa Romeo,alfetta-gtv6,Alfetta GTV6,coupe,nl|nz,eu|oc,9.0,,
car,alfa-romeo,Alfa Romeo,berlina,Berlina,hatchback,fi|gb|nz,eu|oc,7.0,,
car,alfa-romeo,Alfa Romeo,brera,Brera,coupe,es|fi|gb|nl|nz|ua,eu|oc,5.0,,
car,alfa-romeo,Alfa Romeo,giulia,Giulia,sedan,ca|de|es|fi|gb|ie|lu|my|nl|nz|ua|us,as|eu|na|oc,4.0,,car/alfa-romeo/giulia-quadrifoglio|car/alfa-romeo/gulia
car,alfa-romeo,Alfa Romeo,giulia-1300-ti,Giulia 1300 Ti,sedan,es|nl,eu,5.0,,
car,alfa-romeo,Alfa Romeo,giulia-1600,Giulia 1600,sedan,lu|nl,eu,8.0,,
car,alfa-romeo,Alfa Romeo,giulia-1600-spider,Giulia 1600 Spider,convertible,ar|fi|nl,eu|sa,6.0,,
car,alfa-romeo,Alfa Romeo,giulia-gt-junior,Giulia GT Junior,hatchback,fi|nl,eu,9.0,,
car,alfa-romeo,Alfa Romeo,giulia-sprint-1600,Giulia Sprint 1600,coupe,fi|nl,eu,8.0,,
car,alfa-romeo,Alfa Romeo,giulia-ss,Giulia Ss,coupe,nl|nz,eu|oc,8.0,,
car,alfa-romeo,Alfa Romeo,giulia-super,Giulia Super,sedan,fi|nl|nz,eu|oc,6.0,,car/alfa-romeo/guilia-super
car,alfa-romeo,Alfa Romeo,giulia-super-1600,Giulia Super 1600,hatchback,fi|nl,eu,9.0,,
car,alfa-romeo,Alfa Romeo,giulia-ti,Giulia Ti,sedan,fi|nl,eu,7.0,,
car,alfa-romeo,Alfa Romeo,giulietta,Giulietta,hatchback,es|fi|gb|lu|my|nl|nz|ua,as|eu|oc,3.0,,car/alfa-romeo/giulietta-1|car/alfa-romeo/guilietta
car,alfa-romeo,Alfa Romeo,giulietta-spider,Giulietta Spider,convertible,fi|nl,eu,6.0,,
car,alfa-romeo,Alfa Romeo,giulietta-sprint,Giulietta Sprint,coupe,fi|nl|nz,eu|oc,7.0,,
car,alfa-romeo,Alfa Romeo,giulietta-sprint-speciale,Giulietta Sprint Speciale,coupe,lu|nl,eu,7.0,,
car,alfa-romeo,Alfa Romeo,giulietta-ti,Giulietta Ti,sedan,nl|nz,eu|oc,8.0,,
car,alfa-romeo,Alfa Romeo,gt,GT,coupe,es|fi|gb|lu|nl|nz|ua,eu|oc,4.0,,
car,alfa-romeo,Alfa Romeo,gt-1300-junior,GT 1300 Junior,coupe,fi|lu|nl|nz,eu|oc,6.0,,car/alfa-romeo/1300-gt-junior|car/alfa-romeo/1300gt-junior|car/alfa-romeo/gt1300junior
car,alfa-romeo,Alfa Romeo,gt-junior,GT Junior,coupe,nl|nz,eu|oc,7.0,,
car,alfa-romeo,Alfa Romeo,gt-junior-1600,GT Junior 1600,coupe,es|nl,eu,7.0,,
car,alfa-romeo,Alfa Romeo,gt1300,GT1300,hatchback,nl|nz,eu|oc,9.0,,
car,alfa-romeo,Alfa Romeo,gtv,GTV,coupe,fi|gb|lu|nl|nz|ua|us,eu|na|oc,5.0,,car/alfa-romeo/romeo-gtv
car,alfa-romeo,Alfa Romeo,gtv-2000,GTV 2000,coupe,fi|nl|nz,eu|oc,6.0,,
car,alfa-romeo,Alfa Romeo,gtv6,GTV6,coupe,nl|nz,eu|oc,4.0,,car/alfa-romeo/gtv-6
car,alfa-romeo,Alfa Romeo,junior,Junior,suv,de|es|fi|gb|lu|nl|nz|ua,eu|oc,4.0,,car/alfa-romeo/junior-elettrica
car,alfa-romeo,Alfa Romeo,mito,Mito,hatchback,es|fi|gb|lu|nl|nz|ua,eu|oc,3.0,,
car,alfa-romeo,Alfa Romeo,montreal,Montreal,coupe,ar|fi|gb|my|nl|nz,as|eu|oc|sa,7.0,,
car,alfa-romeo,Alfa Romeo,rz,RZ,convertible,nl|nz,eu|oc,8.0,,
car,alfa-romeo,Alfa Romeo,spider,Spider,convertible,ar|es|fi|gb|lu|nl|nz|ua|us,eu|na|oc|sa,5.0,,car/alfa-romeo/spider-2|car/alfa-romeo/spyder
car,alfa-romeo,Alfa Romeo,spider-1600,Spider 1600,convertible,es|nl,eu,6.0,,
car,alfa-romeo,Alfa Romeo,spider-2000,Spider 2000,convertible,es|fi|nl|nz,eu|oc,8.0,,
car,alfa-romeo,Alfa Romeo,spider-k6,Spider K6,convertible,fi|nl,eu,7.0,,
car,alfa-romeo,Alfa Romeo,spider-veloce,Spider Veloce,convertible,ar|es|nl|nz,eu|oc|sa,7.0,,
car,alfa-romeo,Alfa Romeo,spider-veloce-2000,Spider Veloce 2000,convertible,nl|us,eu|na,7.0,,
car,alfa-romeo,Alfa Romeo,sport-wagon,Sport Wagon,hatchback,es|fi,eu,8.0,,
car,alfa-romeo,Alfa Romeo,sprint,Sprint,hatchback,fi|gb|nl|nz,eu|oc,6.0,,
car,alfa-romeo,Alfa Romeo,sprint-veloce,Sprint Veloce,coupe,nl|nz,eu|oc,9.0,,
car,alfa-romeo,Alfa Romeo,stelvio,Stelvio,suv,ca|de|es|fi|gb|ie|lu|my|nl|nz|ua|us,as|eu|na|oc,4.0,,car/alfa-romeo/stelvio-quadrifoglio
car,alfa-romeo,Alfa Romeo,sz,Sz,coupe,gb|nl|nz,eu|oc,7.0,,
car,alfa-romeo,Alfa Romeo,tonale,Tonale,suv,ca|de|es|fi|gb|lu|nl|nz|ua|us,eu|na|oc,4.0,,
car,alpina,Alpina,b3,B3,sedan|wagon,lu|nl,eu,7.0,,
car,alpina,Alpina,b3-touring,B3 Touring,hatchback|wagon,fi|lu|nl,eu,8.0,,
car,alpina,Alpina,b7,B7,sedan,nl|nz,eu|oc,9.0,,
car,alpina,Alpina,b7-biturbo-allrad,B7 Biturbo Allrad,sedan,lu|nl,eu,9.0,,
car,alpina,Alpina,bmw-alpina-b3-3,Bmw Alpina B3 3,sedan,fi|nl,eu,7.0,,
car,alpina,Alpina,bmw-alpina-b3-biturbo,Bmw Alpina B3 Biturbo,sedan|wagon,fi|nl,eu,5.0,,
car,alpina,Alpina,bmw-alpina-b3-gt,Bmw Alpina B3 GT,sedan,es|nl,eu,9.0,,
car,alpina,Alpina,bmw-alpina-b3-touring,Bmw Alpina B3 Touring,hatchback|wagon,es|nl,eu,6.0,,
car,alpina,Alpina,bmw-alpina-b5-touring,Bmw Alpina B5 Touring,hatchback|wagon,lu|nl,eu,8.0,,
car,alpina,Alpina,bmw-alpina-d3,Bmw Alpina D3,sedan,fi|nl,eu,7.0,,
car,alpina,Alpina,bmw-alpina-d3-biturbo,Bmw Alpina D3 Biturbo,hatchback|wagon,fi|nl,eu,7.0,,
car,alpina,Alpina,bmw-alpina-d3-biturbo-touring-allrad,Bmw Alpina D3 Biturbo Touring Allrad,hatchback|wagon,fi|nl,eu,7.0,,
car,alpina,Alpina,bmw-alpina-d5-biturbo-touring,Bmw Alpina D5 Biturbo Touring,hatchback|wagon,fi|nl,eu,7.0,,
car,alpina,Alpina,bmw-alpina-roadster-s,Bmw Alpina Roadster S,convertible,es|nl,eu,8.0,,
car,alpina,Alpina,bmw-alpina-xd3-biturbo,Bmw Alpina XD3 Biturbo,hatchback|wagon,es|fi|nl,eu,7.0,,
car,alpine,Alpine,a106,A106,coupe,lu|nl,eu,9.0,,
car,alpine,Alpine,a110,A110,coupe,de|es|fi|gb|lu|nl|nz,eu|oc,5.0,,
car,alpine,Alpine,a110r,A110R,coupe,es|lu|nl,eu,7.0,,
car,alpine,Alpine,a290,A290,hatchback,de|es|lu|nl,eu,3.0,,
car,alpine,Alpine,a290-gt-ev,A290 GT EV,hatchback,gb,eu,4.0,,
car,alpine,Alpine,a310,A310,coupe,fi|nl,eu,7.0,,car/renault-alpine/a310
car,alpine,Alpine,a390,A390,hatchback,de|es|gb|lu|nl,eu,7.0,,
car,alvis,Alvis,firefly,Firefly,convertible,nl|nz,eu|oc,8.0,,
car,alvis,Alvis,silver-eagle,Silver Eagle,convertible,nl|nz,eu|oc,8.0,,
car,alvis,Alvis,speed-20,Speed 20,convertible,nl|nz,eu|oc,8.0,,
car,alvis,Alvis,speed-20-sc,Speed 20 Sc,convertible,nl|nz,eu|oc,9.0,,
car,alvis,Alvis,sports,Sports,convertible,nl|nz,eu|oc,9.0,,
car,alvis,Alvis,ta14,TA14,sedan,nl|nz,eu|oc,7.0,,
car,alvis,Alvis,ta21,TA21,sedan,nl|nz,eu|oc,7.0,,
car,alvis,Alvis,tc21,TC21,sedan,nl|nz,eu|oc,7.0,,car/alvis/tc-21
car,alvis,Alvis,tc21-100,TC21/100,sedan,nl|nz,eu|oc,7.0,,
car,alvis,Alvis,td21,TD21,coupe,fi|nl|nz,eu|oc,7.0,,
car,am-general,Am General,hummer,Hummer,convertible,nl|nz,eu|oc,6.0,,
car,amc,AMC,ambassador,Ambassador,sedan,fi|nl|nz,eu|oc,9.0,,
car,amc,AMC,amx,Amx,coupe,nl|nz,eu|oc,7.0,,
car,amc,AMC,cj7,CJ7,convertible,nl|nz,eu|oc,9.0,,
car,amc,AMC,eagle,Eagle,hatchback|wagon,nl|nz,eu|oc,7.0,,
car,amc,AMC,gremlin,Gremlin,hatchback,nl|nz,eu|oc,9.0,,
car,amc,AMC,javelin,Javelin,coupe,fi|nl|nz,eu|oc,6.0,,
car,amc,AMC,javelin-sst,Javelin Sst,hatchback,fi|nz,eu|oc,9.0,,
car,amc,AMC,marlin,Marlin,coupe,nl|nz,eu|oc,8.0,,
car,amc,AMC,pacer,Pacer,hatchback,fi|nl|nz,eu|oc,8.0,,
car,amc,AMC,wrangler,Wrangler,convertible,nl|nz,eu|oc,9.0,,
car,american,American,amx,Amx,hatchback,fi|nz,eu|oc,8.0,,
car,american,American,rambler,Rambler,hatchback,fi|nz,eu|oc,9.0,,
car,amphicar,Amphicar,770,770,convertible,fi|nl,eu,6.0,,
car,armstrong-siddeley,Armstrong Siddeley,lancaster,Lancaster,sedan,nl|nz,eu|oc,9.0,,
car,armstrong-siddeley,Armstrong Siddeley,saphire,Saphire,hatchback,nl|nz,eu|oc,9.0,,
car,armstrong-siddeley,Armstrong Siddeley,sapphire,Sapphire,sedan,nl|nz,eu|oc,5.0,,
car,armstrong-siddeley,Armstrong Siddeley,sapphire-346,Sapphire 346,sedan,fi|nl|nz,eu|oc,7.0,,
car,armstrong-siddeley,Armstrong Siddeley,star-sapphire,Star Sapphire,sedan,nl|nz,eu|oc,7.0,,
car,armstrong-siddeley,Armstrong Siddeley,typhoon,Typhoon,coupe,nl|nz,eu|oc,8.0,,
car,armstrong-siddeley,Armstrong Siddeley,whitley,Whitley,sedan,nl|nz,eu|oc,7.0,,
car,aston-martin,Aston Martin,cygnet,Cygnet,hatchback,gb|nl,eu,6.0,,
car,aston-martin,Aston Martin,db-ar1,Db AR1,convertible,nl|us,eu|na,7.0,,
car,aston-martin,Aston Martin,db1,DB1,convertible,gb|nl,eu,8.0,,
car,aston-martin,Aston Martin,db11,DB11,coupe,ca|es|fi|gb|lu|my|nl|nz|ua|us,as|eu|na|oc,6.0,,car/aston-martin/db11-amr|car/aston-martin/db11-v12|car/aston-martin/db11-v8|car/aston-martin/db11-volante
car,aston-martin,Aston Martin,db12,DB12,convertible,ca|es|lu|my|nl|th|ua|us,as|eu|na,6.0,,car/aston-martin/db12-s|car/aston-martin/db12-s-volante|car/aston-martin/db12-v8|car/aston-martin/db12-volante
car,aston-martin,Aston Martin,db2,DB2,coupe,fi|gb|lu|nl|nz,eu|oc,6.0,,
car,aston-martin,Aston Martin,db2-4,DB2/4,coupe,fi|gb|nl,eu,7.0,,car/aston-martin/db-2-4-mark
car,aston-martin,Aston Martin,db4,DB4,coupe,fi|gb|nl|nz,eu|oc,7.0,,
car,aston-martin,Aston Martin,db5,DB5,coupe,gb|nl|nz,eu|oc,6.0,,
car,aston-martin,Aston Martin,db6,DB6,coupe,fi|gb|my|nl|nz,as|eu|oc,7.0,,
car,aston-martin,Aston Martin,db7,DB7,coupe,fi|gb|nl|nz|us,eu|na|oc,5.0,,car/aston-martin/db7-vantage|car/aston-martin/db7-volante
car,aston-martin,Aston Martin,db9,DB9,coupe,ca|es|fi|gb|lu|nl|nz|ua|us,eu|na|oc,5.0,,car/aston-martin/db-9|car/aston-martin/db9-gt|car/aston-martin/db9-volante
car,aston-martin,Aston Martin,dbs,Dbs,coupe,ca|es|fi|gb|lu|nl|nz|th|us,as|eu|na|oc,6.0,,car/aston-martin/dbs-770-ultimate|car/aston-martin/dbs-superleggera
car,aston-martin,Aston Martin,dbx,Dbx,hatchback,ca|es|gb|lu|my|nl|nz|ua|us,as|eu|na|oc,5.0,,car/aston-martin/dbx-v8
car,aston-martin,Aston Martin,dbx-s,Dbx S,hatchback,ca|es|gb|lu|nl|ua,eu|na,8.0,,
car,aston-martin,Aston Martin,dbx707,DBX707,hatchback,ca|es|lu|nl|th|ua|us,as|eu|na,5.0,,car/aston-martin/dbx-707
car,aston-martin,Aston Martin,lagonda,Lagonda,sedan,gb|nl|nz|us,eu|na|oc,6.0,,
car,aston-martin,Aston Martin,rapide,Rapide,hatchback,ca|es|fi|gb|lu|nl|nz|th|ua|us,as|eu|na|oc,7.0,,car/aston-martin/rapide-amr|car/aston-martin/rapide-s
car,aston-martin,Aston Martin,speedster,Speedster,convertible,gb|nl|nz,eu|oc,8.0,,
car,aston-martin,Aston Martin,v8,V8,coupe,fi|gb|nl|nz|us,eu|na|oc,5.0,,car/aston-martin/amv8|car/aston-martin/v8-volante|car/aston-martin/volante
car,aston-martin,Aston Martin,valhalla,Valhalla,coupe,ca|gb|lu|nl|us,eu|na,9.0,,
car,aston-martin,Aston Martin,valkyrie,Valkyrie,coupe,gb|nl,eu,9.0,,
car,aston-martin,Aston Martin,valour,Valour,hatchback,ca|gb|my|us,as|eu|na,9.0,,
car,aston-martin,Aston Martin,vanquish,Vanquish,coupe,ca|es|gb|lu|my|nl|nz|ua|us,as|eu|na|oc,5.0,,car/aston-martin/v12-vanquish|car/aston-martin/v12-vanquish-s|car/aston-martin/vanquish-s|car/aston-martin/vanquish-volante|car/aston-martin/vanquish-zagato
car,aston-martin,Aston Martin,vantage,Vantage,hatchback,ca|es|fi|gb|lu|my|nl|nz|th|ua|us,as|eu|na|oc,4.0,,car/aston-martin/v12-vantage|car/aston-martin/v12-vantage-roadster|car/aston-martin/v12-vantage-s|car/aston-martin/v12-vantage-s-roadster|car/aston-martin/v8-vantage|car/aston-martin/v8-vantage-amr|car/aston-martin/v8-vantage-s|car/aston-martin/vantage-f1-edition|car/aston-martin/vantage-gt|car/aston-martin/vantage-roadster|car/aston-martin/vantage-roadster-f1-edition|car/aston-martin/vantage-s|car/aston-martin/vantage-v8
car,aston-martin,Aston Martin,virage,Virage,coupe,ca|fi|gb|nl|nz|us,eu|na|oc,6.0,,car/aston-martin/virage-volante
car,aston-martin,Aston Martin,zagato,Zagato,hatchback,gb|nz,eu|oc,9.0,,
car,auburn,Auburn,851,851,convertible,nl|nz,eu|oc,7.0,,
car,audi,Audi,100,100,sedan,fi|gb|nl|nz|ua|us,eu|na|oc,3.0,,car/audi/100-cc
car,audi,Audi,200,200,sedan,fi|gb|nl|nz|ua|us,eu|na|oc,6.0,,car/audi/200-turbo
car,audi,Audi,4000,4000,hatchback,fi|us,eu|na,8.0,,
car,audi,Audi,5000,5000,sedan|wagon,nl|nz|us,eu|na|oc,8.0,,car/audi/5000-cs-turbo|car/audi/5000-s|car/audi/5000s
car,audi,Audi,60,60,sedan,fi|gb|nl,eu,8.0,,
car,audi,Audi,80,80,sedan,fi|gb|lu|nl|nz|ua|us,eu|na|oc,3.0,,car/audi/80-gt|car/audi/80-s|car/audi/81
car,audi,Audi,90,90,sedan,ca|fi|gb|nl|nz|ua|us,eu|na|oc,5.0,,
car,audi,Audi,a1,A1,hatchback|wagon,ar|de|es|fi|gb|ie|lu|nl|nz|ua,eu|oc|sa,2.0,,
car,audi,Audi,a2,A2,hatchback,es|fi|gb|lu|nl|nz|ua,eu|oc,4.0,,car/audi/a-2
car,audi,Audi,a3,A3,hatchback,ar|ca|de|es|fi|gb|ie|lu|my|nl|nz|th|ua|us,as|eu|na|oc|sa,2.0,,car/audi/a-3
car,audi,Audi,a4,A4,sedan|wagon,ar|ca|de|es|fi|gb|ie|lu|my|nl|nz|th|ua|us,as|eu|na|oc|sa,4.0,,car/audi/a-4
car,audi,Audi,a5,A5,coupe,ar|ca|de|es|fi|gb|ie|lu|my|nl|nz|th|ua|us,as|eu|na|oc|sa,2.0,,car/audi/a-5
car,audi,Audi,a6,A6,sedan|wagon,ca|de|es|fi|gb|ie|lu|my|nl|nz|th|ua|us,as|eu|na|oc,2.0,,car/audi/a-6|car/audi/audia6
car,audi,Audi,a7,A7,sedan,ca|de|es|fi|gb|ie|lu|my|nl|nz|th|ua|us,as|eu|na|oc,4.0,,
car,audi,Audi,a8,A8,sedan,ca|de|es|fi|gb|ie|lu|my|nl|nz|th|ua|us,as|eu|na|oc,4.0,,car/audi/a-8
car,audi,Audi,ai,Ai,hatchback,es|ua,eu,8.0,,
car,audi,Audi,allroad,Allroad,hatchback|wagon,ca|fi|gb|lu|nl|nz|ua|us,eu|na|oc,4.0,,
car,audi,Audi,cabriolet,Cabriolet,convertible,ca|fi|gb|nl|nz|us,eu|na|oc,4.0,,car/audi/cabriolet-2
car,audi,Audi,coupe,Coupe,coupe,fi|gb|lu|nl|nz|ua|us,eu|na|oc,5.0,,car/audi/coupe-gt|car/audi/gt
car,audi,Audi,e-tron,e-tron,suv,ca|es|fi|gb|ie|lu|my|nl|nz|th|ua|us,as|eu|na|oc,3.0,,
car,audi,Audi,e-tron-gt,e-tron GT,hatchback,ca|de|es|fi|lu|nl|nz|th|ua|us,as|eu|na|oc,4.0,,
car,audi,Audi,q2,Q2,suv,ar|de|es|fi|gb|ie|lu|nl|nz|ua,eu|oc|sa,3.0,,
car,audi,Audi,q3,Q3,suv,ar|ca|de|es|fi|gb|ie|lu|my|nl|nz|th|ua|us,as|eu|na|oc|sa,2.0,,
car,audi,Audi,q4,Q4,suv,ca|de|es|fi|gb|lu|nl|nz|ua|us,eu|na|oc,2.0,,
car,audi,Audi,q5,Q5,suv,ar|ca|de|es|fi|gb|ie|lu|my|nl|nz|th|ua|us,as|eu|na|oc|sa,2.0,,car/audi/audi-q5|car/audi/q-5
car,audi,Audi,q6,Q6,suv,de|es|fi|gb|ie|lu|nl|nz|ua|us,eu|na|oc,3.0,,
car,audi,Audi,q7,Q7,suv,ar|ca|de|es|fi|gb|ie|lu|my|nl|nz|th|ua|us,as|eu|na|oc|sa,3.0,,
car,audi,Audi,q8,Q8,suv,ar|ca|de|es|fi|gb|ie|lu|my|nl|nz|th|ua|us,as|eu|na|oc|sa,3.0,,
car,audi,Audi,quattro,Quattro,coupe,fi|gb|lu|nl|nz|us,eu|na|oc,5.0,,car/audi/ur
car,audi,Audi,r8,R8,coupe,ca|es|fi|gb|lu|my|nl|nz|th|ua|us,as|eu|na|oc,5.0,,
car,audi,Audi,rs-e-tron-gt,RS E-Tron GT,hatchback,ca|es|fi|lu|my|nl|th|ua|us,as|eu|na,5.0,,car/audi/rs-e-tron-gt-performance
car,audi,Audi,rs2,RS2,hatchback|wagon,fi|gb|nl|nz,eu|oc,8.0,,car/audi/avant-rs2
car,audi,Audi,rs3,RS3,hatchback,ar|ca|es|fi|gb|lu|my|nl|nz|th|ua|us,as|eu|na|oc|sa,4.0,,
car,audi,Audi,rs4,RS4,hatchback|wagon,ca|es|fi|gb|lu|my|nl|nz|th|ua|us,as|eu|na|oc,5.0,,car/audi/quattro-rs4
car,audi,Audi,rs5,RS5,coupe,ca|es|fi|gb|lu|my|nl|nz|th|ua|us,as|eu|na|oc,4.0,,
car,audi,Audi,rs6,RS6,wagon,ca|es|fi|gb|lu|my|nl|nz|th|ua|us,as|eu|na|oc,3.0,,
car,audi,Audi,rs7,RS7,hatchback,ca|es|fi|gb|lu|my|nl|th|ua|us,as|eu|na,6.0,,
car,audi,Audi,rsq3,RSQ3,hatchback|wagon,es|fi|gb|lu|my|nl|nz|th|ua,as|eu|oc,4.0,,
car,audi,Audi,rsq8,RSQ8,hatchback,ca|es|fi|gb|lu|my|nl|nz|th|ua|us,as|eu|na|oc,4.0,,
car,audi,Audi,s-e-tron-gt,S E-Tron GT,hatchback,fi|lu|nl|us,eu|na,5.0,,
car,audi,Audi,s1,S1,hatchback|wagon,es|fi|gb|lu|nl|nz|ua,eu|oc,5.0,,
car,audi,Audi,s2,S2,coupe,fi|nl|nz,eu|oc,8.0,,
car,audi,Audi,s3,S3,hatchback,ar|ca|es|fi|gb|lu|my|nl|nz|th|ua|us,as|eu|na|oc|sa,3.0,,
car,audi,Audi,s4,S4,hatchback|wagon,ca|es|fi|gb|lu|nl|nz|ua|us,eu|na|oc,3.0,,
car,audi,Audi,s5,S5,convertible,ca|es|fi|gb|ie|lu|my|nl|nz|ua|us,as|eu|na|oc,4.0,,
car,audi,Audi,s6,S6,hatchback|wagon,ca|es|fi|gb|lu|nl|nz|ua|us,eu|na|oc,3.0,,car/audi/avant-s6
car,audi,Audi,s7,S7,hatchback,ca|es|fi|gb|lu|my|nl|nz|ua|us,as|eu|na|oc,5.0,,
car,audi,Audi,s8,S8,sedan,ca|es|fi|gb|lu|my|nl|nz|ua|us,as|eu|na|oc,4.0,,
car,audi,Audi,sq2,SQ2,suv,es|fi|gb|lu|nl|nz,eu|oc,5.0,,
car,audi,Audi,sq5,SQ5,suv,ar|ca|es|fi|gb|lu|my|nl|nz|ua|us,as|eu|na|oc|sa,3.0,,
car,audi,Audi,sq6,SQ6,suv,ca|es|fi|gb|lu|nl|ua|us,eu|na,5.0,,
car,audi,Audi,sq7,SQ7,suv,ca|es|fi|gb|lu|nl|nz|ua|us,eu|na|oc,4.0,,
car,audi,Audi,sq8,SQ8,suv,ca|es|fi|gb|lu|my|nl|nz|ua|us,as|eu|na|oc,4.0,,
car,audi,Audi,tt,TT,coupe,ca|es|fi|gb|lu|my|nl|nz|th|ua|us,as|eu|na|oc,2.0,,
car,audi,Audi,tts,TTS,coupe,ca|es|fi|gb|lu|nl|ua|us,eu|na,4.0,,
car,audi,Audi,v8,V8,sedan,es|fi|gb|nl|nz|ua|us,eu|na|oc,8.0,,
car,austin-healey,Austin-Healey,100,100,convertible,es|fi|lu|nl|nz,eu|oc,7.0,,car/austin/healey-100|car/austin/healey-100-4
car,austin-healey,Austin-Healey,100-6,100-6,convertible,fi|nl|nz,eu|oc,4.0,,car/austin/healey-100-6
car,austin-healey,Austin-Healey,3000,3000,convertible,ar|es|fi|lu|nl|nz,eu|oc|sa,6.0,,car/austin-healey/3000-mark|car/austin-healey/3000-mk|car/austin-healey/3000-mk-2|car/austin-healey/3000-mk1|car/austin-healey/3000-mk2|car/austin-healey/3000-mkii|car/austin-healey/mk|car/austin/3000|car/austin/healey-3000|car/austin/healey-3000-mk|car/austin/healey-3000-mk-111|car/austin/healey-3000-mk-i|car/austin/healey-3000-mk111|car/austin/healey-3000-mkiii|car/austin/healey-mk|car/austin/healey3000|car/austin/healy-3000-mark|car/austin/healy-mk3|car/austin/mark
car,austin-healey,Austin-Healey,sprite,Sprite,convertible,ar|es|fi|nl|nz,eu|oc|sa,5.0,,car/austin-healey/healey-sprite|car/austin-healey/sprite-mark-1|car/austin-healey/sprite-mk|car/austin-healey/sprite-mk-i|car/austin/healey-sprite|car/austin/healey-sprite-mark|car/austin/healey-sprite-mk1|car/austin/healy-sprite
car,austin-morris,Austin-Morris,mini,Mini,hatchback,gb,eu,3.0,,
car,austin,Austin,10,10,sedan,nl|nz,eu|oc,4.0,,car/austin/10-lichfield|car/austin/10-sherborne|car/austin/ten|car/austin/ten-four
car,austin,Austin,10-hp,10 Hp,sedan,nl|nz,eu|oc,9.0,,
car,austin,Austin,1100,1100,sedan,fi|gb|nl|nz,eu|oc,6.0,,
car,austin,Austin,12,12,sedan,nl|nz,eu|oc,6.0,,
car,austin,Austin,12-4-ascot,12 / 4 Ascot,sedan,nl|nz,eu|oc,8.0,,
car,austin,Austin,12-4-clifton,12/4 Clifton,hatchback,nl|nz,eu|oc,9.0,,
car,austin,Austin,1300,1300,sedan,gb|nl|nz,eu|oc,5.0,,car/austin/1300-gt
car,austin,Austin,14,14,hatchback,nl|nz,eu|oc,8.0,,car/austin/goodwood
car,austin,Austin,16,16,sedan,nl|nz,eu|oc,5.0,,car/austin/sixteen|car/austin/york
car,austin,Austin,1800,1800,sedan,fi|gb|nl|nz,eu|oc,7.0,,
car,austin,Austin,2200,2200,sedan,gb|nl|nz,eu|oc,7.0,,
car,austin,Austin,3-litre,3 Litre,hatchback,gb|nz,eu|oc,7.0,,
car,austin,Austin,a-90,A-90,hatchback,nl|nz,eu|oc,9.0,,
car,austin,Austin,a10,A10,hatchback,nl|nz,eu|oc,9.0,,
car,austin,Austin,a30,A30,sedan,fi|gb|nl|nz,eu|oc,4.0,,car/austin/a-30|car/austin/a30-seven
car,austin,Austin,a35,A35,sedan,fi|gb|nl|nz,eu|oc,4.0,,car/austin/a-35
car,austin,Austin,a40,A40,sedan,fi|gb|nl|nz,eu|oc,4.0,,car/austin/a-40|car/austin/a40-devon|car/austin/a40-somerset|car/austin/devon
car,austin,Austin,a50,A50,sedan,gb|nl|nz,eu|oc,6.0,,car/austin/a-50|car/austin/a50-cambridge
car,austin,Austin,a55,A55,hatchback,gb|nl|nz,eu|oc,7.0,,
car,austin,Austin,a60,A60,hatchback|wagon,gb|nl|nz,eu|oc,7.0,,
car,austin,Austin,a90-atlantic,A90 Atlantic,convertible,nl|nz,eu|oc,9.0,,
car,austin,Austin,allegro,Allegro,sedan,fi|gb|nl|nz,eu|oc,6.0,,car/austin/allegro-1300|car/austin/allegro-1500
car,austin,Austin,ambassador,Ambassador,hatchback,gb|nz,eu|oc,9.0,,
car,austin,Austin,ascot,Ascot,sedan,nl|nz,eu|oc,8.0,,
car,austin,Austin,ascot-12-4,Ascot 12/4,hatchback,nl|nz,eu|oc,9.0,,
car,austin,Austin,big-seven,Big Seven,sedan,nl|nz,eu|oc,6.0,,
car,austin,Austin,cambridge,Cambridge,sedan,fi|nl|nz,eu|oc,6.0,,
car,austin,Austin,champ,Champ,convertible,fi|nl|nz,eu|oc,7.0,,
car,austin,Austin,clifton,Clifton,hatchback,nl|nz,eu|oc,8.0,,
car,austin,Austin,countryman,Countryman,hatchback,nl|nz,eu|oc,8.0,,
car,austin,Austin,eight,Eight,hatchback,nl|nz,eu|oc,5.0,,
car,austin,Austin,fx4,FX4,sedan|wagon,gb|nl|nz|ua,eu|oc,7.0,,car/austin/london-taxi|car/austin/taxi|car/austin/taxi-hire-car-a
car,austin,Austin,gipsy,Gipsy,hatchback|wagon,nl|nz,eu|oc,7.0,,
car,austin,Austin,healey,Healey,convertible,fi|gb|nl|nz,eu|oc,5.0,,
car,austin,Austin,healy,Healy,convertible,nl|nz,eu|oc,6.0,,
car,austin,Austin,jeep,Jeep,convertible,nl|nz,eu|oc,7.0,,
car,austin,Austin,maestro,Maestro,hatchback,gb|nl,eu,6.0,,
car,austin,Austin,maxi,Maxi,hatchback,gb|nz,eu|oc,5.0,,
car,austin,Austin,metro,Metro,hatchback,gb|nl|nz,eu|oc,7.0,,
car,austin,Austin,metropolitan,Metropolitan,hatchback,gb|nl|nz,eu|oc,8.0,,car/austin/nash
car,austin,Austin,mini,Mini,hatchback,fi|gb|lu|my|nl|nz,as|eu|oc,5.0,,car/austin/850|car/austin/mini-1000|car/austin/mini-850|car/austin/mini-mayfair|car/austin/mini-mk|car/austin/mini-mk-2|car/austin/mini-mk2|car/austin/mini-mkii
car,austin,Austin,mini-1275-gt,Mini 1275 GT,sedan,nl|nz,eu|oc,8.0,,
car,austin,Austin,mini-clubman,Mini Clubman,hatchback|wagon,fi|nl|nz,eu|oc,4.0,,car/austin/clubman
car,austin,Austin,mini-cooper,Mini Cooper,hatchback,fi|nl|nz,eu|oc,6.0,,car/austin/cooper
car,austin,Austin,mini-cooper-s,Mini Cooper S,sedan,nl|nz,eu|oc,5.0,,car/austin/cooper-s
car,austin,Austin,mini-moke,Mini Moke,convertible,lu|nl|nz,eu|oc,7.0,,car/austin/moke
car,austin,Austin,mini-traveller,Mini Traveller,hatchback|wagon,es|nl,eu,9.0,,
car,austin,Austin,mini-van,Mini Van,hatchback|wagon,nl|nz,eu|oc,9.0,,
car,austin,Austin,montego,Montego,hatchback|wagon,gb|nl|nz,eu|oc,7.0,,
car,austin,Austin,princess,Princess,sedan,gb|lu|nl|nz,eu|oc,7.0,,
car,austin,Austin,princess-1100,Princess 1100,sedan,nl|nz,eu|oc,9.0,,
car,austin,Austin,rover-mini,Rover Mini,sedan,nl|nz,eu|oc,9.0,,
car,austin,Austin,seven,Seven,convertible,fi|gb|nl|nz,eu|oc,4.0,,car/austin/a7|car/austin/box|car/austin/chummy|car/austin/nippy|car/austin/ruby|car/austin/ruby-7|car/austin/seven-1935|car/austin/seven-opal|car/austin/seven-ruby|car/austin/ulster
car,austin,Austin,sheerline,Sheerline,convertible,nl|nz,eu|oc,6.0,,
car,austin,Austin,sprite,Sprite,convertible,gb|nl|nz,eu|oc,5.0,,
car,austin,Austin,sprite-mk,Sprite Mk,convertible,fi|nl,eu,7.0,,
car,austin,Austin,westminster,Westminster,sedan,gb|nl|nz,eu|oc,6.0,,car/austin/a105|car/austin/a110|car/austin/a95|car/austin/a99|car/austin/six
car,auto-union,Auto Union,1000,1000,sedan,nl|nz,eu|oc,7.0,,
car,auto-union,Auto-Union,1000-s,1000-S,coupe,fi|nl|nz,eu|oc,6.0,,car/auto-union/1000s
car,auto-union,Auto Union,1000sp,1000SP,coupe,nl|nz,eu|oc,9.0,,
car,auto-union,Auto Union,audi,Audi,convertible,nl|nz,eu|oc,5.0,,
car,auto-union,Auto-Union,audi-100,Audi 100,sedan,fi|nl,eu,5.0,,
car,auto-union,Auto Union,audi-100gl,Audi 100GL,sedan,nl|nz,eu|oc,7.0,,
car,auto-union,Auto-Union,audi-60,Audi 60,sedan,fi|nl,eu,7.0,,
car,auto-union,Auto Union,audi-80,Audi 80,sedan,nl,eu,1.0,,
car,auto-union,Auto Union,dkw,Dkw,coupe,nl|nz,eu|oc,8.0,,
car,auto-union,Auto-Union,dkw-munga,Dkw Munga,convertible,fi|nl,eu,7.0,,
car,baic,BAIC,bj30,BJ30,hatchback|wagon,ar|lu|nl,eu|sa,7.0,,
car,baic,BAIC,bj30e,BJ30E,hatchback,ar|lu,eu|sa,2.0,,
car,baic,BAIC,bj40,BJ40,hatchback,ar|my,as|sa,5.0,,
car,baic,BAIC,bj60,BJ60,hatchback,ar|lu,eu|sa,7.0,,
car,baic,BAIC,x35,X35,hatchback,ar|lu,eu|sa,4.0,,
car,baic,BAIC,x55,X55,hatchback,ar|es|lu|my|nz,as|eu|oc|sa,4.0,,
car,baic,BAIC,x7,X7,hatchback,es|lu,eu,7.0,,
car,barkas,Barkas,b1000,B1000,hatchback|wagon,fi|nl|ua,eu,7.0,,car/barkas/b-1000
car,beauford,Beauford,open,Open,convertible,es|nl,eu,9.0,,
car,beauford,Beauford,series-3,Series 3,hatchback,es|nl,eu,9.0,,
car,bedford,Bedford,ca,Ca,hatchback,nl|nz,eu|oc,9.0,,
car,bedford,Bedford,cf,CF,hatchback|wagon,nl|nz,eu|oc,7.0,,
car,bedford,Bedford,cf250,CF250,hatchback,nl|nz,eu|oc,9.0,,
car,bedford,Bedford,dormobile,Dormobile,hatchback,nl|nz,eu|oc,9.0,,
car,bentley,Bentley,2-axle-rigid-body,2-Axle-Rigid Body,sedan,fi|nl,eu,7.0,,
car,bentley,Bentley,3-litre,3 Litre,convertible,nl|nz,eu|oc,7.0,,
car,bentley,Bentley,arnage,Arnage,sedan,ca|fi|gb|nl|nz|ua|us,eu|na|oc,6.0,,car/bentley/arnage-lwb|car/bentley/arnage-rl
car,bentley,Bentley,azure,Azure,convertible,ca|es|gb|nl|nz|ua|us,eu|na|oc,7.0,,
car,bentley,Bentley,bentayga,Bentayga,hatchback|wagon,ca|de|es|fi|gb|lu|my|nl|nz|th|ua|us,as|eu|na|oc,5.0,,car/bentley/bentayga-azure|car/bentley/bentayga-ewb|car/bentley/bentayga-s|car/bentley/bentayga-s-v8|car/bentley/bentayga-speed|car/bentley/bentayga-v8|car/bentley/bentayga-w12
car,bentley,Bentley,brooklands,Brooklands,sedan,ca|fi|gb|nl|nz|ua|us,eu|na|oc,6.0,,car/bentley/brooklands-lwb|car/bentley/brooklands-r
car,bentley,Bentley,continental,Continental,convertible,ca|de|es|gb|lu|nl|nz|ua,eu|na|oc,5.0,,
car,bentley,Bentley,continental-flying-spur,Continental Flying Spur,sedan,ca|fi|my|nl|ua|us,as|eu|na,5.0,,car/bentley/continental-flying-spur-speed
car,bentley,Bentley,continental-gt,Continental GT,coupe,ca|es|fi|lu|my|nl|th|ua|us,as|eu|na,5.0,,car/bentley/continental-gt-azure|car/bentley/continental-gt-azure-v8|car/bentley/continental-gt-mulliner|car/bentley/continental-gt-s|car/bentley/continental-gt-s-v8|car/bentley/continental-gt-speed|car/bentley/continental-gt-v8|car/bentley/continental-gt-v8-s|car/bentley/continental-gt3-r
car,bentley,Bentley,continental-gtc,Continental GTC,convertible,ca|es|fi|lu|nl|th|ua|us,as|eu|na,6.0,,
car,bentley,Bentley,continental-r,Continental R,coupe,ca|nl|nz|us,eu|na|oc,6.0,,
car,bentley,Bentley,continental-sc,Continental SC,coupe,ca|nl|us,eu|na,9.0,,
car,bentley,Bentley,continental-supersports,Continental Supersports,coupe,ca|nl|us,eu|na,5.0,,
car,bentley,Bentley,continental-t,Continental T,coupe,ca|nl|nz|us,eu|na|oc,8.0,,
car,bentley,Bentley,corniche,Corniche,coupe,fi|nl,eu,8.0,,
car,bentley,Bentley,eight,Eight,sedan,fi|gb|nl|nz,eu|oc,7.0,,car/bentley/eight-u9
car,bentley,Bentley,flying-spur,Flying Spur,sedan,ca|es|fi|gb|lu|nl|nz|th|ua|us,as|eu|na|oc,5.0,,car/bentley/flying-spur-azure|car/bentley/flying-spur-mulliner|car/bentley/flying-spur-mulliner-w12|car/bentley/flying-spur-s|car/bentley/flying-spur-speed|car/bentley/flying-spur-v8|car/bentley/flying-spur-w12
car,bentley,Bentley,mark,Mark,sedan,fi|nl|nz,eu|oc,6.0,,
car,bentley,Bentley,mark-6,Mark 6,sedan,nl|nz,eu|oc,7.0,,
car,bentley,Bentley,mk,Mk,convertible,fi|nl|nz,eu|oc,6.0,,
car,bentley,Bentley,mk6,MK6,sedan,nl|nz,eu|oc,6.0,,
car,bentley,Bentley,mulsanne,Mulsanne,sedan,ca|fi|gb|my|nl|nz|ua|us,as|eu|na|oc,6.0,,car/bentley/mulsanne-ewb
car,bentley,Bentley,r-type,R Type,sedan,fi|nl|nz,eu|oc,6.0,,car/bentley/r
car,bentley,Bentley,s,S,sedan,fi|nl|nz,eu|oc,6.0,,
car,bentley,Bentley,s-type,S Type,hatchback,nl|nz,eu|oc,9.0,,
car,bentley,Bentley,s1,S1,sedan,fi|nl|nz,eu|oc,6.0,,car/bentley/s-1
car,bentley,Bentley,s2,S2,sedan,fi|nl|nz,eu|oc,7.0,,car/bentley/s-2
car,bentley,Bentley,s3,S3,sedan,fi|nl|nz,eu|oc,6.0,,car/bentley/s-3
car,bentley,Bentley,speed-six,Speed Six,convertible,nl|nz,eu|oc,8.0,,
car,bentley,Bentley,sports,Sports,convertible,nl|nz,eu|oc,7.0,,
car,bentley,Bentley,t,T,sedan,fi|nl|nz,eu|oc,7.0,,
car,bentley,Bentley,t-series,T-Series,sedan,nl|nz,eu|oc,7.0,,
car,bentley,Bentley,t1,T1,sedan,nl|nz,eu|oc,7.0,,
car,bentley,Bentley,t2,T2,sedan,es|nl|nz,eu|oc,7.0,,
car,bentley,Bentley,turbo,Turbo,sedan,fi|gb|nl|nz,eu|oc,7.0,,
car,bentley,Bentley,turbo-r,Turbo R,sedan,ca|fi|nl|nz|us,eu|na|oc,5.0,,car/bentley/turbo-rl|car/bentley/turbo-rt
car,berkeley,Berkeley,b95,B95,hatchback,fi|nz,eu|oc,9.0,,
car,bertone,Bertone,freeclimber-2,Freeclimber 2,convertible,fi|nl,eu,8.0,,
car,bertone,Bertone,x1-9,X1/9,convertible,fi|nl|nz|us,eu|na|oc,7.0,,car/bertone/x-1-9
car,binz,Binz,e-250,E 250,hatchback|wagon,fi|nl,eu,7.0,,
car,binz,Binz,huiskamp,Huiskamp,hatchback,fi|nl,eu,8.0,,
car,bmw-alpina,Bmw Alpina,b7,B7,hatchback,ua|us,eu|na,7.0,,
car,bmw,BMW,1-series,1 Series,hatchback|wagon,ar|ca|de|es|fi|gb|ie|lu|my|nl|nz|th|ua|us,as|eu|na|oc|sa,3.0,,car/bmw/1-er-reihe|car/bmw/1er-reihe|car/bmw/1erreihe|car/bmw/m-135i|car/bmw/m-140i|car/bmw/serie-1
car,bmw,BMW,2-series,2 Series,coupe,ar|ca|de|es|fi|gb|ie|lu|my|nl|nz|th|ua|us,as|eu|na|oc|sa,2.0,,car/bmw/serie-2
car,bmw,BMW,3-0cs,3.0CS,coupe,nl|nz,eu|oc,5.0,,car/bmw/30cs
car,bmw,BMW,3-0s,3.0S,sedan,fi|nl|nz,eu|oc,7.0,,
car,bmw,BMW,3-series,3 Series,sedan|wagon,ar|ca|de|es|fi|gb|ie|lu|my|nl|nz|th|ua|us,as|eu|na|oc|sa,2.0,,car/bmw/3-er-reihe|car/bmw/compact|car/bmw/serie-3|car/bmw/serie3
car,bmw,BMW,4-series,4 Series,coupe,ar|ca|de|es|fi|gb|ie|lu|my|nl|nz|th|ua|us,as|eu|na|oc|sa,3.0,,car/bmw/serie-4
car,bmw,BMW,5-series,5 Series,sedan|wagon,ar|ca|de|es|fi|gb|ie|lu|my|nl|nz|th|ua|us,as|eu|na|oc|sa,2.0,,car/bmw/5-er-reihe|car/bmw/m-550d|car/bmw/serie-5
car,bmw,BMW,6-series,6 Series,coupe,ca|es|fi|gb|lu|my|nl|nz|th|ua|us,as|eu|na|oc,3.0,,car/bmw/serie-6
car,bmw,BMW,7-series,7 Series,sedan,ca|de|es|fi|gb|ie|lu|my|nl|nz|th|ua|us,as|eu|na|oc,3.0,,car/bmw/7-er-reihe|car/bmw/serie-7
car,bmw,BMW,8-series,8 Series,coupe,ca|de|es|fi|gb|ie|lu|my|nl|nz|th|ua|us,as|eu|na|oc,5.0,,
car,bmw,BMW,active,Active,sedan,es|fi|nl|nz,eu|oc,7.0,,
car,bmw,BMW,activehybrid-3,ActiveHybrid 3,sedan,ca|fi|nl|ua|us,eu|na,5.0,,
car,bmw,BMW,activehybrid-5,ActiveHybrid 5,sedan,ca|fi|nl|us,eu|na,4.0,,
car,bmw,BMW,activehybrid-7,ActiveHybrid 7,sedan,ca|fi|nl|us,eu|na,5.0,,car/bmw/activehybrid-7-l|car/bmw/activehybrid-7l
car,bmw,BMW,activehybrid-x6,ActiveHybrid X6,hatchback|wagon,ca|es|fi|nl|us,eu|na,6.0,,
car,bmw,BMW,alpina,Alpina,sedan|wagon,gb|nl|nz,eu|oc,6.0,,
car,bmw,BMW,alpina-b3,Alpina B3,coupe,fi|my|nl,as|eu,8.0,,
car,bmw,BMW,alpina-b5,Alpina B5,sedan,nl|nz,eu|oc,8.0,,
car,bmw,BMW,alpina-b6,Alpina B6,hatchback,ca|us,na,,,
car,bmw,BMW,alpina-b7,Alpina B7,sedan,ca|nl|nz|us,eu|na|oc,9.0,,
car,bmw,BMW,alpina-b8-gran,Alpina B8 Gran,hatchback,ca|us,na,,,
car,bmw,BMW,alpina-roadster-s,Alpina Roadster S,convertible,nl|ua,eu,9.0,,
car,bmw,BMW,alpina-xb7,Alpina XB7,hatchback,ca|us,na,,,
car,bmw,BMW,clubman-cooper,Clubman Cooper,hatchback|wagon,fi|nl,eu,8.0,,
car,bmw,BMW,cooper,Cooper,convertible,fi|my|nl,as|eu,6.0,,
car,bmw,BMW,cooper-s,Cooper S,hatchback|wagon,es|fi|nl,eu,6.0,,
car,bmw,BMW,cs,Cs,coupe,nl|nz,eu|oc,8.0,,
car,bmw,BMW,i3,i3,hatchback,ca|de|es|fi|gb|lu|nl|nz|ua|us,eu|na|oc,3.0,,car/bmw/i-3
car,bmw,BMW,i4,i4,sedan,es|fi|gb|ie|lu|my|nl|nz|th|ua|us,as|eu|na|oc,3.0,,
car,bmw,BMW,i5,i5,sedan|wagon,es|fi|gb|lu|my|nl|th|ua|us,as|eu|na,3.0,,
car,bmw,BMW,i7,i7,sedan,es|fi|lu|my|nl|th|ua|us,as|eu|na,4.0,,
car,bmw,BMW,i8,i8,coupe,ca|es|fi|gb|lu|my|nl|nz|th|ua|us,as|eu|na|oc,6.0,,
car,bmw,BMW,isetta,Isetta,sedan,fi|nl|nz,eu|oc,5.0,,
car,bmw,BMW,isetta-250,Isetta 250,coupe,fi|nl,eu,7.0,,
car,bmw,BMW,isetta-300,Isetta 300,sedan,fi|nl|nz,eu|oc,7.0,,
car,bmw,BMW,ix,iX,suv,de|es|fi|gb|ie|lu|my|nl|nz|th|ua|us,as|eu|na|oc,4.0,,
car,bmw,BMW,ix1,iX1,suv,es|fi|gb|ie|lu|my|nl|nz|th|ua,as|eu|oc,3.0,,
car,bmw,BMW,ix2,iX2,suv,ar|es|fi|gb|ie|lu|my|nl|th|ua,as|eu|sa,4.0,,
car,bmw,BMW,ix3,iX3,suv,es|fi|gb|lu|my|nl|th|ua|us,as|eu|na,3.0,,
car,bmw,BMW,john-cooper-works,John Cooper Works,hatchback,es|my|nl,as|eu,9.0,,
car,bmw,BMW,m-roadster,M Roadster,convertible,ca|es|fi|gb|lu|nl|nz|us,eu|na|oc,5.0,,car/bmw/m
car,bmw,BMW,m2,M2,coupe,ar|ca|es|fi|gb|ie|lu|nl|nz|th|ua|us,as|eu|na|oc|sa,4.0,,
car,bmw,BMW,m3,M3,coupe,ar|ca|es|fi|gb|lu|nl|nz|th|ua|us,as|eu|na|oc|sa,3.0,,car/bmw/m-3
car,bmw,BMW,m4,M4,coupe,ar|ca|es|fi|gb|ie|lu|nl|nz|th|ua|us,as|eu|na|oc|sa,4.0,,
car,bmw,BMW,m5,M5,sedan|wagon,ar|ca|es|fi|gb|ie|lu|nl|nz|ua|us,eu|na|oc|sa,4.0,,car/bmw/m-5
car,bmw,BMW,m535i,M535i,sedan,gb|nl|nz,eu|oc,7.0,,car/bmw/m-535|car/bmw/m-535-i
car,bmw,BMW,m6,M6,coupe,ca|es|fi|gb|lu|nl|nz|ua|us,eu|na|oc,5.0,,
car,bmw,BMW,m635csi,M635CSi,coupe,fi|nl|nz|ua,eu|oc,6.0,,car/bmw/m-635-csi
car,bmw,BMW,m8,M8,convertible,ca|es|fi|gb|lu|nl|ua|us,eu|na,5.0,,
car,bmw,BMW,mini,Mini,hatchback,fi|nl|nz,eu|oc,5.0,,
car,bmw,BMW,mini-cooper,Mini Cooper,hatchback,es|nl,eu,7.0,,
car,bmw,BMW,mini-one,Mini One,hatchback,es|fi|nl,eu,7.0,,
car,bmw,BMW,one,One,hatchback,es|fi,eu,7.0,,
car,bmw,BMW,x1,X1,suv,ar|ca|de|es|fi|gb|ie|lu|my|nl|nz|th|ua|us,as|eu|na|oc|sa,1.0,,car/bmw/x-1
car,bmw,BMW,x2,X2,suv,ar|ca|de|es|fi|gb|ie|lu|my|nl|nz|ua|us,as|eu|na|oc|sa,3.0,,
car,bmw,BMW,x3,X3,suv,ar|ca|de|es|fi|gb|ie|lu|my|nl|nz|th|ua|us,as|eu|na|oc|sa,2.0,,
car,bmw,BMW,x4,X4,suv,ar|ca|de|es|fi|gb|ie|lu|my|nl|nz|th|ua|us,as|eu|na|oc|sa,3.0,,
car,bmw,BMW,x5,X5,suv,ar|ca|de|es|fi|gb|ie|lu|my|nl|nz|th|ua|us,as|eu|na|oc|sa,2.0,,
car,bmw,BMW,x6,X6,suv,ar|ca|de|es|fi|gb|lu|my|nl|nz|th|ua|us,as|eu|na|oc|sa,3.0,,
car,bmw,BMW,x7,X7,suv,ca|de|es|fi|gb|ie|lu|my|nl|nz|th|ua|us,as|eu|na|oc,4.0,,
car,bmw,BMW,xm,XM,hatchback,ca|de|es|fi|gb|lu|my|nl|nz|ua|us,as|eu|na|oc,5.0,,car/bmw/xm-50e|car/bmw/xm-label
car,bmw,BMW,z1,Z1,roadster,fi|gb|nl|nz,eu|oc,6.0,,
car,bmw,BMW,z3,Z3,roadster,ar|ca|es|fi|gb|lu|nl|nz|ua|us,eu|na|oc|sa,4.0,,car/bmw/z-3
car,bmw,BMW,z4,Z4,roadster,ar|ca|de|es|fi|gb|lu|my|nl|nz|th|ua|us,as|eu|na|oc|sa,3.0,,
car,bmw,BMW,z8,Z8,roadster,ar|ca|fi|gb|nl|ua|us,eu|na|sa,7.0,,
car,bond,Bond,bug,Bug,hatchback,gb|nz,eu|oc,9.0,,
car,bond,Bond,equipe,Equipe,coupe,gb|nl|nz,eu|oc,7.0,,
car,bond,Bond,minicar,Minicar,hatchback,nl|nz,eu|oc,9.0,,
car,borgward,Borgward,isabella,Isabella,coupe,fi|nl|nz,eu|oc,4.0,,
car,borgward,Borgward,isabella-ts,Isabella Ts,sedan,fi|nl|nz,eu|oc,7.0,,
car,bravia,Bravia,swan,Swan,hatchback,fi|lu|nl,eu,6.0,,
car,bravia,Bravia,swan-636,Swan 636,hatchback,fi|nl,eu,7.0,,
car,bricklin,Bricklin,sv1,SV1,coupe,fi|nl|nz,eu|oc,7.0,,car/bricklin/sv-1
car,bristol,Bristol,400,400,coupe,gb|nl|nz,eu|oc,8.0,,
car,bristol,Bristol,401,401,coupe,gb|nl|nz,eu|oc,8.0,,
car,bristol,Bristol,402,402,convertible,gb|nl,eu,10.0,,
car,bristol,Bristol,403,403,coupe,gb|nl|nz,eu|oc,8.0,,
car,bristol,Bristol,405,405,sedan,gb|nl|nz,eu|oc,8.0,,
car,bristol,Bristol,406,406,sedan,gb|nl|nz,eu|oc,9.0,,
car,bristol,Bristol,407,407,coupe,gb|nl,eu,9.0,,
car,bristol,Bristol,408,408,sedan,gb|nl,eu,10.0,,
car,bristol,Bristol,409,409,sedan,gb|nl|nz,eu|oc,9.0,,
car,bristol,Bristol,410,410,hatchback,gb|nz,eu|oc,10.0,,
car,bristol,Bristol,411,411,coupe,gb|nl|nz,eu|oc,8.0,,
car,bristol,Bristol,beaufighter,Beaufighter,coupe,gb|nl,eu,10.0,,
car,bristol,Bristol,blenheim-3,Blenheim 3,sedan,nl|nz,eu|oc,9.0,,
car,bristol,Bristol,brigand,Brigand,hatchback,gb|nl,eu,10.0,,
car,bugatti,Bugatti,brescia,Brescia,hatchback,nl|nz,eu|oc,9.0,,
car,bugatti,Bugatti,chiron,Chiron,coupe,ca|nl|us,eu|na,6.0,,
car,bugatti,Bugatti,chiron-pur-sport,Chiron Pur Sport,hatchback,ca|us,na,,,
car,bugatti,Bugatti,chiron-super-sport,Chiron Super Sport,coupe,ca|nl|us,eu|na,9.0,,
car,bugatti,Bugatti,divo,Divo,hatchback,ca|us,na,,,
car,bugatti,Bugatti,mistral,Mistral,hatchback,ca|us,na,,,
car,bugatti,Bugatti,type-55,Type 55,convertible,nl|nz,eu|oc,9.0,,
car,bugatti,Bugatti,veyron,Veyron,hatchback,ca|nz|us,na|oc,9.0,,
car,buick,Buick,10,10,convertible,nl|nz,eu|oc,9.0,,
car,buick,Buick,25,25,convertible,nl|nz,eu|oc,9.0,,
car,buick,Buick,40,40,convertible,nl|nz,eu|oc,7.0,,
car,buick,Buick,41,41,sedan,nl|nz,eu|oc,9.0,,
car,buick,Buick,47,47,coupe,nl|nz,eu|oc,9.0,,
car,buick,Buick,55,55,sedan,nl|nz,eu|oc,9.0,,
car,buick,Buick,apollo,Apollo,coupe,nl|nz,eu|oc,9.0,,
car,buick,Buick,cascada,Cascada,convertible,nl|ua|us,eu|na,9.0,,
car,buick,Buick,centurion,Centurion,convertible,fi|nl|nz,eu|oc,6.0,,
car,buick,Buick,century,Century,sedan,ca|fi|nl|nz|ua|us,eu|na|oc,5.0,,car/buick/century-caballero|car/buick/century-wagon
car,buick,Buick,eight,Eight,coupe,nl|nz,eu|oc,8.0,,
car,buick,Buick,electra,Electra,sedan,fi|gb|nl|nz|us,eu|na|oc,5.0,,car/buick/electra-225|car/buick/electra-225-custom|car/buick/electra-custom-225|car/buick/electra-limited|car/buick/electra-park-avenue
car,buick,Buick,enclave,Enclave,hatchback|wagon,ca|fi|nl|ua|us,eu|na,5.0,,
car,buick,Buick,encore,Encore,hatchback|wagon,ca|nl|ua|us,eu|na,5.0,,
car,buick,Buick,encore-gx,Encore Gx,hatchback,ca|ua|us,eu|na,8.0,,
car,buick,Buick,envision,Envision,sedan,ca|nl|ua|us,eu|na,6.0,,
car,buick,Buick,envista,Envista,hatchback,ca|ua|us,eu|na,9.0,,
car,buick,Buick,estate-wagon,Estate Wagon,hatchback|wagon,nl|us,eu|na,5.0,,
car,buick,Buick,gs,GS,coupe,fi|nl|nz,eu|oc,5.0,,car/buick/california-gs|car/buick/gran-sport|car/buick/gs-350|car/buick/gs-400|car/buick/gs-455-stage-1|car/buick/gs350
car,buick,Buick,invicta,Invicta,convertible,fi|nl|nz,eu|oc,6.0,,
car,buick,Buick,lacrosse,Lacrosse,sedan,ca|nl|ua|us,eu|na,9.0,,car/buick/lacrosse-eassist
car,buick,Buick,le-sabre,Le Sabre,sedan,ca|fi|nl|nz|us,eu|na|oc,3.0,,car/buick/le-sabre-400|car/buick/le-sabre-custom|car/buick/le-sabre-limited|car/buick/lesabre|car/buick/lesabre-custom
car,buick,Buick,limited,Limited,convertible,fi|nl|nz,eu|oc,7.0,,
car,buick,Buick,lucerne,Lucerne,sedan,ca|fi|nl|us,eu|na,7.0,,
car,buick,Buick,marquette,Marquette,hatchback,nl|nz,eu|oc,8.0,,
car,buick,Buick,park-avenue,Park Avenue,sedan,ca|fi|lu|nl|nz|ua|us,eu|na|oc,7.0,,
car,buick,Buick,phaeton,Phaeton,hatchback,nl|nz,eu|oc,9.0,,
car,buick,Buick,rainier,Rainier,hatchback,ca|us,na,,,
car,buick,Buick,reatta,Reatta,convertible,fi|nl|nz|us,eu|na|oc,8.0,,
car,buick,Buick,regal,Regal,sedan,ca|fi|nl|nz|ua|us,eu|na|oc,4.0,,car/buick/regal-eassist|car/buick/regal-ltd|car/buick/regal-tourx
car,buick,Buick,rendezvous,Rendezvous,hatchback|wagon,ca|nl|us,eu|na,9.0,,
car,buick,Buick,riviera,Riviera,coupe,ca|fi|gb|nl|nz|ua|us,eu|na|oc,5.0,,car/buick/rivera|car/buick/riviera-2|car/buick/riviera-gs
car,buick,Buick,roadmaster,Roadmaster,sedan,ca|fi|nl|nz|us,eu|na|oc,4.0,,car/buick/roadmaster-72|car/buick/roadmaster-wagon
car,buick,Buick,skyhawk,Skyhawk,coupe,nl|nz|us,eu|na|oc,6.0,,
car,buick,Buick,skylark,Skylark,coupe,ca|fi|nl|nz|us,eu|na|oc,3.0,,car/buick/skylark-350|car/buick/skylark-custom|car/buick/skylark-gs
car,buick,Buick,special,Special,sedan,fi|gb|nl|nz,eu|oc,5.0,,car/buick/series-40-special|car/buick/special-40|car/buick/special-riviera|car/buick/special-series-40
car,buick,Buick,sport,Sport,hatchback,fi|nl|nz,eu|oc,9.0,,
car,buick,Buick,sport-wagon,Sport Wagon,hatchback|wagon,fi|nl|nz,eu|oc,7.0,,car/buick/sportwagon
car,buick,Buick,super,Super,sedan,fi|nl|nz,eu|oc,4.0,,car/buick/eight-super|car/buick/super-8|car/buick/super-dynaflow|car/buick/super-eight|car/buick/super-riviera|car/buick/super-series-50
car,buick,Buick,superior,Superior,hatchback,nl|nz,eu|oc,9.0,,
car,buick,Buick,terraza,Terraza,hatchback,ca|us,na,,,
car,buick,Buick,tourer,Tourer,convertible,nl|nz,eu|oc,6.0,,
car,buick,Buick,verano,Verano,sedan,ca|nl|ua|us,eu|na,9.0,,
car,buick,Buick,wild-cat,Wild Cat,coupe,fi|gb|nl|nz,eu|oc,6.0,,car/buick/wildcat|car/buick/wildcat-custom
car,burstner-gmbh,Bürstner Gmbh,bc6003,BC6003,hatchback,es|lu,eu,7.0,,
car,byd,BYD,atto-2,Atto 2,hatchback,ar|de|es|fi|gb|lu|my|nl|nz,as|eu|oc|sa,3.0,,car/byd/atto-2-boost
car,byd,BYD,atto-3,Atto 3,suv,de|es|fi|gb|ie|lu|my|nl|nz|th|ua,as|eu|oc,3.0,,
car,byd,BYD,atto-3-evo,Atto 3 Evo,hatchback,es|fi|lu|nl,eu,4.0,,
car,byd,BYD,dolphin,Dolphin,hatchback,de|es|fi|gb|ie|lu|my|nl|nz|th|ua,as|eu|oc,3.0,,car/byd/dolphin-comfort-ev|car/byd/dolphin-design-ev
car,byd,BYD,dolphin-g,Dolphin G,hatchback,es|nl,eu,3.0,,
car,byd,BYD,dolphin-surf,Dolphin Surf,hatchback,de|es|fi|lu|nl,eu,2.0,,
car,byd,BYD,e6,E6,hatchback,gb|nl|th|us,as|eu|na,7.0,,
car,byd,BYD,e6h,E6H,hatchback,nl|nz,eu|oc,5.0,,
car,byd,BYD,e6y,E6Y,hatchback,nl|nz,eu|oc,7.0,,
car,byd,BYD,han,Han,sedan,fi|lu|nl|ua,eu,5.0,,
car,byd,BYD,m6,M6,hatchback,my|th,as,2.0,,car/byd/m6-extended
car,byd,BYD,sea-lion-07,Sea Lion 07,hatchback,es|ua,eu,6.0,,
car,byd,BYD,seagull,Seagull,hatchback,nl|ua,eu,7.0,,
car,byd,BYD,seal,Seal,sedan,de|es|fi|ie|lu|my|nl|nz|th|ua,as|eu|oc,3.0,,
car,byd,BYD,seal-6,Seal 6,hatchback,es|fi|gb|lu|my|nl|nz,as|eu|oc,4.0,,
car,byd,BYD,seal-design-ev,Seal Design EV,hatchback,gb,eu,1.0,,
car,byd,BYD,seal-u,Seal U,suv,ar|de|es|fi|lu|nl|nz|th,as|eu|oc|sa,4.0,,
car,byd,BYD,sealion,Sealion,hatchback,my|nz,as|oc,5.0,,
car,byd,BYD,sealion-5,Sealion 5,hatchback,gb|lu|nz,eu|oc,5.0,,
car,byd,BYD,sealion-6,Sealion 6,hatchback,nz|th,as|oc,2.0,,
car,byd,BYD,sealion-7,Sealion 7,hatchback,de|es|fi|ie|lu|nl|nz|th,as|eu|oc,3.0,,car/byd/sealion-7-rwd
car,byd,BYD,song-pro,Song Pro,hatchback,ar|ua,eu|sa,3.0,,
car,byd,BYD,tang,Tang,hatchback,de|fi|nl|ua,eu,7.0,,
car,byd,BYD,tang-ev,Tang EV,hatchback,es|fi|nl|ua,eu,5.0,,
car,byd,BYD,yuan,Yuan,hatchback|wagon,nl|ua,eu,8.0,,
car,byd,BYD,yuan-plus,Yuan Plus,hatchback,es|ua,eu,6.0,,
car,byd,BYD,yuan-pro,Yuan Pro,hatchback,ar|ua,eu|sa,5.0,,
car,cadillac,Cadillac,30,30,convertible,nl|nz,eu|oc,9.0,,
car,cadillac,Cadillac,452,452,hatchback,fi|nl,eu,9.0,,
car,cadillac,Cadillac,allante,Allante,convertible,fi|nl|nz|us,eu|na|oc,6.0,,
car,cadillac,Cadillac,ats,Ats,sedan,ca|fi|lu|nl|ua|us,eu|na,5.0,,car/cadillac/ats-v
car,cadillac,Cadillac,bls,Bls,sedan,fi|gb|nl|nz|ua,eu|oc,6.0,,
car,cadillac,Cadillac,brougham,Brougham,sedan,fi|nl|nz|us,eu|na|oc,4.0,,
car,cadillac,Cadillac,calais,Calais,sedan,fi|nl|nz,eu|oc,6.0,,
car,cadillac,Cadillac,catera,Catera,sedan,ca|nl|us,eu|na,9.0,,
car,cadillac,Cadillac,celestiq,Celestiq,hatchback,ca|us,na,,,
car,cadillac,Cadillac,cimarron,Cimarron,hatchback,fi|ua|us,eu|na,9.0,,
car,cadillac,Cadillac,club,Club,coupe,fi|nl,eu,9.0,,
car,cadillac,Cadillac,commercial-chassis,Commercial Chassis,hatchback|wagon,nl|us,eu|na,9.0,,
car,cadillac,Cadillac,ct4,CT4,hatchback,ca|ua|us,eu|na,8.0,,
car,cadillac,Cadillac,ct5,CT5,sedan,ca|nl|ua|us,eu|na,8.0,,
car,cadillac,Cadillac,ct6,CT6,sedan,ca|fi|nl|ua|us,eu|na,6.0,,
car,cadillac,Cadillac,cts,Cts,sedan,ca|es|fi|gb|lu|nl|nz|ua|us,eu|na|oc,5.0,,car/cadillac/cts-4|car/cadillac/cts-v
car,cadillac,Cadillac,de-ville,De Ville,sedan,ca|es|fi|nl|nz|ua|us,eu|na|oc,4.0,,car/cadillac/armored-deville|car/cadillac/coupe-de-ville|car/cadillac/coupe-deville|car/cadillac/de-ville-62|car/cadillac/de-ville-fleetwood|car/cadillac/deville|car/cadillac/deville-concours|car/cadillac/deville-dts|car/cadillac/sedan-de-ville|car/cadillac/sedan-deville
car,cadillac,Cadillac,dts,Dts,sedan,ca|fi|nl|nz|ua|us,eu|na|oc,6.0,,car/cadillac/dts-hearse
car,cadillac,Cadillac,e,E,hatchback,nl|nz,eu|oc,9.0,,
car,cadillac,Cadillac,el-dorado,El Dorado,convertible,ca|fi|lu|nl|nz|us,eu|na|oc,3.0,,car/cadillac/eldorado|car/cadillac/eldorado-biarritz|car/cadillac/eldorado-biarriz|car/cadillac/eldorado-seville|car/cadillac/eldorado-touring|car/cadillac/fleetwood-eldorado
car,cadillac,Cadillac,elr,Elr,coupe,ca|fi|nl|ua|us,eu|na,7.0,,
car,cadillac,Cadillac,escalade,Escalade,hatchback|wagon,ca|de|es|fi|gb|lu|my|nl|nz|ua|us,as|eu|na|oc,5.0,,car/cadillac/escalade-esv|car/cadillac/escalade-esv-sport|car/cadillac/escalade-ext|car/cadillac/k10706-escalade
car,cadillac,Cadillac,escalade-iq,Escalade Iq,hatchback,nl|ua,eu,9.0,,
car,cadillac,Cadillac,fleetwood,Fleetwood,sedan,ca|fi|nl|nz|ua|us,eu|na|oc,4.0,,
car,cadillac,Cadillac,fleetwood-75,Fleetwood 75,sedan,fi|nl,eu,5.0,,car/cadillac/fleetwood-seventy-five
car,cadillac,Cadillac,fleetwood-brougham,Fleetwood Brougham,sedan,fi|nl|nz|us,eu|na|oc,4.0,,car/cadillac/fleetwood-broughan
car,cadillac,Cadillac,hearse,Hearse,hatchback|wagon,nl|nz,eu|oc,5.0,,
car,cadillac,Cadillac,la-salle,La Salle,sedan,nl|nz,eu|oc,7.0,,car/cadillac/lasalle
car,cadillac,Cadillac,limousine,Limousine,sedan,nl|nz|us,eu|na|oc,8.0,,car/cadillac/limosine
car,cadillac,Cadillac,lyriq,Lyriq,hatchback,ca|fi|nl|nz|ua|us,eu|na|oc,5.0,,
car,cadillac,Cadillac,model-k,Model K,convertible,nl|nz,eu|oc,9.0,,
car,cadillac,Cadillac,optiq,Optiq,hatchback,ca|de|gb|ua|us,eu|na,9.0,,
car,cadillac,Cadillac,sd,Sd,sedan,nl|nz,eu|oc,9.0,,
car,cadillac,Cadillac,series-60,Series 60,hatchback,nl|nz,eu|oc,8.0,,
car,cadillac,Cadillac,series-61,Series 61,sedan,nl|nz,eu|oc,8.0,,car/cadillac/type-61
car,cadillac,Cadillac,series-62,Series 62,sedan,fi|nl|nz,eu|oc,4.0,,car/cadillac/62|car/cadillac/62-series|car/cadillac/series-6200|car/cadillac/sixty-two
car,cadillac,Cadillac,seville,Seville,sedan,ca|fi|gb|lu|nl|nz|ua|us,eu|na|oc,6.0,,car/cadillac/seville-sls|car/cadillac/seville-sts
car,cadillac,Cadillac,sixty-special,Sixty Special,sedan,fi|nl,eu,4.0,,car/cadillac/fleetwood-60-special|car/cadillac/fleetwood-60s|car/cadillac/fleetwood-sixty-special
car,cadillac,Cadillac,special,Special,hatchback,fi|nl,eu,9.0,,
car,cadillac,Cadillac,srx,Srx,hatchback,ca|fi|gb|nl|nz|ua|us,eu|na|oc,5.0,,car/cadillac/6eb26-srx|car/cadillac/6rb26-srx
car,cadillac,Cadillac,standard,Standard,hatchback,fi|nl|nz,eu|oc,9.0,,
car,cadillac,Cadillac,sts,Sts,sedan,ca|fi|gb|lu|nl|nz|us,eu|na|oc,7.0,,car/cadillac/sts-v
car,cadillac,Cadillac,suburban,Suburban,sedan,lu|nl,eu,9.0,,
car,cadillac,Cadillac,vistiq,Vistiq,hatchback,ca|gb|ua|us,eu|na,10.0,,
car,cadillac,Cadillac,xlr,Xlr,convertible,ca|fi|gb|nl|nz|us,eu|na|oc,7.0,,car/cadillac/6yv67-xlr
car,cadillac,Cadillac,xt4,XT4,hatchback,ca|es|fi|lu|nl|ua|us,eu|na,6.0,,
car,cadillac,Cadillac,xt5,XT5,hatchback,ca|es|lu|nl|ua|us,eu|na,6.0,,
car,cadillac,Cadillac,xt6,XT6,hatchback,ca|nl|ua|us,eu|na,7.0,,
car,cadillac,Cadillac,xts,Xts,sedan,ca|fi|nl|nz|ua|us,eu|na|oc,7.0,,car/cadillac/xts-hearse
car,campereve,Campereve,magellan,Magellan,hatchback,es|nl,eu,6.0,,
car,carbodies,Carbodies,fairway,Fairway,hatchback|wagon,fi|nl,eu,8.0,,
car,carbodies,Carbodies,taxi,Taxi,hatchback,fi|gb|nl,eu,8.0,,
car,carbodies,Carbodies,taxi-hirecar,Taxi/ Hirecar,hatchback|wagon,fi|nl,eu,9.0,,
car,caterham-cars-ltd,Caterham Cars Ltd,seven-s3,Seven S3,convertible,es|nl,eu,7.0,,
car,caterham-cars-ltd,Caterham Cars Ltd,seven-sv,Seven Sv,convertible,es|nl,eu,7.0,,
car,caterham,Caterham,s3,S3,convertible,es|lu|nl,eu,8.0,,
car,caterham,Caterham,seven,Seven,convertible,fi|nl,eu,7.0,,
car,caterham,Caterham,super-seven,Super Seven,convertible,fi|nl|nz,eu|oc,6.0,,
car,chamonix,Chamonix,spyder,Spyder,convertible,lu|nl,eu,8.0,,
car,changan,Changan,deepal-s07-ev,Deepal S07 EV,hatchback,gb,eu,5.0,,
car,changan,Changan,lumin-l-dc,Lumin L Dc,hatchback,th,as,2.0,,
car,changan,Changan,uni-k,Uni-K,hatchback,nl|ua,eu,8.0,,
car,checker,Checker,marathon,Marathon,sedan,fi|nl,eu,7.0,,
car,chery,Chery,eq1,EQ1,hatchback,th|ua,as|eu,8.0,,
car,chery,Chery,icaur-03,iCAUR 03,hatchback,my,as,2.0,,
car,chery,Chery,icaur-v23,Icaur V23,hatchback,my,as,2.0,,
car,chery,Chery,jaecoo-j5,Jaecoo J5,hatchback,my,as,2.0,,
car,chery,Chery,jaecoo-j7,Jaecoo J7,hatchback,my,as,1.0,,
car,chery,Chery,jaecoo-j8,Jaecoo J8,hatchback,my,as,2.0,,
car,chery,Chery,jetour-x70,Jetour X70,hatchback,nl|ua,eu,6.0,,
car,chery,Chery,omoda-5,Omoda 5,hatchback,my|ua,as|eu,5.0,,
car,chery,Chery,omoda-9,Omoda 9,hatchback,my,as,1.0,,
car,chery,Chery,tiggo,Tiggo,hatchback|wagon,gb|my|nl|ua,as|eu,4.0,,
car,chery,Chery,tiggo-2,Tiggo 2,hatchback,nl|ua,eu,5.0,,
car,chery,Chery,tiggo-2-pro,Tiggo 2 Pro,hatchback,ar|ua,eu|sa,6.0,,
car,chery,Chery,tiggo-4,Tiggo 4,hatchback,ar|nl|ua,eu|sa,2.0,,
car,chery,Chery,tiggo-4-pro,Tiggo 4 Pro,hatchback,nz|ua,eu|oc,4.0,,
car,chery,Chery,tiggo-7,Tiggo 7,hatchback|wagon,nl|nz|ua,eu|oc,4.0,,
car,chery,Chery,tiggo-7-pro,Tiggo 7 Pro,hatchback,ar|es|nl|ua,eu|sa,5.0,,
car,chery,Chery,tiggo-8,Tiggo 8,hatchback,nz|ua,eu|oc,4.0,,
car,chery,Chery,tiggo-9,Tiggo 9,hatchback,gb|nz|ua,eu|oc,5.0,,
car,chevrolet-gmc,Chevrolet GMC,camaro,Camaro,hatchback,gb,eu,5.0,,
car,chevrolet-gmc,Chevrolet GMC,corvette,Corvette,hatchback,gb,eu,4.0,,
car,chevrolet,Chevrolet,150,150,sedan,fi|nl|nz,eu|oc,6.0,,
car,chevrolet,Chevrolet,1934,1934,hatchback,nl|nz,eu|oc,8.0,,
car,chevrolet,Chevrolet,210,210,sedan|wagon,fi|nl|nz,eu|oc,5.0,,
car,chevrolet,Chevrolet,2dr,2DR,convertible,nl|nz,eu|oc,8.0,,
car,chevrolet,Chevrolet,3100,3100,hatchback|wagon,fi|my|nl|nz,as|eu|oc,7.0,,
car,chevrolet,Chevrolet,350,350,hatchback|wagon,nl|nz,eu|oc,7.0,,
car,chevrolet,Chevrolet,4-d,4 D,hatchback,fi|nl,eu,9.0,,
car,chevrolet,Chevrolet,490,490,convertible,nl|nz,eu|oc,8.0,,
car,chevrolet,Chevrolet,4x4,4X4,hatchback|wagon,nl|nz,eu|oc,9.0,,
car,chevrolet,Chevrolet,alero,Alero,sedan,fi|lu|nl|ua,eu,6.0,,
car,chevrolet,Chevrolet,apache,Apache,coupe,fi|nl|nz,eu|oc,8.0,,
car,chevrolet,Chevrolet,astro,Astro,hatchback|wagon,ca|fi|nl|nz|us,eu|na|oc,4.0,,car/chevrolet/astro-starcraft|car/chevrolet/astro-van
car,chevrolet,Chevrolet,avalanche,Avalanche,sedan,ca|fi|nl|nz|ua,eu|na|oc,7.0,,
car,chevrolet,Chevrolet,aveo,Aveo,hatchback,ca|es|fi|gb|lu|nl|nz|ua|us,eu|na|oc,3.0,,car/chevrolet/aveo-5|car/chevrolet/aveo-ls
car,chevrolet,Chevrolet,beauville,Beauville,hatchback|wagon,nl|nz|ua,eu|oc,8.0,,
car,chevrolet,Chevrolet,bel-air,Bel Air,sedan,fi|nl|nz,eu|oc,2.0,,car/chevrolet/bel-air-4|car/chevrolet/bel-air-4d|car/chevrolet/bel-air-sport|car/chevrolet/belair|car/chevrolet/bell-air|car/chevrolet/bellair
car,chevrolet,Chevrolet,beretta,Beretta,coupe,ca|fi|nl|ua|us,eu|na,7.0,,
car,chevrolet,Chevrolet,biscayne,Biscayne,sedan,fi|nl|nz,eu|oc,5.0,,
car,chevrolet,Chevrolet,blazer,Blazer,hatchback|wagon,ca|fi|lu|nl|nz|ua|us,eu|na|oc,4.0,,car/chevrolet/blazer-1500|car/chevrolet/blazer-k5|car/chevrolet/blazer-s10|car/chevrolet/blazer-silverado|car/chevrolet/k10-blazer|car/chevrolet/k5-blazer|car/chevrolet/s10-blazer
car,chevrolet,Chevrolet,blazer-ev,Blazer EV,hatchback,ca|ua|us,eu|na,4.0,,car/chevrolet/blazer-ev-rwd
car,chevrolet,Chevrolet,bolt,Bolt,hatchback,fi|nl|ua|us,eu|na,5.0,,
car,chevrolet,Chevrolet,bolt-euv,Bolt Euv,hatchback,ca|ua|us,eu|na,2.0,,
car,chevrolet,Chevrolet,bolt-ev,Bolt EV,hatchback,ca|fi|nl|ua|us,eu|na,3.0,,
car,chevrolet,Chevrolet,brookwood,Brookwood,hatchback|wagon,nl|nz,eu|oc,6.0,,
car,chevrolet,Chevrolet,business,Business,coupe,nl|nz,eu|oc,7.0,,
car,chevrolet,Chevrolet,c-10,C-10,hatchback|wagon,nl|nz,eu|oc,6.0,,car/chevrolet/c10
car,chevrolet,Chevrolet,c-20,C-20,hatchback|wagon,nl|nz,eu|oc,7.0,,car/chevrolet/c20
car,chevrolet,Chevrolet,c-30,C-30,pickup,nl|nz,eu|oc,9.0,,car/chevrolet/c30
car,chevrolet,Chevrolet,c1500,C1500,hatchback,ca|nz,na|oc,5.0,,
car,chevrolet,Chevrolet,c2500,C2500,hatchback|wagon,ca|nl|nz,eu|na|oc,8.0,,
car,chevrolet,Chevrolet,camaro,Camaro,coupe,ca|es|fi|gb|lu|my|nl|nz|th|ua|us,as|eu|na|oc,5.0,,car/chevrolet/camaro-1lt|car/chevrolet/camaro-228|car/chevrolet/camaro-2ss|car/chevrolet/camaro-berlinetta|car/chevrolet/camaro-iroc-z|car/chevrolet/camaro-iroc-z28|car/chevrolet/camaro-ls|car/chevrolet/camaro-lt|car/chevrolet/camaro-r-s|car/chevrolet/camaro-rally-sport|car/chevrolet/camaro-sport|car/chevrolet/camaro-ss|car/chevrolet/camaro-z-28|car/chevrolet/camaro-z28|car/chevrolet/camaro-z28-iroc|car/chevrolet/camaro-zl1|car/chevrolet/z28
car,chevrolet,Chevrolet,capitol,Capitol,sedan,nl|nz,eu|oc,6.0,,car/chevrolet/capital|car/chevrolet/capitol-aa
car,chevrolet,Chevrolet,caprice,Caprice,sedan|wagon,ca|fi|nl|nz|ua|us,eu|na|oc,4.0,,car/chevrolet/caprice-classic|car/chevrolet/caprice-classic-wagon|car/chevrolet/caprice-hearse|car/chevrolet/caprice-wagon
car,chevrolet,Chevrolet,captiva,Captiva,suv,ar|es|fi|gb|lu|nl|nz|th|ua|us,as|eu|na|oc|sa,4.0,,
car,chevrolet,Chevrolet,cargo-van,Cargo Van,hatchback,nl|ua,eu,9.0,,
car,chevrolet,Chevrolet,cavalier,Cavalier,convertible,ca|fi|nl|nz|ua|us,eu|na|oc,7.0,,car/chevrolet/cavalier-wagon
car,chevrolet,Chevrolet,celebrity,Celebrity,sedan,fi|nl|us,eu|na,8.0,,
car,chevrolet,Chevrolet,chevelle,Chevelle,coupe,fi|lu|nl|nz,eu|oc,4.0,,car/chevrolet/chevelle-malibu|car/chevrolet/chevelle-malibu-classic|car/chevrolet/chevelle-malibu-ss|car/chevrolet/chevelle-ss
car,chevrolet,Chevrolet,chevette,Chevette,hatchback,fi|nl|nz|us,eu|na|oc,8.0,,car/chevrolet/chevette-cs
car,chevrolet,Chevrolet,chevy,Chevy,hatchback|wagon,fi|nl|nz,eu|oc,6.0,,
car,chevrolet,Chevrolet,chevy-van,Chevy Van,hatchback|wagon,fi|nl|nz,eu|oc,5.0,,car/chevrolet/chevy-van-20|car/chevrolet/chevy-van-30|car/chevrolet/chevy-van-g20|car/chevrolet/g-20-van|car/chevrolet/van-20|car/chevrolet/van-g10
car,chevrolet,Chevrolet,cheyenne,Cheyenne,hatchback|wagon,nl|nz,eu|oc,8.0,,
car,chevrolet,Chevrolet,citation,Citation,sedan,fi|nl|nz|us,eu|na|oc,8.0,,
car,chevrolet,Chevrolet,classic,Classic,hatchback,nz|us,na|oc,9.0,,
car,chevrolet,Chevrolet,coach,Coach,coupe,fi|nl|nz,eu|oc,8.0,,
car,chevrolet,Chevrolet,cobalt,Cobalt,hatchback,ca|fi|ua|us,eu|na,6.0,,car/chevrolet/cobalt-ss|car/chevrolet/cobalt-xfe
car,chevrolet,Chevrolet,colorado,Colorado,hatchback,ca|fi|nl|th|ua|us,as|eu|na,8.0,,car/chevrolet/colorado-crew-cab|car/chevrolet/colorado-zr2|car/chevrolet/colorado-zr2-bison
car,chevrolet,Chevrolet,confederate,Confederate,convertible,nl|nz,eu|oc,7.0,,
car,chevrolet,Chevrolet,corsica,Corsica,sedan,ca|fi|nl|us,eu|na,5.0,,
car,chevrolet,Chevrolet,corvair,Corvair,convertible,es|fi|nl|nz,eu|oc,5.0,,car/chevrolet/corvair-500|car/chevrolet/corvair-corsa|car/chevrolet/corvair-monza
car,chevrolet,Chevrolet,corvette,Corvette,coupe,ar|ca|es|fi|gb|lu|my|nl|nz|th|ua|us,as|eu|na|oc|sa,4.0,Vette,car/chevrolet/c6|car/chevrolet/corvett|car/chevrolet/corvette-427|car/chevrolet/corvette-c3|car/chevrolet/corvette-c4|car/chevrolet/corvette-c5|car/chevrolet/corvette-c6|car/chevrolet/corvette-e-ray|car/chevrolet/corvette-lt4|car/chevrolet/corvette-roadster|car/chevrolet/corvette-sting-ray|car/chevrolet/corvette-stingray|car/chevrolet/corvette-stingray-454|car/chevrolet/corvette-z06|car/chevrolet/corvette-z06-carbon-aero|car/chevrolet/corvette-z51|car/chevrolet/corvette-zr-1|car/chevrolet/corvette-zr1|car/chevrolet/corvette-zr1x|car/chevrolet/sting-ray|car/chevrolet/stingray|car/chevrolet/z06
car,chevrolet,Chevrolet,cruze,Cruze,sedan,ar|ca|es|fi|gb|lu|my|nl|nz|ua|us,as|eu|na|oc|sa,4.0,,car/chevrolet/cruze-eco|car/chevrolet/cruze-limited|car/chevrolet/cruze-limited-eco|car/chevrolet/cruze-lt|car/chevrolet/cruze-premier
car,chevrolet,Chevrolet,de-luxe,De Luxe,sedan,fi|nl|nz,eu|oc,5.0,,car/chevrolet/deluxe
car,chevrolet,Chevrolet,delivery,Delivery,hatchback|wagon,fi|nl|nz,eu|oc,7.0,,
car,chevrolet,Chevrolet,delray,Delray,sedan,nl|nz,eu|oc,7.0,,
car,chevrolet,Chevrolet,eagle,Eagle,hatchback,nl|nz,eu|oc,8.0,,
car,chevrolet,Chevrolet,el-camino,El Camino,coupe,fi|nl|nz,eu|oc,5.0,,
car,chevrolet,Chevrolet,epica,Epica,sedan,ca|fi|gb|lu|nl|nz|ua|us,eu|na|oc,5.0,,
car,chevrolet,Chevrolet,equinox,Equinox,hatchback|wagon,ca|fi|nl|ua|us,eu|na,4.0,,car/chevrolet/equinox-lt
car,chevrolet,Chevrolet,equinox-ev,Equinox EV,hatchback,ca|ua|us,eu|na,4.0,,
car,chevrolet,Chevrolet,evanda,Evanda,sedan,fi|nl|ua,eu,3.0,,
car,chevrolet,Chevrolet,explorer,Explorer,suv,fi|nl,eu,7.0,,
car,chevrolet,Chevrolet,explorer-van,Explorer Van,hatchback,nl|ua,eu,9.0,,
car,chevrolet,Chevrolet,fleetline,Fleetline,coupe,fi|nl|nz,eu|oc,5.0,,car/chevrolet/fleetline-aerosedan|car/chevrolet/fleetline-deluxe
car,chevrolet,Chevrolet,fleetmaster,Fleetmaster,coupe,fi|nl|nz,eu|oc,6.0,,
car,chevrolet,Chevrolet,g1500,G1500,hatchback,fi|nl,eu,8.0,,
car,chevrolet,Chevrolet,g20,G20,hatchback,nl|nz,eu|oc,5.0,,
car,chevrolet,Chevrolet,gmc-jimmy,GMC Jimmy,hatchback,fi|nz,eu|oc,9.0,,
car,chevrolet,Chevrolet,gmc-safari,GMC Safari,hatchback,fi|nl,eu,9.0,,
car,chevrolet,Chevrolet,hhr,HHR,hatchback|wagon,ca|fi|lu|nl|ua,eu|na,5.0,,car/chevrolet/hhr-ls|car/chevrolet/hhr-lt|car/chevrolet/hhr-ss
car,chevrolet,Chevrolet,impala,Impala,sedan,ca|es|fi|nl|nz|ua|us,eu|na|oc,4.0,,car/chevrolet/impala-custom|car/chevrolet/impala-hardtop|car/chevrolet/impala-s-s|car/chevrolet/impala-sport|car/chevrolet/impala-ss|car/chevrolet/impala-ss-sport|car/chevrolet/impalla
car,chevrolet,Chevrolet,impala-caprice,Impala Caprice,sedan,nl|us,eu|na,8.0,,
car,chevrolet,Chevrolet,independence,Independence,sedan,nl|nz,eu|oc,7.0,,
car,chevrolet,Chevrolet,international,International,coupe,nl|nz,eu|oc,6.0,,car/chevrolet/ac|car/chevrolet/ac-international
car,chevrolet,Chevrolet,k10,K10,convertible,nl|nz,eu|oc,8.0,,
car,chevrolet,Chevrolet,k1500,K1500,hatchback,ca|nl|nz|us,eu|na|oc,7.0,,car/chevrolet/k1500-pickup|car/chevrolet/k1500-silverado
car,chevrolet,Chevrolet,k2500,K2500,hatchback,ca|nz,na|oc,6.0,,car/chevrolet/k2500-silverado
car,chevrolet,Chevrolet,kalos,Kalos,hatchback,es|fi|gb|nl|ua,eu,4.0,,
car,chevrolet,Chevrolet,kingswood,Kingswood,hatchback|wagon,nl|nz,eu|oc,7.0,,
car,chevrolet,Chevrolet,lacetti,Lacetti,hatchback,es|fi|gb|nl|nz|ua,eu|oc,4.0,,
car,chevrolet,Chevrolet,lumina,Lumina,sedan,ca|fi|nl|nz|ua|us,eu|na|oc,7.0,,
car,chevrolet,Chevrolet,lumina-monte-carlo,Lumina/Monte Carlo,hatchback,ca|us,na,,,
car,chevrolet,Chevrolet,m200,M200,hatchback,es|nl,eu,8.0,,
car,chevrolet,Chevrolet,m300,M300,hatchback,fi|nl,eu,7.0,,
car,chevrolet,Chevrolet,malibu,Malibu,sedan,ca|es|fi|nl|nz|ua|us,eu|na|oc,4.0,,car/chevrolet/malibu-classic|car/chevrolet/malibu-limited|car/chevrolet/malibu-maxx
car,chevrolet,Chevrolet,matiz,Matiz,hatchback,es|fi|gb|lu|nl|ua,eu,5.0,,
car,chevrolet,Chevrolet,metro,Metro,sedan,ca|nl|us,eu|na,8.0,,
car,chevrolet,Chevrolet,monte-carlo,Monte Carlo,coupe,ca|fi|nl|nz|us,eu|na|oc,4.0,,car/chevrolet/monte-carlo-ss
car,chevrolet,Chevrolet,monza,Monza,coupe,fi|nl|nz,eu|oc,5.0,,
car,chevrolet,Chevrolet,national,National,convertible,fi|nl|nz,eu|oc,6.0,,car/chevrolet/ab|car/chevrolet/national-ab
car,chevrolet,Chevrolet,niva,Niva,hatchback,fi|ua,eu,5.0,,
car,chevrolet,Chevrolet,nomad,Nomad,hatchback|wagon,fi|nl|nz,eu|oc,6.0,,car/chevrolet/belair-nomad
car,chevrolet,Chevrolet,nova,Nova,coupe,fi|lu|nl|nz|us,eu|na|oc,4.0,,car/chevrolet/nova-2|car/chevrolet/nova-concours|car/chevrolet/nova-custom|car/chevrolet/nova-ss
car,chevrolet,Chevrolet,nubira,Nubira,hatchback|wagon,fi|nl|ua,eu,2.0,,
car,chevrolet,Chevrolet,optra,Optra,hatchback,ca|fi|nz|ua|us,eu|na|oc,7.0,,car/chevrolet/optra-wagon
car,chevrolet,Chevrolet,orlando,Orlando,hatchback|wagon,ca|es|fi|gb|lu|nl|nz|ua,eu|na|oc,4.0,,
car,chevrolet,Chevrolet,parkwood,Parkwood,hatchback|wagon,nl|nz,eu|oc,7.0,,
car,chevrolet,Chevrolet,phaeton,Phaeton,convertible,nl|nz,eu|oc,8.0,,
car,chevrolet,Chevrolet,pick-up,Pick Up,pickup,nl|nz,eu|oc,7.0,,
car,chevrolet,Chevrolet,s10,S10,sedan,ca|nl|nz|us,eu|na|oc,9.0,,
car,chevrolet,Chevrolet,s10-pickup,S10 Pickup,hatchback,ca|us,na,,,
car,chevrolet,Chevrolet,sedan-delivery,Sedan Delivery,hatchback|wagon,nl,eu,8.0,,
car,chevrolet,Chevrolet,silverado,Silverado,hatchback|wagon,ca|fi|nl|nz|ua|us,eu|na|oc,5.0,,car/chevrolet/silverado-1500|car/chevrolet/silverado-20
car,chevrolet,Chevrolet,silverado-ev,Silverado EV,hatchback,ua|us,eu|na,7.0,,
car,chevrolet,Chevrolet,sonic,Sonic,sedan,ca|es|fi|nl|nz|ua|us,eu|na|oc,6.0,,car/chevrolet/sonic-5|car/chevrolet/sonic-lt
car,chevrolet,Chevrolet,spark,Spark,hatchback,ca|es|fi|gb|lu|nl|nz|ua|us,eu|na|oc,4.0,,
car,chevrolet,Chevrolet,spark-ev,Spark EV,hatchback,ca|nl|ua|us,eu|na,6.0,,
car,chevrolet,Chevrolet,special,Special,hatchback,fi|nl|nz,eu|oc,8.0,,
car,chevrolet,Chevrolet,special-deluxe,Special Deluxe,coupe,nl|nz,eu|oc,7.0,,
car,chevrolet,Chevrolet,sport,Sport,sedan,fi|nl|nz,eu|oc,7.0,,
car,chevrolet,Chevrolet,sports,Sports,hatchback,nl|nz,eu|oc,8.0,,
car,chevrolet,Chevrolet,sportvan,Sportvan,hatchback|wagon,ca|fi|nl,eu|na,6.0,,car/chevrolet/chevy-van-g20-sportvan|car/chevrolet/g20-sportvan
car,chevrolet,Chevrolet,sprint,Sprint,hatchback,nl|nz|us,eu|na|oc,9.0,,
car,chevrolet,Chevrolet,ss,SS,coupe,nl|nz|us,eu|na|oc,8.0,,
car,chevrolet,Chevrolet,ssr,Ssr,convertible,ca|nl|nz,eu|na|oc,9.0,,
car,chevrolet,Chevrolet,standard,Standard,sedan,nl|nz,eu|oc,6.0,,
car,chevrolet,Chevrolet,starcraft,Starcraft,hatchback,fi|nl,eu,7.0,,
car,chevrolet,Chevrolet,step-side,Step Side,hatchback|wagon,nl|nz,eu|oc,9.0,,
car,chevrolet,Chevrolet,styleline,Styleline,sedan,fi|nl|nz,eu|oc,5.0,,car/chevrolet/styleline-de-luxe|car/chevrolet/styleline-deluxe
car,chevrolet,Chevrolet,stylemaster,Stylemaster,coupe,fi|nl|nz,eu|oc,5.0,,car/chevrolet/stylemaster-sport
car,chevrolet,Chevrolet,suburban,Suburban,hatchback|wagon,ca|es|fi|lu|nl|nz|ua|us,eu|na|oc,5.0,,car/chevrolet/c10-suburban|car/chevrolet/k2500-suburban|car/chevrolet/suburban-1500|car/chevrolet/suburban-2wd|car/chevrolet/suburban-ffv|car/chevrolet/suburban-k1500|car/chevrolet/suburban-silverado|car/chevrolet/surburban
car,chevrolet,Chevrolet,super,Super,hatchback,nl|nz,eu|oc,9.0,,
car,chevrolet,Chevrolet,superior,Superior,convertible,fi|nl|nz,eu|oc,6.0,,
car,chevrolet,Chevrolet,sw,Sw,hatchback|wagon,nl|nz,eu|oc,9.0,,
car,chevrolet,Chevrolet,t10-blazer,T10 Blazer,hatchback|wagon,nl|us,eu|na,6.0,,
car,chevrolet,Chevrolet,tacuma,Tacuma,hatchback|wagon,es|fi|gb|nl|ua,eu,4.0,,
car,chevrolet,Chevrolet,tahoe,Tahoe,hatchback|wagon,ca|fi|lu|nl|nz|ua|us,eu|na|oc,4.0,,car/chevrolet/tahoe-4|car/chevrolet/tahoe-k1500
car,chevrolet,Chevrolet,tourer,Tourer,convertible,nl|nz,eu|oc,7.0,,
car,chevrolet,Chevrolet,touring,Touring,coupe,fi|nl,eu,8.0,,
car,chevrolet,Chevrolet,tracker,Tracker,convertible,ca|fi|nl|ua|us,eu|na,7.0,,
car,chevrolet,Chevrolet,trail-blazer,Trail Blazer,hatchback,ca|fi|nl|nz|th|ua|us,as|eu|na|oc,6.0,,car/chevrolet/t15506-trailblazer|car/chevrolet/trail-blazer-ltz|car/chevrolet/trailblazer|car/chevrolet/trailblazer-ext|car/chevrolet/trailblazer-ss|van/chevrolet/trailblazer
car,chevrolet,Chevrolet,trans-sport,Trans Sport,hatchback,fi|nl,eu,3.0,,
car,chevrolet,Chevrolet,traverse,Traverse,hatchback|wagon,ca|nl|ua|us,eu|na,6.0,,car/chevrolet/traverse-limited
car,chevrolet,Chevrolet,trax,Trax,hatchback|wagon,ca|es|fi|gb|nl|ua|us,eu|na,4.0,,
car,chevrolet,Chevrolet,truck,Truck,hatchback,nl|nz,eu|oc,9.0,,
car,chevrolet,Chevrolet,two,Two,hatchback,nl|nz,eu|oc,9.0,,
car,chevrolet,Chevrolet,two-ten,Two-Ten,sedan,nl|nz,eu|oc,7.0,,
car,chevrolet,Chevrolet,universal,Universal,sedan|wagon,nl|nz,eu|oc,7.0,,
car,chevrolet,Chevrolet,uplander,Uplander,hatchback|wagon,ca|fi|nl|us,eu|na,5.0,,
car,chevrolet,Chevrolet,van-1500,Van 1500,hatchback,nl|us,eu|na,5.0,,
car,chevrolet,Chevrolet,van-cg21305,Van CG21305,hatchback,fi|nl,eu,9.0,,
car,chevrolet,Chevrolet,vega,Vega,coupe,nl|nz,eu|oc,6.0,,
car,chevrolet,Chevrolet,venture,Venture,hatchback,ca|nl|us,eu|na,9.0,,
car,chevrolet,Chevrolet,volt,Volt,hatchback,ca|es|fi|gb|nl|nz|ua|us,eu|na|oc,5.0,,
car,chevrolet,Chevrolet,yeoman,Yeoman,hatchback|wagon,nl|nz,eu|oc,7.0,,
car,chrysler,Chrysler,180,180,hatchback,gb|nl,eu,9.0,,
car,chrysler,Chrysler,200,200,sedan,ca|fi|nl|ua|us,eu|na,5.0,,
car,chrysler,Chrysler,300,300,sedan,ca|fi|gb|nl|nz|ua|us,eu|na|oc,4.0,,car/chrysler/300-hurst|car/chrysler/300-s|car/chrysler/300-touring|car/chrysler/300s|car/chrysler/three-hundred
car,chrysler,Chrysler,300-c,300 C,sedan,ca|es|fi|gb|lu|nl|nz|ua|us,eu|na|oc,4.0,,car/chrysler/300c
car,chrysler,Chrysler,300-h,300 H,coupe,fi|nl,eu,9.0,,
car,chrysler,Chrysler,300-m,300 M,sedan,ca|fi|nl|nz|ua|us,eu|na|oc,5.0,,car/chrysler/300m
car,chrysler,Chrysler,300-srt8,300 SRT8,hatchback,ca|us,na,,,
car,chrysler,Chrysler,300c-srt8,300C SRT8,sedan,ca|fi|nl|us,eu|na,5.0,,car/chrysler/300c-srt-8
car,chrysler,Chrysler,300l,300L,sedan,nl|nz,eu|oc,8.0,,
car,chrysler,Chrysler,65,65,sedan,nl|nz,eu|oc,8.0,,
car,chrysler,Chrysler,66,66,hatchback,nl|nz,eu|oc,7.0,,
car,chrysler,Chrysler,70,70,hatchback,nl|nz,eu|oc,7.0,,
car,chrysler,Chrysler,72,72,sedan,nl|nz,eu|oc,8.0,,
car,chrysler,Chrysler,75,75,convertible,nl|nz,eu|oc,8.0,,
car,chrysler,Chrysler,airstream,Airstream,sedan,nl|nz,eu|oc,9.0,,
car,chrysler,Chrysler,alpine,Alpine,hatchback,gb|nz,eu|oc,8.0,,
car,chrysler,Chrysler,aspen,Aspen,hatchback|wagon,ca|nl|ua|us,eu|na,7.0,,
car,chrysler,Chrysler,avenger,Avenger,hatchback,gb|nz,eu|oc,6.0,,
car,chrysler,Chrysler,c300,C300,sedan,fi|nl,eu,8.0,,
car,chrysler,Chrysler,ch,Ch,hatchback,gb|nz,eu|oc,10.0,,
car,chrysler,Chrysler,charger,Charger,sedan,fi|gb|nl|nz,eu|oc,7.0,,car/chrysler/charger-r-t
car,chrysler,Chrysler,cherokee,Cherokee,hatchback|wagon,fi|nl|nz|ua,eu|oc,6.0,,
car,chrysler,Chrysler,cirrus,Cirrus,hatchback,ca|fi|ua|us,eu|na,8.0,,
car,chrysler,Chrysler,cj,Cj,hatchback,nl|nz,eu|oc,7.0,,
car,chrysler,Chrysler,cm,Cm,hatchback,fi|nz,eu|oc,8.0,,
car,chrysler,Chrysler,concorde,Concorde,sedan,ca|nl|ua|us,eu|na,9.0,,
car,chrysler,Chrysler,conquest,Conquest,hatchback,nl|nz|us,eu|na|oc,9.0,,
car,chrysler,Chrysler,cordoba,Cordoba,sedan,fi|nl|nz,eu|oc,5.0,,
car,chrysler,Chrysler,crossfire,Crossfire,coupe,ca|es|fi|gb|lu|nl|nz|ua|us,eu|na|oc,5.0,,car/chrysler/crossfire-roadster|car/chrysler/crossfire-srt6
car,chrysler,Chrysler,de-luxe,De Luxe,sedan,nl|nz,eu|oc,9.0,,
car,chrysler,Chrysler,de-soto,De Soto,hatchback,fi|nz,eu|oc,8.0,,
car,chrysler,Chrysler,dodge,Dodge,hatchback|wagon,nl|nz,eu|oc,6.0,,
car,chrysler,Chrysler,dodge-charger,Dodge Charger,sedan,nl|nz,eu|oc,8.0,,
car,chrysler,Chrysler,dynasty,Dynasty,hatchback,nl|ua,eu,9.0,,
car,chrysler,Chrysler,fifth-avenue,Fifth Avenue,sedan,fi|nl|nz|ua,eu|oc,8.0,,
car,chrysler,Chrysler,g70,G70,convertible,nl|nz,eu|oc,8.0,,
car,chrysler,Chrysler,grand-cherokee,Grand Cherokee,hatchback|wagon,es|fi|lu|nl|nz,eu|oc,6.0,,
car,chrysler,Chrysler,grand-voyager,Grand Voyager,mpv,es|fi|gb|lu|nl|nz,eu|oc,4.0,,
car,chrysler,Chrysler,gs,GS,hatchback,fi|nl,eu,9.0,,
car,chrysler,Chrysler,hunter,Hunter,hatchback,gb|nz,eu|oc,7.0,,
car,chrysler,Chrysler,imperial,Imperial,sedan,fi|nl|nz,eu|oc,4.0,,car/chrysler/crown-imperial|car/chrysler/imperial-crown|car/chrysler/imperial-le-baron
car,chrysler,Chrysler,intrepid,Intrepid,hatchback,ca|fi|ua,eu|na,9.0,,
car,chrysler,Chrysler,jeep,Jeep,hatchback|wagon,es|nl|nz,eu|oc,6.0,,
car,chrysler,Chrysler,jeep-grand-cherokee,Jeep Grand Cherokee,hatchback|wagon,nl|ua,eu,8.0,,
car,chrysler,Chrysler,laser,Laser,hatchback,ua|us,eu|na,9.0,,
car,chrysler,Chrysler,le-baron,Le Baron,convertible,ca|fi|lu|nl|nz|ua|us,eu|na|oc,5.0,,car/chrysler/lebaron
car,chrysler,Chrysler,lhs,Lhs,hatchback,ca|ua|us,eu|na,9.0,,
car,chrysler,Chrysler,neon,Neon,sedan,ca|fi|gb|nl|nz|ua,eu|na|oc,5.0,,
car,chrysler,Chrysler,new-yorker,New Yorker,sedan,ca|fi|gb|lu|nl|nz|ua|us,eu|na|oc,6.0,,
car,chrysler,Chrysler,new-yorker-brougham,New Yorker Brougham,sedan,fi|nl,eu,6.0,,
car,chrysler,Chrysler,new-yorker-deluxe,New Yorker Deluxe,sedan,fi|nl,eu,9.0,,
car,chrysler,Chrysler,new-yorker-lhs,New Yorker Lhs,hatchback,nl|us,eu|na,9.0,,
car,chrysler,Chrysler,newport,Newport,sedan,fi|nl|nz,eu|oc,3.0,,car/chrysler/newport-custom|car/chrysler/newport-royal
car,chrysler,Chrysler,pacifica,Pacifica,hatchback|wagon,ca|es|fi|lu|nl|ua|us,eu|na,5.0,,car/chrysler/pacifica-limited|car/chrysler/pacifica-touring-l
car,chrysler,Chrysler,plymouth,Plymouth,coupe,nl|nz,eu|oc,7.0,,
car,chrysler,Chrysler,prowler,Prowler,convertible,ca|nl|nz|us,eu|na|oc,7.0,,
car,chrysler,Chrysler,pt-cruiser,Pt Cruiser,wagon,ca|es|fi|gb|lu|nl|nz|ua|us,eu|na|oc,4.0,,
car,chrysler,Chrysler,regal,Regal,hatchback,gb|nz,eu|oc,6.0,,
car,chrysler,Chrysler,royal,Royal,coupe,fi|nl|nz,eu|oc,6.0,,car/chrysler/royal-eight
car,chrysler,Chrysler,saratoga,Saratoga,sedan,fi|lu|nl|nz|ua,eu|oc,7.0,,
car,chrysler,Chrysler,sebring,Sebring,convertible,ca|es|fi|gb|lu|nl|nz|ua|us,eu|na|oc,4.0,,car/chrysler/sebring-lx
car,chrysler,Chrysler,six,Six,convertible,nl|nz,eu|oc,8.0,,
car,chrysler,Chrysler,stratus,Stratus,convertible,fi|nl|ua,eu,5.0,,
car,chrysler,Chrysler,sunbeam,Sunbeam,hatchback,gb|nz,eu|oc,7.0,,
car,chrysler,Chrysler,tc,Tc,convertible,fi|nl,eu,8.0,,
car,chrysler,Chrysler,town-country,Town & Country,hatchback|wagon,ca|fi|gb|lu|nl|nz|ua|us,eu|na|oc,6.0,,car/chrysler/town-and-country|car/chrysler/town-country-touring
car,chrysler,Chrysler,valiant,Valiant,sedan,gb|nl|nz,eu|oc,8.0,,
car,chrysler,Chrysler,viper,Viper,coupe,fi|gb|nl,eu,8.0,,
car,chrysler,Chrysler,vision,Vision,sedan,fi|nl|ua,eu,6.0,,
car,chrysler,Chrysler,voyager,Voyager,hatchback,ca|es|fi|gb|lu|nl|ua|us,eu|na,4.0,,
car,chrysler,Chrysler,windsor,Windsor,sedan,fi|nl|nz,eu|oc,4.0,,car/chrysler/windsor-deluxe|car/chrysler/windsor-nassau
car,chrysler,Chrysler,ypsilon,Ypsilon,hatchback,gb,eu,4.0,,
car,citroen,Citroën,11,11,sedan,lu|nl,eu,5.0,,
car,citroen,Citroën,11-bl-sport,11 Bl Sport,hatchback,fi|nl,eu,7.0,,
car,citroen,Citroën,11-legere,11-Legere,hatchback,lu|nl,eu,7.0,,
car,citroen,Citroën,11b,11B,sedan,fi|nl,eu,6.0,,
car,citroen,Citroën,11bl,11BL,sedan,fi|nl,eu,6.0,,
car,citroen,Citroën,11c,11C,hatchback|wagon,nl|nz,eu|oc,6.0,,
car,citroen,Citroën,15,15,hatchback,nl|nz,eu|oc,7.0,,
car,citroen,Citroën,15-six,15 Six,sedan,nl|nz,eu|oc,6.0,,
car,citroen,Citroën,15cv,15CV,hatchback,nl|nz,eu|oc,9.0,,
car,citroen,Citroën,1d19,1D19,hatchback,nl|nz,eu|oc,8.0,,
car,citroen,Citroën,280-l,280 L,hatchback,fi|nl,eu,7.0,,
car,citroen,Citroën,5-cv,5 Cv,convertible,nl|nz,eu|oc,8.0,,
car,citroen,Citroën,acadiane,Acadiane,hatchback|wagon,fi|nl,eu,6.0,,
car,citroen,Citroën,adria,Adria,hatchback,fi|gb,eu,9.0,,
car,citroen,Citroën,ami,Ami,sedan|wagon,gb|nl,eu,6.0,,
car,citroen,Citroën,ami-6,Ami 6,sedan,fi|lu|nl,eu,6.0,,
car,citroen,Citroën,ami-super,Ami Super,sedan,nl|nz,eu|oc,7.0,,
car,citroen,Citroën,ami8,AMI8,hatchback|wagon,lu|nl|nz,eu|oc,8.0,,
car,citroen,Citroën,ax,Ax,hatchback,fi|gb|lu|nl|nz|ua,eu|oc,6.0,,car/citroen/ax-gt|car/citroen/ax11tre
car,citroen,Citroën,az-2cv,Az 2CV,sedan,fi|nl,eu,7.0,,
car,citroen,Citroën,az-a2,Az A2,sedan,nl|nz,eu|oc,6.0,,
car,citroen,Citroën,azu-2cv,Azu 2CV,hatchback,fi|nl,eu,8.0,,
car,citroen,Citroën,b11,B11,hatchback,fi|nl,eu,6.0,,car/citroen/b-11
car,citroen,Citroën,b12,B12,convertible,nl|nz,eu|oc,7.0,,
car,citroen,Citroën,b14g,B14G,sedan,fi|nl,eu,7.0,,
car,citroen,Citroën,berlingoatalla-m-blueh,Berlingoátalla M Blueh,hatchback,es,eu,1.0,,
car,citroen,Citroën,burstner,Burstner,hatchback,es|nl,eu,9.0,,
car,citroen,Citroën,burton,Burton,convertible,lu|nl,eu,6.0,,
car,citroen,Citroën,bx,BX,hatchback,fi|gb|lu|nl|nz|ua,eu|oc,5.0,,car/citroen/bx-1|car/citroen/bx-14|car/citroen/bx-16|car/citroen/bx-16-tgs|car/citroen/bx-16-trs|car/citroen/bx-19|car/citroen/bx-19-gt|car/citroen/bx-19-gti|car/citroen/bx-19-trd|car/citroen/bx-19-trs|car/citroen/bx-19gti|car/citroen/bx-tzd-turbo|car/citroen/bx16rs|car/citroen/bx16trs|car/citroen/bx19-tri|car/citroen/bx19gti|car/citroen/bx19trs|car/citroen/bx19tzs
car,citroen,Citroën,c,C,convertible,nl|nz,eu|oc,8.0,,
car,citroen,Citroën,c-crosser,C-Crosser,hatchback,es|fi|gb|lu|nl|ua,eu,5.0,,
car,citroen,Citroën,c-elysee,C-Elysee,sedan,es|lu|nl|ua,eu,4.0,,
car,citroen,Citroën,c-zero,C-Zero,hatchback,es|fi|gb|nl|ua,eu,5.0,,
car,citroen,Citroën,c1,C1,hatchback,es|fi|gb|lu|nl|nz|ua,eu|oc,3.0,,car/citroen/c-1|car/citroen/c1-1-0i
car,citroen,Citroën,c2,C2,hatchback,es|fi|gb|lu|nl|nz|ua,eu|oc,3.0,,car/citroen/c-2
car,citroen,Citroën,c25,C25,hatchback,es|gb|nl|ua,eu,8.0,,car/citroen/c-25|car/citroen/c25-1400-s2
car,citroen,Citroën,c3,C3,hatchback,de|es|fi|gb|ie|lu|nl|nz|ua,eu|oc,2.0,,car/citroen/c3-1-1i|car/citroen/c3-1-4i
car,citroen,Citroën,c3-aircross,C3 Aircross,suv,es|fi|gb|ie|lu|nl|nz|ua,eu|oc,3.0,,car/citroen/nuevo-citroen-c3-aircr
car,citroen,Citroën,c3-picasso,C3 Picasso,mpv,es|fi|lu|nl|ua,eu,3.0,,
car,citroen,Citroën,c3-pluriel,C3 Pluriel,convertible,es|fi|lu|nl|nz|ua,eu|oc,5.0,,
car,citroen,Citroën,c4,C4,hatchback,ar|de|es|fi|gb|ie|lu|nl|nz|ua,eu|oc|sa,2.0,,car/citroen/c4-1-6i|car/citroen/nuevo-c4
car,citroen,Citroën,c4-aircross,C4 Aircross,suv,es|fi|lu|nl|ua,eu,4.0,,
car,citroen,Citroën,c4-cactus,C4 Cactus,suv,es|fi|lu|nl|nz|ua,eu|oc,2.0,,
car,citroen,Citroën,c4-grand-picasso,C4 Grand Picasso,mpv,my|nz,as|oc,6.0,,
car,citroen,Citroën,c4-picasso,C4 Picasso,mpv,es|fi|lu|nl|nz|ua,eu|oc,2.0,,car/citroen/c4-picasso-1-6hdi|car/citroen/c4-picasso-1-6i
car,citroen,Citroën,c4-spacetourer,C4 Spacetourer,mpv,es|fi|lu|nl|ua,eu,4.0,,
car,citroen,Citroën,c4x,C4X,sedan,es|fi|lu|nl|ua,eu,5.0,,car/citroen/c4-x
car,citroen,Citroën,c5,C5,hatchback|wagon,de|es|fi|gb|lu|nl|nz|ua,eu|oc,2.0,,
car,citroen,Citroën,c5-aircross,C5 Aircross,suv,es|fi|ie|lu|nl|nz|ua,eu|oc,2.0,,car/citroen/nuevo-c5-aircross-hybr
car,citroen,Citroën,c5-x,C5 X,wagon,es|fi|nl,eu,3.0,,
car,citroen,Citroën,c6,C6,sedan,fi|gb|lu|nl|nz|ua,eu|oc,5.0,,
car,citroen,Citroën,c6f,C6F,convertible,nl|nz,eu|oc,9.0,,
car,citroen,Citroën,c8,C8,hatchback,es|fi|gb|lu|nl|nz|ua,eu|oc,5.0,,
car,citroen,Citroën,challenger,Challenger,hatchback,es|nl,eu,9.0,,
car,citroen,Citroën,clever,Clever,hatchback,es|fi|nl,eu,6.0,,
car,citroen,Citroën,cx,CX,sedan,fi|gb|lu|nl|nz|ua,eu|oc,5.0,,car/citroen/cx-20-pallas|car/citroen/cx-22-trs|car/citroen/cx-22trs|car/citroen/cx-2400|car/citroen/cx-25|car/citroen/cx-25-prestige|car/citroen/cx-25-trd|car/citroen/cx-familiale|car/citroen/cx-pallas|car/citroen/cx-prestige|car/citroen/cx20|car/citroen/cx2000|car/citroen/cx2200|car/citroen/cx22trs|car/citroen/cx2400|car/citroen/cx2400-pallas|car/citroen/cx25|car/citroen/cx2500|car/citroen/cx25gti
car,citroen,Citroën,dethleffs,Dethleffs,hatchback,fi|nl,eu,9.0,,
car,citroen,Citroën,ds,DS,sedan,fi|gb|lu|nl|nz,eu|oc,4.0,,car/citroen/d-special|car/citroen/d-super|car/citroen/d-super-5|car/citroen/d20|car/citroen/d20super|car/citroen/ds-19|car/citroen/ds-20|car/citroen/ds-21|car/citroen/ds-21-m|car/citroen/ds-21-pallas|car/citroen/ds-23|car/citroen/ds-23-pallas|car/citroen/ds-pallas|car/citroen/ds-special|car/citroen/ds-super|car/citroen/ds20|car/citroen/ds20-pallas|car/citroen/ds21|car/citroen/ds21-pallas|car/citroen/ds21pallas|car/citroen/ds23|car/citroen/pallas|car/citroen/safari
car,citroen,Citroën,ds-7-crossback,DS 7 Crossback,suv,es|fi,eu,8.0,,
car,citroen,Citroën,ds3,DS3,hatchback,es|fi|gb|ie|lu|nl|nz|ua,eu|oc,4.0,,car/citroen/ds-3|car/citroen/ds3-r3t|car/citroen/ds3-racing
car,citroen,Citroën,ds4,DS4,hatchback,es|fi|gb|lu|nl|nz|ua,eu|oc,3.0,,
car,citroen,Citroën,ds5,DS5,hatchback,es|fi|gb|lu|nl|nz|ua,eu|oc,4.0,,car/citroen/ds-5
car,citroen,Citroën,dsfd,Dsfd,sedan,nl|nz,eu|oc,8.0,,
car,citroen,Citroën,dyane,Dyane,hatchback,fi|gb|nl|nz,eu|oc,4.0,,car/citroen/dyane-6
car,citroen,Citroën,e-c3,ë-C3,hatchback,fi|gb|lu|nl|ua,eu,4.0,,
car,citroen,Citroën,e-c3-aircross,E-C3 Aircross,suv,fi|lu|nl,eu,3.0,,
car,citroen,Citroën,e-c4,ë-C4,hatchback,es|fi|gb|lu|nl|nz|ua,eu|oc,4.0,,
car,citroen,Citroën,e-c4-x,E-C4 X,sedan,fi|lu|nl|ua,eu,5.0,,
car,citroen,Citroën,evasion,Evasion,hatchback,es|fi|nl|nz|ua,eu|oc,7.0,,
car,citroen,Citroën,familiale,Familiale,sedan,gb|nl,eu,10.0,,
car,citroen,Citroën,giottiline,Giottiline,hatchback,es|fi,eu,8.0,,
car,citroen,Citroën,grand-c4-picasso,Grand C4 Picasso,mpv,fi|nl|ua,eu,7.0,,
car,citroen,Citroën,grand-c4-spacetourer,Grand C4 Spacetourer,mpv,ie|nl|ua,eu,9.0,,
car,citroen,Citroën,gs,GS,sedan,fi|gb|lu|nl|nz,eu|oc,6.0,,car/citroen/g-special|car/citroen/gs-1220|car/citroen/gs-break|car/citroen/gs-club|car/citroen/gs-pallas|car/citroen/gs-special|car/citroen/gs1220-club|car/citroen/gsx
car,citroen,Citroën,gsa,Gsa,hatchback,fi|gb|nl|nz,eu|oc,6.0,,car/citroen/gsa-break|car/citroen/gsa-club|car/citroen/gsa-pallas|car/citroen/gsa-special
car,citroen,Citroën,h,H,hatchback,fi|nl,eu,7.0,,
car,citroen,Citroën,hy,HY,hatchback|wagon,nl|nz,eu|oc,7.0,,
car,citroen,Citroën,i-d,I D,sedan,fi|gb|nl|nz,eu|oc,8.0,,car/citroen/id
car,citroen,Citroën,id-19p,Id-19P,sedan,fi|nl,eu,7.0,,
car,citroen,Citroën,id19,ID19,sedan,nl|nz,eu|oc,4.0,,car/citroen/id-19
car,citroen,Citroën,id20,ID20,sedan,fi|nl,eu,5.0,,car/citroen/id-20
car,citroen,Citroën,light-15,Light 15,hatchback,nl|nz,eu|oc,7.0,,
car,citroen,Citroën,lna,Lna,hatchback,gb|nl|nz,eu|oc,8.0,,
car,citroen,Citroën,mehari,Mehari,convertible,es|fi|lu|nl|nz,eu|oc,6.0,,
car,citroen,Citroën,nemo,Nemo,hatchback,es|fi|gb|lu|nl|ua,eu,5.0,,
car,citroen,Citroën,possl,Possl,hatchback,es|nl,eu,7.0,,
car,citroen,Citroën,saxo,Saxo,hatchback,fi|gb|lu|nl|nz|ua,eu|oc,5.0,,
car,citroen,Citroën,sm,SM,coupe,fi|gb|nl|nz,eu|oc,6.0,,
car,citroen,Citroën,spacetourer,Spacetourer,mpv,es|fi|gb|lu|nl,eu,4.0,,
car,citroen,Citroën,traction,Traction,sedan,fi|nl|nz,eu|oc,6.0,,
car,citroen,Citroën,visa,Visa,hatchback,fi|gb|nl|ua,eu,6.0,,
car,citroen,Citroën,welcome,Welcome,hatchback,es|nl,eu,9.0,,
car,citroen,Citroën,xantia,Xantia,hatchback|wagon,fi|gb|lu|nl|nz|ua,eu|oc,5.0,,
car,citroen,Citroën,xm,Xm,hatchback,es|fi|gb|lu|nl|nz,eu|oc,6.0,,car/citroen/xm-v6
car,citroen,Citroën,xsara,Xsara,hatchback|wagon,fi|gb|lu|nl|ua,eu,3.0,,
car,citroen,Citroën,xsara-picasso,Xsara Picasso,mpv,es|fi|lu|nl|ua,eu,3.0,,car/citroen/xsara-picasso-1-8i-16v
car,citroen,Citroën,zx,ZX,hatchback|wagon,fi|gb|lu|nl|ua,eu,5.0,,
car,commer,Commer,cob,Cob,hatchback,fi|nz,eu|oc,6.0,,
car,continental,Continental,mark,Mark,sedan,nl|nz,eu|oc,8.0,,
car,cupra,Cupra,ateca,Ateca,suv,es|fi|gb|lu|nl|nz|ua,eu|oc,4.0,,car/seat/cupra-ateca
car,cupra,Cupra,born,Born,hatchback|wagon,de|es|fi|gb|ie|lu|nl|nz|ua,eu|oc,3.0,,
car,cupra,Cupra,formentor,Formentor,suv,de|es|fi|gb|ie|lu|nl|nz|ua,eu|oc,2.0,,car/seat/formentor
car,cupra,Cupra,leon,Leon,hatchback|wagon,es|fi|gb|ie|lu|nl|nz|ua,eu|oc,3.0,León,car/cupra/seat-leon|car/seat/cupra-leon
car,cupra,Cupra,raval,Raval,hatchback|wagon,de|es|lu|nl,eu,4.0,,
car,cupra,Cupra,tavascan,Tavascan,suv,de|es|fi|gb|ie|lu|nl|nz,eu|oc,3.0,,car/cupra/tavascan-v1-ev
car,cupra,Cupra,terramar,Terramar,suv,de|es|fi|gb|ie|lu|nl|nz|ua,eu|oc,3.0,,car/cupra/terramar-amrica-cp-ed
car,dacia,Dacia,1310,1310,sedan,nl|ua,eu,9.0,,
car,dacia,Dacia,bigster,Bigster,suv,de|es|fi|gb|ie|lu|nl,eu,2.0,,car/dacia/bigster-expression-hev-auto
car,dacia,Dacia,duster,Duster,suv,de|es|fi|gb|ie|lu|nl|ua,eu,1.0,Renault Duster,car/dacia/duster-extreme
car,dacia,Dacia,jogger,Jogger,hatchback|wagon,de|es|fi|gb|ie|lu|nl|ua,eu,3.0,,
car,dacia,Dacia,logan,Logan,hatchback|wagon,de|es|fi|gb|lu|nl|ua,eu,3.0,Renault Logan|Renault Symbol|Renault Tondar 90,car/dacia/logan-mcv
car,dacia,Dacia,sandero,Sandero,hatchback,de|es|fi|gb|ie|lu|nl|ua,eu,1.0,Renault Sandero,
car,dacia,Dacia,sandero-stepway,Sandero Stepway,hatchback|wagon,es|nl|nz,eu|oc,8.0,,
car,dacia,Dacia,spring,Spring,suv,de|es|fi|gb|ie|lu|nl|ua,eu,3.0,,
car,daewoo,Daewoo,cielo,Cielo,sedan,nl|nz,eu|oc,7.0,,
car,daewoo,Daewoo,espero,Espero,sedan,gb|nl|nz|ua,eu|oc,7.0,,
car,daewoo,Daewoo,evanda,Evanda,sedan,fi|nl|ua,eu,6.0,,
car,daewoo,Daewoo,gentra,Gentra,hatchback,fi|ua,eu,6.0,,
car,daewoo,Daewoo,kalos,Kalos,hatchback,fi|gb|lu|nl|nz|ua|us,eu|na|oc,5.0,,
car,daewoo,Daewoo,lacetti,Lacetti,hatchback,gb|nl|nz|ua|us,eu|na|oc,5.0,,
car,daewoo,Daewoo,lanos,Lanos,hatchback,ca|gb|nl|nz|ua|us,eu|na|oc,3.0,,
car,daewoo,Daewoo,leganza,Leganza,sedan,ca|gb|nl|nz|ua|us,eu|na|oc,5.0,,
car,daewoo,Daewoo,magnus,Magnus,sedan,nl|us,eu|na,9.0,,
car,daewoo,Daewoo,matiz,Matiz,hatchback,fi|gb|lu|nl|nz|ua,eu|oc,4.0,,
car,daewoo,Daewoo,musso,Musso,hatchback,gb|ua,eu,8.0,,
car,daewoo,Daewoo,nexia,Nexia,hatchback,fi|gb|nl|ua,eu,5.0,,
car,daewoo,Daewoo,nubira,Nubira,sedan|wagon,ca|gb|nl|nz|ua|us,eu|na|oc,4.0,,
car,daewoo,Daewoo,nubira-wagon,Nubira Wagon,hatchback,ca|us,na,,,
car,daewoo,Daewoo,racer,Racer,hatchback,nl|ua,eu,8.0,,
car,daewoo,Daewoo,rezzo,Rezzo,hatchback|wagon,nl|ua,eu,9.0,,
car,daewoo,Daewoo,sens,Sens,hatchback,ua,eu,1.0,,
car,daewoo,Daewoo,tacuma,Tacuma,hatchback|wagon,fi|gb|nl|nz|ua,eu|oc,5.0,,
car,daewoo,Daewoo,tico,Tico,hatchback,nl|ua,eu,8.0,,
car,daihatsu,Daihatsu,applause,Applause,hatchback,fi|gb|nl|nz|ua,eu|oc,6.0,,
car,daihatsu,Daihatsu,atrai,Atrai,hatchback|wagon,nl|nz|th,as|eu|oc,7.0,,
car,daihatsu,Daihatsu,charade,Charade,hatchback,fi|gb|lu|nl|nz|ua|us,eu|na|oc,4.0,,
car,daihatsu,Daihatsu,charade-cg,Charade Cg,hatchback,nl|nz,eu|oc,9.0,,
car,daihatsu,Daihatsu,charade-cs,Charade Cs,hatchback,nl|nz,eu|oc,6.0,,
car,daihatsu,Daihatsu,charade-gt-ti,Charade GT Ti,hatchback,nl|nz,eu|oc,7.0,,
car,daihatsu,Daihatsu,charade-xte,Charade Xte,hatchback,nl|nz,eu|oc,8.0,,
car,daihatsu,Daihatsu,charmant,Charmant,hatchback,fi|gb,eu,7.0,,
car,daihatsu,Daihatsu,copen,Copen,convertible,es|fi|gb|my|nl|nz,as|eu|oc,5.0,,
car,daihatsu,Daihatsu,cuore,Cuore,hatchback,fi|gb|lu|nl|nz|ua,eu|oc,6.0,,
car,daihatsu,Daihatsu,f20,F20,hatchback,gb|nl,eu,10.0,,
car,daihatsu,Daihatsu,feroza,Feroza,convertible,fi|nl|nz,eu|oc,4.0,,
car,daihatsu,Daihatsu,feroza-dx,Feroza Dx,hatchback|wagon,nl|nz,eu|oc,9.0,,
car,daihatsu,Daihatsu,fourtrak,Fourtrak,hatchback,gb,eu,3.0,,
car,daihatsu,Daihatsu,gran-move,Gran Move,hatchback,fi|nl,eu,4.0,,
car,daihatsu,Daihatsu,materia,Materia,mpv,fi|gb|lu|nl|nz|ua,eu|oc,5.0,,
car,daihatsu,Daihatsu,mira,Mira,hatchback,gb|my|nl|nz,as|eu|oc,7.0,,
car,daihatsu,Daihatsu,move,Move,hatchback|wagon,fi|gb|my|nl|nz,as|eu|oc,5.0,,
car,daihatsu,Daihatsu,rocky,Rocky,hatchback|wagon,fi|nl|nz|ua|us,eu|na|oc,5.0,,
car,daihatsu,Daihatsu,sirion,Sirion,hatchback,es|fi|gb|lu|nl|nz|ua,eu|oc,4.0,,
car,daihatsu,Daihatsu,taft,Taft,convertible,my|nl|nz,as|eu|oc,5.0,,
car,daihatsu,Daihatsu,tanto,Tanto,hatchback,my|nz,as|oc,6.0,,
car,daihatsu,Daihatsu,terios,Terios,suv,es|fi|gb|lu|nl|nz|ua,eu|oc,4.0,,
car,daihatsu,Daihatsu,thor,Thor,hatchback,my|nz,as|oc,8.0,,
car,daihatsu,Daihatsu,trevis,Trevis,hatchback,es|nl|ua,eu,5.0,,
car,daihatsu,Daihatsu,wake,Wake,hatchback,my|nz,as|oc,9.0,,
car,daihatsu,Daihatsu,yrv,Yrv,hatchback|wagon,fi|gb|nl|nz|ua,eu|oc,5.0,,
car,daimler,Daimler,104,104,hatchback,nl|nz,eu|oc,8.0,,
car,daimler,Daimler,2-1-2-litre,2 1/2 Litre,sedan,nl|nz,eu|oc,8.0,,
car,daimler,Daimler,25,25,sedan,nl|nz,eu|oc,8.0,,
car,daimler,Daimler,250,250,sedan,nl|nz,eu|oc,6.0,,
car,daimler,Daimler,250-v8,250 V8,sedan,nl|nz,eu|oc,6.0,,car/daimler/250v8
car,daimler,Daimler,420,420,sedan,nl|nz,eu|oc,9.0,,
car,daimler,Daimler,century,Century,sedan,gb|nl|nz,eu|oc,8.0,,
car,daimler,Daimler,century-mk2,Century MK2,hatchback,nl|nz,eu|oc,9.0,,
car,daimler,Daimler,conquest,Conquest,sedan,gb|nl|nz,eu|oc,6.0,,
car,daimler,Daimler,consort,Consort,hatchback,nl|nz,eu|oc,7.0,,
car,daimler,Daimler,d-six,D Six,sedan,nl|nz,eu|oc,8.0,,
car,daimler,Daimler,db18,DB18,sedan,nl|nz,eu|oc,6.0,,
car,daimler,Daimler,dingo,Dingo,convertible,nl|nz,eu|oc,8.0,,
car,daimler,Daimler,double-six,Double Six,sedan,fi|gb|lu|nl|nz,eu|oc,5.0,,
car,daimler,Daimler,double-six-auto,Double Six Auto,coupe,nl|nz,eu|oc,9.0,,
car,daimler,Daimler,double-six-series,Double Six Series,sedan,fi|nl,eu,7.0,,
car,daimler,Daimler,ds420,DS420,sedan,nl|nz,eu|oc,7.0,,car/daimler/ds-420
car,daimler,Daimler,e20,E20,sedan,nl|nz,eu|oc,9.0,,
car,daimler,Daimler,ferret,Ferret,sedan,nl|nz,eu|oc,9.0,,
car,daimler,Daimler,light-15,Light 15,hatchback,nl|nz,eu|oc,9.0,,
car,daimler,Daimler,limousine,Limousine,sedan,gb|nl|nz,eu|oc,6.0,,
car,daimler,Daimler,majestic,Majestic,sedan,fi|gb|nl|nz,eu|oc,7.0,,
car,daimler,Daimler,majestic-major,Majestic Major,sedan,nl|nz,eu|oc,8.0,,
car,daimler,Daimler,mk2,MK2,sedan,nl|nz,eu|oc,9.0,,
car,daimler,Daimler,mkii,Mkii,hatchback,nl|nz,eu|oc,8.0,,
car,daimler,Daimler,one-o-four,One O Four,hatchback,gb|nz,eu|oc,8.0,,
car,daimler,Daimler,regency,Regency,coupe,nl|nz,eu|oc,8.0,,
car,daimler,Daimler,six,Six,sedan,gb|nl|nz,eu|oc,6.0,,
car,daimler,Daimler,sovereign,Sovereign,sedan,fi|gb|nl|nz,eu|oc,5.0,,
car,daimler,Daimler,sovereign-4,Sovereign 4,sedan,nl|nz,eu|oc,7.0,,
car,daimler,Daimler,sp250,SP250,convertible,gb|nl|nz,eu|oc,5.0,,car/daimler/sp-250
car,daimler,Daimler,special,Special,hatchback,nl|nz,eu|oc,9.0,,
car,daimler,Daimler,super-8,Super 8,hatchback,gb|nz,eu|oc,8.0,,
car,daimler,Daimler,super-eight,Super Eight,sedan,nl|nz,eu|oc,8.0,,
car,daimler,Daimler,super-v8,Super V8,sedan,fi|nl|nz,eu|oc,5.0,,
car,daimler,Daimler,v8,V8,sedan,gb|nl|nz,eu|oc,4.0,,car/daimler/v-8
car,daimler,Daimler,v8250,V8250,sedan,nl|nz,eu|oc,5.0,,car/daimler/v8-250
car,daimler,Daimler,xj,Xj,sedan,fi|nl,eu,7.0,,
car,daimler,Daimler,xj40,XJ40,sedan,fi|nl|nz,eu|oc,7.0,,
car,daimler,Daimler,xj6,XJ6,hatchback,gb|nz,eu|oc,8.0,,
car,datsun,Datsun,1000,1000,sedan,fi|gb|nl|nz,eu|oc,7.0,,
car,datsun,Datsun,100a,100A,hatchback,fi|nl|nz,eu|oc,5.0,,
car,datsun,Datsun,120,120,hatchback,gb|nz,eu|oc,8.0,,
car,datsun,Datsun,120-y,120 Y,coupe,fi|nl|nz,eu|oc,4.0,,car/datsun/120y
car,datsun,Datsun,1200,1200,coupe,fi|gb|nl|nz,eu|oc,5.0,,
car,datsun,Datsun,1200-de-luxe,1200 De Luxe,sedan,fi|nl|nz,eu|oc,8.0,,car/datsun/1200-deluxe
car,datsun,Datsun,120a,120A,hatchback,fi|nz,eu|oc,6.0,,
car,datsun,Datsun,120y-wagon,120Y Wagon,hatchback,nl|nz,eu|oc,9.0,,
car,datsun,Datsun,1300,1300,sedan,gb|nl|nz,eu|oc,8.0,,
car,datsun,Datsun,140,140,hatchback,gb|nz,eu|oc,9.0,,
car,datsun,Datsun,1400,1400,sedan,gb|nl,eu,10.0,,
car,datsun,Datsun,140y,140Y,hatchback,fi|nz,eu|oc,6.0,,
car,datsun,Datsun,1600,1600,convertible,gb|nl|nz,eu|oc,6.0,,
car,datsun,Datsun,1600-de-luxe,1600 De Luxe,hatchback,fi|nz,eu|oc,8.0,,
car,datsun,Datsun,1600-sss,1600 Sss,hatchback,fi|nz,eu|oc,7.0,,
car,datsun,Datsun,160j,160J,hatchback,fi|nz,eu|oc,5.0,,
car,datsun,Datsun,160j-sss,160J Sss,hatchback,fi|nz,eu|oc,6.0,,
car,datsun,Datsun,180-sx,180 Sx,hatchback,nl|nz,eu|oc,6.0,,
car,datsun,Datsun,180b,180B,hatchback,fi|nz,eu|oc,5.0,,
car,datsun,Datsun,180b-wagon,180B Wagon,hatchback,nl|nz,eu|oc,9.0,,
car,datsun,Datsun,2000,2000,convertible,gb|nl|nz,eu|oc,8.0,,
car,datsun,Datsun,200l,200L,sedan,fi|nl,eu,7.0,,
car,datsun,Datsun,220c,220C,sedan,fi|nl|nz,eu|oc,8.0,,
car,datsun,Datsun,240,240,coupe,gb|nl|nz,eu|oc,7.0,,
car,datsun,Datsun,240-z,240 Z,coupe,fi|lu|nl|nz,eu|oc,5.0,,car/datsun/240z
car,datsun,Datsun,240-z-sport,240 Z Sport,coupe,fi|nl,eu,6.0,,
car,datsun,Datsun,2400,2400,sedan,nl|nz,eu|oc,9.0,,
car,datsun,Datsun,260,260,coupe,gb|nl|nz,eu|oc,7.0,,
car,datsun,Datsun,260-c,260 C,hatchback,nl|nz,eu|oc,9.0,,
car,datsun,Datsun,260-z,260 Z,coupe,fi|nl|nz,eu|oc,5.0,,car/datsun/260z
car,datsun,Datsun,260z-2-2,260Z 2+2,coupe,nl|nz,eu|oc,8.0,,
car,datsun,Datsun,280,280,coupe,gb|nl|nz,eu|oc,8.0,,
car,datsun,Datsun,280-z,280 Z,coupe,es|fi|nl|nz,eu|oc,6.0,,car/datsun/280z
car,datsun,Datsun,280c,280C,sedan,fi|nl|nz,eu|oc,9.0,,
car,datsun,Datsun,280zx,280ZX,coupe,fi|nl|nz,eu|oc,5.0,,car/datsun/280-zx
car,datsun,Datsun,510,510,hatchback|wagon,gb|nl|nz,eu|oc,8.0,,
car,datsun,Datsun,bluebird,Bluebird,hatchback|wagon,fi|gb|nl|nz,eu|oc,6.0,,
car,datsun,Datsun,bluebird-1200,Bluebird 1200,sedan,fi|nl,eu,9.0,,
car,datsun,Datsun,cedric,Cedric,sedan,gb|nl,eu,10.0,,
car,datsun,Datsun,cherry,Cherry,hatchback,fi|gb|nl|nz,eu|oc,7.0,,
car,datsun,Datsun,coupe-1200,Coupe 1200,hatchback,fi|nz,eu|oc,8.0,,
car,datsun,Datsun,fairlady,Fairlady,convertible,nl|nz,eu|oc,7.0,,
car,datsun,Datsun,fairlady-2000,Fairlady 2000,convertible,fi|nl,eu,8.0,,
car,datsun,Datsun,laurel,Laurel,sedan,fi|gb|nl|nz,eu|oc,8.0,,
car,datsun,Datsun,patrol,Patrol,hatchback|wagon,fi|gb|nl,eu,7.0,,
car,datsun,Datsun,silvia,Silvia,coupe,nl|nz,eu|oc,9.0,,
car,datsun,Datsun,stanza,Stanza,hatchback,fi|gb|nz,eu|oc,9.0,,
car,datsun,Datsun,sunny,Sunny,hatchback,fi|gb|nz,eu|oc,5.0,,
car,de-lorean,De Lorean,dmc,Dmc,coupe,nl|nz,eu|oc,4.0,,
car,de-lorean,De Lorean,dmc-12,Dmc 12,coupe,fi|nl|nz,eu|oc,5.0,,
car,de-soto,De Soto,1937,1937,hatchback,nl|nz,eu|oc,9.0,,
car,de-soto,De Soto,adventurer,Adventurer,coupe,fi|nl|nz,eu|oc,7.0,,
car,de-soto,De Soto,airflow,Airflow,hatchback,nl|nz,eu|oc,8.0,,
car,de-soto,De Soto,cf,CF,convertible,nl|nz,eu|oc,9.0,,
car,de-soto,De Soto,custom,Custom,sedan,fi|nl|nz,eu|oc,6.0,,
car,de-soto,De Soto,diplomat,Diplomat,sedan,fi|nl|nz,eu|oc,6.0,,
car,de-soto,De Soto,firedome,Firedome,sedan,fi|nl|nz,eu|oc,6.0,,
car,de-soto,De Soto,fireflite,Fireflite,sedan,fi|nl|nz,eu|oc,7.0,,
car,de-soto,De Soto,firesweep,Firesweep,hatchback,nl|nz,eu|oc,9.0,,
car,de-soto,De Soto,luxe,Luxe,sedan,nl|nz,eu|oc,8.0,,
car,de-soto,De Soto,powerflite,Powerflite,sedan,nl|nz,eu|oc,9.0,,
car,de-soto,De Soto,s-3,S 3,hatchback,fi|nl,eu,9.0,,
car,de-soto,De Soto,soto,Soto,hatchback,fi|nz,eu|oc,8.0,,
car,de-soto,De Soto,suburban,Suburban,sedan,nl|nz,eu|oc,9.0,,
car,de-tomaso,De Tomaso,pantera,Pantera,coupe,fi|nl|nz,eu|oc,5.0,,
car,de-tomaso,De Tomaso,pantera-gt5,Pantera GT5,coupe,fi|nl,eu,8.0,,
car,deepal,Deepal,s05,S05,hatchback|wagon,de|es|nl|ua,eu,6.0,,
car,deepal,Deepal,s05-max,S05 Max,mpv,th,as,2.0,,
car,deepal,Deepal,s07,S07,hatchback|wagon,de|es|nl|th|ua,as|eu,5.0,,
car,delage,Delage,d1,D1,hatchback,nl|nz,eu|oc,9.0,,
car,delage,Delage,d6-70,D6-70,convertible,fi|nl,eu,8.0,,
car,delage,Delage,d8,D8,convertible,nl|nz,eu|oc,9.0,,
car,delage,Delage,dm,Dm,convertible,nl|nz,eu|oc,9.0,,
car,denza,Denza,b8,B8,hatchback,my|nz,as|oc,5.0,,
car,denza,Denza,d9,D9,hatchback,my|nz|th|ua,as|eu|oc,5.0,,
car,denza,Denza,d9-fwd,D9 Fwd,hatchback,th,as,2.0,,
car,dfsk,DFSK,580,580,hatchback|wagon,es|gb|lu|nl,eu,9.0,,
car,dfsk,DFSK,e5,E5,hatchback|wagon,ar|es|fi|lu|nl,eu|sa,4.0,,
car,dfsk,DFSK,fengon-500,Fengon 500,hatchback,es|lu,eu,8.0,,
car,dfsk,DFSK,fengon-600,Fengon 600,hatchback,es|lu,eu,5.0,,
car,dfsk,DFSK,seres-3,Seres 3,hatchback|wagon,fi|lu|nl|ua,eu,6.0,,
car,dodge-brothers,Dodge Brothers,touring,Touring,convertible,fi|nl,eu,9.0,,
car,dodge,Dodge,330,330,hatchback,nl|nz,eu|oc,7.0,,
car,dodge,Dodge,400,400,convertible,fi|nl,eu,7.0,,
car,dodge,Dodge,440,440,coupe,fi|nl|nz,eu|oc,7.0,,
car,dodge,Dodge,600,600,suv,nl|nz|us,eu|na|oc,7.0,,car/dodge/600-es
car,dodge,Dodge,a100,A100,hatchback|wagon,fi|nl|nz,eu|oc,7.0,,car/dodge/a-100|car/dodge/a100-sportsman
car,dodge,Dodge,aries,Aries,hatchback|wagon,fi|nl|us,eu|na,8.0,,
car,dodge,Dodge,aspen,Aspen,coupe,fi|nl|nz,eu|oc,5.0,,
car,dodge,Dodge,avenger,Avenger,sedan,ca|fi|gb|nl|nz|ua|us,eu|na|oc,4.0,,
car,dodge,Dodge,b200,B200,hatchback|wagon,fi|nl,eu,7.0,,
car,dodge,Dodge,business,Business,coupe,fi|nl|nz,eu|oc,7.0,,
car,dodge,Dodge,caliber,Caliber,hatchback,ca|es|fi|gb|lu|nl|nz|ua|us,eu|na|oc,4.0,,car/dodge/caliber-srt4|car/dodge/caliber-sxt
car,dodge,Dodge,caravan,Caravan,hatchback|wagon,ca|fi|lu|nl|nz|ua,eu|na|oc,7.0,,
car,dodge,Dodge,challenger,Challenger,coupe,ca|es|fi|lu|my|nl|nz|ua|us,as|eu|na|oc,4.0,,car/dodge/chalenger|car/dodge/challanger|car/dodge/challanger-r-t|car/dodge/challenger-gt|car/dodge/challenger-r-t|car/dodge/challenger-r-t-scat-pack|car/dodge/challenger-rt|car/dodge/challenger-se|car/dodge/challenger-srt|car/dodge/challenger-srt-392|car/dodge/challenger-srt-8|car/dodge/challenger-srt-demon|car/dodge/challenger-srt-demon-170|car/dodge/challenger-srt-hellcat|car/dodge/challenger-srt8|car/dodge/challenger-srt8-392|car/dodge/challenger-sxt|car/dodge/challenger-sxt-plus|car/dodge/challenger-t-a|car/dodge/challenger-ta|car/dodge/challenger-widebody
car,dodge,Dodge,charger,Charger,coupe,ca|es|fi|lu|my|nl|nz|ua|us,as|eu|na|oc,4.0,,car/dodge/charger-2|car/dodge/charger-500|car/dodge/charger-daytona-r-t|car/dodge/charger-daytona-scat-pack|car/dodge/charger-r-t|car/dodge/charger-r-t-daytona|car/dodge/charger-r-t-se|car/dodge/charger-rt|car/dodge/charger-scat-pack|car/dodge/charger-se|car/dodge/charger-srt|car/dodge/charger-srt-8|car/dodge/charger-srt-hellcat|car/dodge/charger-srt8|car/dodge/charger-sxt
car,dodge,Dodge,charger-widebody,Charger Widebody,hatchback,ca|us,na,,,
car,dodge,Dodge,colt,Colt,hatchback|wagon,ca|nl|ua|us,eu|na,9.0,,car/dodge/colt-vista
car,dodge,Dodge,command,Command,hatchback,nl|nz,eu|oc,7.0,,
car,dodge,Dodge,coronet,Coronet,coupe,fi|lu|nl|nz,eu|oc,5.0,,car/dodge/coronet-440|car/dodge/coronet-500|car/dodge/coronet-r-t|car/dodge/coronet-rt|car/dodge/coronet-super-bee
car,dodge,Dodge,coronet-royal-lancer,Coronet Royal Lancer,hatchback,nl|nz,eu|oc,9.0,,
car,dodge,Dodge,custom,Custom,convertible,fi|nl|nz,eu|oc,7.0,,
car,dodge,Dodge,custom-880,Custom 880,sedan|wagon,fi|nl,eu,7.0,,
car,dodge,Dodge,custom-royal,Custom Royal,sedan,fi|nl|nz,eu|oc,6.0,,
car,dodge,Dodge,d-r,D.r,hatchback,nl|nz,eu|oc,9.0,,
car,dodge,Dodge,d100,D100,pickup,nl|nz,eu|oc,9.0,,
car,dodge,Dodge,d11,D11,sedan,nl|nz,eu|oc,8.0,,
car,dodge,Dodge,d2,D2,hatchback,nl|nz,eu|oc,8.0,,
car,dodge,Dodge,d22,D22,sedan,nl|nz,eu|oc,9.0,,
car,dodge,Dodge,d24,D24,sedan,fi|nl,eu,8.0,,
car,dodge,Dodge,dakota,Dakota,hatchback,ca|fi|nl|nz,eu|na|oc,8.0,,
car,dodge,Dodge,dart,Dart,sedan,ca|fi|lu|nl|nz|ua|us,eu|na|oc,4.0,,car/dodge/dart-demon|car/dodge/dart-gt|car/dodge/dart-sport|car/dodge/dart-swinger
car,dodge,Dodge,daytona,Daytona,hatchback,nz|us,na|oc,9.0,,
car,dodge,Dodge,deluxe,Deluxe,hatchback,fi|nz,eu|oc,8.0,,
car,dodge,Dodge,demon,Demon,coupe,nl|nz,eu|oc,8.0,,
car,dodge,Dodge,diplomat,Diplomat,hatchback,fi|nl|nz|us,eu|na|oc,8.0,,
car,dodge,Dodge,du,Du,hatchback,nl|nz,eu|oc,8.0,,
car,dodge,Dodge,durango,Durango,hatchback|wagon,ca|es|fi|gb|lu|nl|nz|ua|us,eu|na|oc,6.0,,car/dodge/durango-citadel|car/dodge/durango-gt|car/dodge/durango-r-t|car/dodge/durango-slt|car/dodge/durango-srt
car,dodge,Dodge,four,Four,hatchback,nl|nz,eu|oc,8.0,,
car,dodge,Dodge,grand-caravan,Grand Caravan,hatchback|wagon,ca|fi|nl|nz|ua|us,eu|na|oc,5.0,,car/dodge/grand
car,dodge,Dodge,hornet,Hornet,hatchback,ca|ua|us,eu|na,4.0,,
car,dodge,Dodge,intrepid,Intrepid,hatchback,ca|ua|us,eu|na,9.0,,
car,dodge,Dodge,journey,Journey,hatchback,ca|es|fi|gb|nl|nz|ua|us,eu|na|oc,3.0,,car/dodge/journey-se
car,dodge,Dodge,kingsway,Kingsway,sedan,fi|nl|nz,eu|oc,6.0,,car/dodge/kingsway-custom
car,dodge,Dodge,lancer,Lancer,sedan,fi|nl|nz|us,eu|na|oc,8.0,,
car,dodge,Dodge,magnum,Magnum,hatchback|wagon,ca|fi|nl|nz|ua|us,eu|na|oc,6.0,,car/dodge/magnum-r-t|car/dodge/magnum-rt|car/dodge/magnum-se|car/dodge/magnum-srt-8|car/dodge/magnum-srt8|car/dodge/magnum-sxt
car,dodge,Dodge,matador,Matador,hatchback,nl|nz,eu|oc,8.0,,
car,dodge,Dodge,mirada,Mirada,coupe,fi|nl,eu,7.0,,
car,dodge,Dodge,monaco,Monaco,sedan,fi|nl|nz|us,eu|na|oc,5.0,,
car,dodge,Dodge,neon,Neon,sedan,ca|fi|nl|nz|ua|us,eu|na|oc,7.0,,
car,dodge,Dodge,nitro,Nitro,hatchback|wagon,ca|es|fi|gb|lu|nl|nz|ua|us,eu|na|oc,4.0,,car/dodge/nitro-r-t
car,dodge,Dodge,omni,Omni,hatchback,nl|us,eu|na,7.0,,
car,dodge,Dodge,phoenix,Phoenix,hatchback,fi|nl|nz,eu|oc,7.0,,
car,dodge,Dodge,pioneer,Pioneer,sedan,fi|nl|nz,eu|oc,6.0,,
car,dodge,Dodge,polara,Polara,sedan,fi|nl|nz,eu|oc,4.0,,car/dodge/polara-500
car,dodge,Dodge,polara-880,Polara 880,hatchback,nl|nz,eu|oc,9.0,,
car,dodge,Dodge,raider,Raider,hatchback,nl|us,eu|na,9.0,,
car,dodge,Dodge,ram,Ram,hatchback|wagon,fi|nl|nz|ua,eu|oc,5.0,,
car,dodge,Dodge,ram-1500-van,Ram 1500 Van,hatchback,ca|nl,eu|na,8.0,,
car,dodge,Dodge,ram-2500,Ram 2500,hatchback,ca|fi|nl|ua,eu|na,7.0,,
car,dodge,Dodge,ram-2500-van,Ram 2500 Van,hatchback,ca|nl,eu|na,9.0,,
car,dodge,Dodge,ram-3500,Ram 3500,hatchback,nl|ua,eu,9.0,,
car,dodge,Dodge,ram-3500-van,Ram 3500 Van,hatchback,ca|nl,eu|na,9.0,,
car,dodge,Dodge,ram-b250,Ram B250,hatchback,fi|nl,eu,8.0,,
car,dodge,Dodge,ram-charger,Ram Charger,hatchback|wagon,fi|nl|nz|us,eu|na|oc,6.0,,car/dodge/ramcharger
car,dodge,Dodge,ram-srt-10,Ram Srt-10,hatchback,ca|fi,eu|na,7.0,,
car,dodge,Dodge,ram-van,Ram Van,hatchback,nl|ua,eu,4.0,,
car,dodge,Dodge,ram-van-wagon,Ram Van Wagon,hatchback,nl|ua,eu,9.0,,
car,dodge,Dodge,royal,Royal,sedan,fi|nl|nz,eu|oc,7.0,,
car,dodge,Dodge,royal-monaco,Royal Monaco,coupe,fi|nl|nz,eu|oc,8.0,,
car,dodge,Dodge,shadow,Shadow,convertible,fi|nl|us,eu|na,8.0,,
car,dodge,Dodge,sierra,Sierra,hatchback,fi|nl,eu,9.0,,
car,dodge,Dodge,spirit,Spirit,sedan,ca|nl|us,eu|na,9.0,,
car,dodge,Dodge,srt-4,Srt-4,sedan,ca|nl,eu|na,8.0,,
car,dodge,Dodge,st-regis,St.regis,sedan,fi|nl,eu,8.0,,
car,dodge,Dodge,standard-six,Standard Six,hatchback,nl|nz,eu|oc,8.0,,
car,dodge,Dodge,stealth,Stealth,coupe,ca|fi|lu|nl|nz|us,eu|na|oc,8.0,,car/dodge/stealth-r-t|car/dodge/stealth-r-t-turbo
car,dodge,Dodge,stratus,Stratus,sedan,ca|fi|nl|ua|us,eu|na,8.0,,car/dodge/stratus-es
car,dodge,Dodge,super-bee,Super Bee,coupe,fi|nl|nz,eu|oc,6.0,,
car,dodge,Dodge,tourer,Tourer,hatchback,nl|nz,eu|oc,7.0,,
car,dodge,Dodge,touring,Touring,convertible,nl|nz,eu|oc,9.0,,
car,dodge,Dodge,victory,Victory,sedan,nl|nz,eu|oc,9.0,,
car,dodge,Dodge,victory-six,Victory Six,hatchback,nl|nz,eu|oc,8.0,,
car,dodge,Dodge,viper,Viper,convertible,ar|ca|es|fi|lu|nl|nz|ua|us,eu|na|oc|sa,7.0,,car/dodge/viper-rt-10|car/dodge/viper-srt|car/dodge/viper-srt-10|car/dodge/viper-srt10
car,dodge,Dodge,wayfarer,Wayfarer,sedan,fi|nl,eu,8.0,,
car,dodge,Dodge,wc,Wc,convertible,nl|nz,eu|oc,7.0,,
car,dodge,Dodge,wc51,WC51,convertible,nl|nz,eu|oc,7.0,,
car,dodge,Dodge,wc52,WC52,convertible,nl|nz,eu|oc,6.0,,
car,dodge,Dodge,wc56,WC56,convertible,nl|nz,eu|oc,6.0,,car/dodge/wc-56
car,dodge,Dodge,wc57,WC57,convertible,nl|nz,eu|oc,7.0,,
car,dongfeng,Dongfeng,box,Box,hatchback,ar|de|es|fi|nl|nz|ua,eu|oc|sa,6.0,,
car,donkervoort,Donkervoort,d8gto,D8GTO,convertible,lu|nl,eu,7.0,,
car,donkervoort,Donkervoort,f22,F22,convertible,fi|nl,eu,6.0,,
car,donkervoort,Donkervoort,gto-rs,Gto-RS,convertible,lu|nl,eu,6.0,,
car,ds,DS,ds-3,DS 3,hatchback|wagon,de|es|fi|gb|lu|nl|nz|ua,eu|oc,4.0,,car/ds/3-crossback|car/ds/ds3|car/ds/ds3-crossback|car/ds/ds3-crossback-e-tense
car,ds,DS,ds-5,DS 5,hatchback,es|fi|gb|lu|nl,eu,5.0,,car/ds/ds5
car,ds,DS,ds-7,DS 7,hatchback|wagon,ar|de|es|fi|gb|lu|nl|ua,eu|sa,3.0,,car/ds/7-crossback|car/ds/ds7|car/ds/ds7-crossback
car,ds,DS,ds-9,DS 9,sedan,fi|gb|lu|nl,eu,5.0,,car/ds/ds9
car,ds,DS,ds-n-4,DS N°4,hatchback|wagon,de|es|fi|gb|lu|nl|ua,eu,4.0,,car/ds/ds4|car/ds/n-4|car/ds/no-4
car,ds,DS,ds-n-8,DS N°8,hatchback,de|es|fi|lu|nl,eu,6.0,,car/ds/n-8|car/ds/no-8
car,e-go,E.go,life,Life,coupe,nl|ua,eu,8.0,,
car,eagle,Eagle,summit,Summit,hatchback,ca|us,na,,,
car,eagle,Eagle,summit-wagon,Summit Wagon,hatchback,ca|us,na,,,
car,eagle,Eagle,talon,Talon,coupe,ca|gb|nl|ua|us,eu|na,9.0,,
car,eagle,Eagle,vision,Vision,hatchback,ca|us,na,,,
car,ebro,EBRO,s400,S400,suv,es,eu,1.0,,car/ebro/s400-hev
car,ebro,EBRO,s700,S700,suv,es,eu,1.0,,
car,ebro,EBRO,s700-hev,S700 HEV,hatchback,es,eu,1.0,,
car,edsel,Edsel,citation,Citation,sedan,nl|nz,eu|oc,9.0,,
car,edsel,Edsel,corsair,Corsair,sedan,fi|nl|nz,eu|oc,7.0,,
car,edsel,Edsel,pacer,Pacer,sedan,fi|nl|nz,eu|oc,7.0,,
car,edsel,Edsel,ranger,Ranger,sedan,fi|lu|nl|nz,eu|oc,7.0,,
car,edsel,Edsel,villager,Villager,hatchback|wagon,fi|nl|nz,eu|oc,8.0,,
car,essex,Essex,super-6,Super 6,convertible,nl|nz,eu|oc,6.0,,
car,essex,Essex,super-six,Super Six,sedan,nl|nz,eu|oc,5.0,,
car,eunos,Eunos,cosmo,Cosmo,coupe,nl|nz,eu|oc,6.0,,
car,eunos,Eunos,roadster,Roadster,convertible,nl|nz,eu|oc,4.0,,
car,excalibur,Excalibur,phaeton,Phaeton,convertible,nl|nz,eu|oc,6.0,,
car,faw,FAW,e-hs9,E-HS9,hatchback|wagon,fi|nl,eu,4.0,,car/faw/ehs9
car,faw,FAW,hongqi-ehs7,Hongqi EHS7,hatchback|wagon,lu|nl,eu,7.0,,
car,ferrari,Ferrari,12cilindri,12CILINDRI,coupe,ca|de|es|fi|lu|my|nl|nz|th|us,as|eu|na|oc,7.0,,
car,ferrari,Ferrari,12cilindri-spider,12CILINDRI Spider,convertible,ca|es|lu|nl|th|us,as|eu|na,7.0,,
car,ferrari,Ferrari,166,166,coupe,nl|nz,eu|oc,8.0,,
car,ferrari,Ferrari,250,250,coupe,nl|nz,eu|oc,8.0,,
car,ferrari,Ferrari,250-gt-e,250 GT/E,coupe,fi|nl,eu,7.0,,
car,ferrari,Ferrari,275,275,convertible,nl|nz,eu|oc,7.0,,
car,ferrari,Ferrari,296,296,convertible,ar|ca|de|es|fi|gb|lu|my|nl|nz|th|us,as|eu|na|oc|sa,6.0,,
car,ferrari,Ferrari,296-gtb,296 GTB,coupe,ca|es|fi|lu|nl|th|us,as|eu|na,6.0,,
car,ferrari,Ferrari,296-speciale,296 Speciale,coupe,ca|es|lu|nl|us,eu|na,7.0,,
car,ferrari,Ferrari,296-speciale-a,296 Speciale A,convertible,ca|es|lu|nl|us,eu|na,8.0,,
car,ferrari,Ferrari,308,308,convertible,es|fi|nl|nz|us,eu|na|oc,5.0,,
car,ferrari,Ferrari,308-gt4,308 GT4,hatchback,nl|nz,eu|oc,9.0,,
car,ferrari,Ferrari,308-gtb,308 GTB,coupe,fi|nl|nz,eu|oc,5.0,,car/ferrari/308gtb
car,ferrari,Ferrari,308-gtbi,308 GTBi,coupe,fi|nl|nz,eu|oc,8.0,,
car,ferrari,Ferrari,308-gts,308 GTS,convertible,nl|nz,eu|oc,6.0,,car/ferrari/308gts
car,ferrari,Ferrari,308-gtsi,308 GTSi,convertible,fi|nl|nz,eu|oc,6.0,,car/ferrari/308gtsi
car,ferrari,Ferrari,328,328,convertible,fi|lu|nl|nz|us,eu|na|oc,6.0,,
car,ferrari,Ferrari,328-gtb,328 GTB,coupe,nl|nz,eu|oc,7.0,,
car,ferrari,Ferrari,330,330,coupe,nl|nz,eu|oc,7.0,,
car,ferrari,Ferrari,348,348,coupe,es|nl|nz,eu|oc,6.0,,
car,ferrari,Ferrari,348-spider,348 Spider,convertible,ca|nl|nz,eu|na|oc,9.0,,
car,ferrari,Ferrari,348-tb,348 TB,coupe,ar|fi|nl|nz,eu|oc|sa,6.0,,
car,ferrari,Ferrari,348-ts,348 TS,coupe,ar|fi|nl|nz,eu|oc|sa,6.0,,car/ferrari/348ts
car,ferrari,Ferrari,355,355,coupe,nl|nz,eu|oc,6.0,,
car,ferrari,Ferrari,360,360,coupe,fi|gb|lu|my|nl|nz,as|eu|oc,6.0,,
car,ferrari,Ferrari,360-challenge-stradale,360 Challenge Stradale,coupe,ca|nl,eu|na,6.0,,
car,ferrari,Ferrari,360-modena,360 Modena,coupe,ca|fi|nl|nz,eu|na|oc,5.0,,car/ferrari/360-modena-f1
car,ferrari,Ferrari,360-modena-spider,360 Modena Spider,convertible,fi|nl|us,eu|na,7.0,,
car,ferrari,Ferrari,360-spider,360 Spider,convertible,ca|es|fi|nl|nz,eu|na|oc,6.0,,car/ferrari/360-spider-f1
car,ferrari,Ferrari,365,365,coupe,nl|nz,eu|oc,6.0,,
car,ferrari,Ferrari,365-gt4-2-2,365 GT4 2+2,coupe,fi|nl|nz,eu|oc,7.0,,
car,ferrari,Ferrari,365gt,365GT,coupe,nl|nz,eu|oc,9.0,,
car,ferrari,Ferrari,400,400,sedan,nl|nz,eu|oc,7.0,,
car,ferrari,Ferrari,400-i,400 I,coupe,nl|nz,eu|oc,7.0,,car/ferrari/400i
car,ferrari,Ferrari,412,412,sedan,nl|nz,eu|oc,7.0,,
car,ferrari,Ferrari,430,430,coupe,es|fi|gb|lu|nl|nz,eu|oc,6.0,,
car,ferrari,Ferrari,456,456,coupe,ca|nl|nz|us,eu|na|oc,5.0,,
car,ferrari,Ferrari,456-gt,456 GT,coupe,ca|nl|nz|us,eu|na|oc,6.0,,
car,ferrari,Ferrari,456-gt-gta,456 GT/Gta,hatchback,ca|us,na,,,
car,ferrari,Ferrari,458,458,coupe,es|fi|gb|lu|nl|nz,eu|oc,5.0,,
car,ferrari,Ferrari,458-italia,458 Italia,coupe,fi|nl|nz|us,eu|na|oc,6.0,,
car,ferrari,Ferrari,458-speciale,458 Speciale,coupe,nl|us,eu|na,6.0,,
car,ferrari,Ferrari,458-spider,458 Spider,convertible,nl|us,eu|na,6.0,,
car,ferrari,Ferrari,488,488,convertible,gb|my|nl|nz,as|eu|oc,4.0,,
car,ferrari,Ferrari,488-gtb,488 GTB,coupe,fi|lu|nl|th|ua|us,as|eu|na,8.0,,
car,ferrari,Ferrari,488-pista,488 Pista,coupe,es|fi|lu|nl|nz|th|us,as|eu|na|oc,7.0,,
car,ferrari,Ferrari,488-pista-spider,488 Pista Spider,convertible,nl|us,eu|na,5.0,,
car,ferrari,Ferrari,488-spider,488 Spider,convertible,es|fi|lu|nl|us,eu|na,6.0,,
car,ferrari,Ferrari,512,512,coupe,nl|nz,eu|oc,8.0,,
car,ferrari,Ferrari,512-bb,512 BB,coupe,fi|nl,eu,7.0,,
car,ferrari,Ferrari,512-tr,512 TR,coupe,nl|nz|us,eu|na|oc,8.0,,
car,ferrari,Ferrari,550,550,coupe,lu|nl|nz,eu|oc,6.0,,
car,ferrari,Ferrari,550-maranello,550 Maranello,coupe,ca|fi|nl|nz|us,eu|na|oc,7.0,,
car,ferrari,Ferrari,575,575,coupe,gb|lu|nl|us,eu|na,7.0,,
car,ferrari,Ferrari,575-m-maranello,575 M Maranello,coupe,ca|nl|nz|us,eu|na|oc,6.0,,car/ferrari/575m-maranello|car/ferrari/575m-maranello-f1
car,ferrari,Ferrari,575m,575M,coupe,gb|nl,eu,8.0,,
car,ferrari,Ferrari,599,599,coupe,gb|lu|nl|nz,eu|oc,5.0,,
car,ferrari,Ferrari,599-gtb,599 GTB,coupe,fi|nl|us,eu|na,5.0,,
car,ferrari,Ferrari,599-gtb-fiorano,599 GTB Fiorano,coupe,ca|fi|nl|us,eu|na,7.0,,
car,ferrari,Ferrari,599-gto,599 GTO,coupe,nl|us,eu|na,4.0,,
car,ferrari,Ferrari,612,612,coupe,fi|gb|lu|nl|nz,eu|oc,6.0,,
car,ferrari,Ferrari,612-scaglietti,612 Scaglietti,coupe,ca|de|es|fi|nl|us,eu|na,9.0,,
car,ferrari,Ferrari,812,812,convertible,fi|gb|lu|my|nl|nz|us,as|eu|na|oc,5.0,,
car,ferrari,Ferrari,812-competizione,812 Competizione,coupe,ca|es|nl|us,eu|na,7.0,,
car,ferrari,Ferrari,812-competizione-a,812 Competizione A,hatchback,ca|th|us,as|na,9.0,,
car,ferrari,Ferrari,812-superfast,812 Superfast,coupe,es|fi|lu|nl|th|ua|us,as|eu|na,6.0,,
car,ferrari,Ferrari,849-testarossa,849 Testarossa,coupe,ca|de|es|lu|nl|nz,eu|na|oc,7.0,,
car,ferrari,Ferrari,amalfi,Amalfi,coupe,de|es|gb|lu|nl|nz,eu|oc,7.0,,
car,ferrari,Ferrari,california,California,convertible,ca|es|fi|gb|lu|nl|nz|us,eu|na|oc,5.0,,
car,ferrari,Ferrari,california-t,California T,convertible,es|nl|nz|us,eu|na|oc,6.0,,
car,ferrari,Ferrari,daytona,Daytona,hatchback,gb|nz,eu|oc,8.0,,
car,ferrari,Ferrari,daytona-sp3,Daytona SP3,convertible,ca|lu|nl|us,eu|na,9.0,,
car,ferrari,Ferrari,dino,Dino,coupe,nl|nz,eu|oc,6.0,,
car,ferrari,Ferrari,dino-208gt4,Dino 208GT4,coupe,fi|nl,eu,7.0,,
car,ferrari,Ferrari,dino-246,Dino 246,convertible,lu|nl|nz,eu|oc,8.0,,
car,ferrari,Ferrari,dino-246-gt,Dino 246 GT,coupe,fi|nl|nz,eu|oc,6.0,,
car,ferrari,Ferrari,dino-308-gt4,Dino 308 GT4,coupe,fi|nl|nz,eu|oc,6.0,,
car,ferrari,Ferrari,dino-gt,Dino GT,coupe,fi|nl,eu,9.0,,
car,ferrari,Ferrari,enzo-ferrari,Enzo Ferrari,coupe,ca|nl|us,eu|na,6.0,,car/ferrari/enzo
car,ferrari,Ferrari,f-430-spider,F 430 Spider,convertible,ca|es|fi|nl|ua,eu|na,7.0,,car/ferrari/f430-spider
car,ferrari,Ferrari,f12,F12,coupe,fi|gb|lu|my|nl|nz|us,as|eu|na|oc,7.0,,
car,ferrari,Ferrari,f12-berlinetta,F12 Berlinetta,coupe,nl|nz|us,eu|na|oc,8.0,,
car,ferrari,Ferrari,f12-tdf,F12 Tdf,coupe,nl|us,eu|na,9.0,,
car,ferrari,Ferrari,f355,F355,coupe,ca|es|fi|lu|my|nl|nz|us,as|eu|na|oc,7.0,,car/ferrari/f-355
car,ferrari,Ferrari,f355-355-f1,F355/355 F1,hatchback,ca|us,na,,,
car,ferrari,Ferrari,f355-berlinetta,F355 Berlinetta,coupe,fi|nl|nz,eu|oc,7.0,,car/ferrari/f-355-berlinetta
car,ferrari,Ferrari,f355-berlinetta-gts,F355 Berlinetta/GTS,hatchback,ca|us,na,,,
car,ferrari,Ferrari,f40,F40,coupe,nl|nz|us,eu|na|oc,7.0,,
car,ferrari,Ferrari,f430,F430,convertible,ca|fi|gb|my|nl|nz|us,as|eu|na|oc,5.0,,car/ferrari/f-430
car,ferrari,Ferrari,f430-scuderia,F430 Scuderia,coupe,ca|fi|nl|ua,eu|na,7.0,,car/ferrari/430-scuderia
car,ferrari,Ferrari,f50,F50,convertible,nl|us,eu|na,7.0,,
car,ferrari,Ferrari,f512m,F512M,coupe,nl|us,eu|na,7.0,,
car,ferrari,Ferrari,f8,F8,hatchback,gb|my|nz,as|eu|oc,6.0,,
car,ferrari,Ferrari,f8-spider,F8 Spider,convertible,lu|nl|us,eu|na,7.0,,
car,ferrari,Ferrari,f8-tributo,F8 Tributo,coupe,es|fi|lu|nl|nz|th|us,as|eu|na|oc,6.0,,
car,ferrari,Ferrari,f80,F80,coupe,ca|es|gb|nl|nz|us,eu|na|oc,9.0,,
car,ferrari,Ferrari,ff,FF,coupe,es|gb|nl|nz|ua|us,eu|na|oc,7.0,,
car,ferrari,Ferrari,gtc4lusso,GTC4Lusso,coupe,es|fi|gb|lu|my|nl|nz|us,as|eu|na|oc,7.0,,car/ferrari/gtc4-lusso
car,ferrari,Ferrari,gtc4lusso-t,GTC4Lusso T,coupe,fi|lu|nl|nz|us,eu|na|oc,7.0,,car/ferrari/gtc4-lusso-t
car,ferrari,Ferrari,laferrari,LaFerrari,coupe,gb|nl|nz|us,eu|na|oc,7.0,,
car,ferrari,Ferrari,mondial,Mondial,coupe,fi|nl|nz|us,eu|na|oc,6.0,,
car,ferrari,Ferrari,mondial-8,Mondial 8,coupe,fi|nl,eu,7.0,,
car,ferrari,Ferrari,mondial-qv,Mondial QV,convertible,nl|nz,eu|oc,9.0,,
car,ferrari,Ferrari,mondial-t,Mondial T,coupe,fi|nl|nz,eu|oc,7.0,,
car,ferrari,Ferrari,monza,Monza,hatchback,gb|nz,eu|oc,9.0,,
car,ferrari,Ferrari,monza-sp1,Monza SP1,coupe,nl|us,eu|na,9.0,,
car,ferrari,Ferrari,portofino,Portofino,convertible,es|fi|gb|lu|my|nl|nz|ua|us,as|eu|na|oc,6.0,,
car,ferrari,Ferrari,portofino-m,Portofino M,convertible,es|fi|nl|th|us,as|eu|na,7.0,,
car,ferrari,Ferrari,purosangue,Purosangue,hatchback,ca|de|es|fi|gb|lu|my|nl|nz|th|ua|us,as|eu|na|oc,6.0,,
car,ferrari,Ferrari,roma,Roma,coupe,ca|de|es|fi|gb|lu|my|nl|nz|th|ua|us,as|eu|na|oc,6.0,,
car,ferrari,Ferrari,roma-spider,Roma Spider,convertible,ca|es|lu|nl|th|us,as|eu|na,6.0,,
car,ferrari,Ferrari,sf90,SF90,hatchback,de|gb|my|nz,as|eu|oc,7.0,,
car,ferrari,Ferrari,sf90-spider,SF90 Spider,convertible,ca|fi|nl|th|us,as|eu|na,6.0,,
car,ferrari,Ferrari,sf90-stradale,SF90 Stradale,coupe,ca|es|fi|lu|nl|nz|ua|us,eu|na|oc,7.0,,
car,ferrari,Ferrari,sf90-xx-spider,SF90 XX Spider,convertible,ca|lu|nl|us,eu|na,8.0,,
car,ferrari,Ferrari,sf90-xx-stradale,SF90 XX Stradale,coupe,ca|es|nl|th|us,as|eu|na,8.0,,
car,ferrari,Ferrari,testa-rossa,Testa Rossa,coupe,ar|es|fi|lu|nl|nz|us,eu|na|oc|sa,6.0,,car/ferrari/testarossa
car,fiat,Fiat,102,102,hatchback,es|nl,eu,9.0,,
car,fiat,Fiat,1100,1100,sedan,fi|gb|nl|nz,eu|oc,6.0,,car/fiat/1100d
car,fiat,Fiat,1200,1200,convertible,nl|nz,eu|oc,8.0,,
car,fiat,Fiat,124,124,coupe,es|fi|gb|lu|nl|nz|ua,eu|oc,5.0,,car/fiat/124-ac|car/fiat/124-s|car/fiat/124-special-t|car/fiat/124-sport|car/fiat/sport
car,fiat,Fiat,124-spider,124 Spider,convertible,ca|es|fi|lu|my|nl|nz|ua|us,as|eu|na|oc,6.0,,
car,fiat,Fiat,124-sport-spider,124 Sport Spider,convertible,fi|nl|nz,eu|oc,5.0,,car/fiat/124-cs-2|car/fiat/124-sport-spider-1800|car/fiat/124cs2-spider|car/fiat/spider-2000|car/fiat/sport-spider
car,fiat,Fiat,125,125,sedan,fi|gb|nl|nz,eu|oc,6.0,,car/fiat/125-s|car/fiat/125-special
car,fiat,Fiat,126,126,hatchback,fi|gb|lu|nl|nz|ua,eu|oc,5.0,,car/fiat/126-bis|car/fiat/126-p|car/fiat/126-personal|car/fiat/126a|car/fiat/126p|car/fiat/126p-650
car,fiat,Fiat,127,127,hatchback,fi|gb|nl|nz|ua,eu|oc,6.0,,car/fiat/127-special|car/fiat/127-sport
car,fiat,Fiat,128,128,sedan,fi|gb|nl|nz|ua,eu|oc,6.0,,car/fiat/128-3p|car/fiat/128-rally|car/fiat/128-sl|car/fiat/128a
car,fiat,Fiat,130,130,coupe,fi|gb|nl|nz,eu|oc,6.0,,car/fiat/130-bc
car,fiat,Fiat,1300,1300,sedan,fi|gb|nl,eu,8.0,,
car,fiat,Fiat,131,131,sedan,fi|gb|nl|nz,eu|oc,5.0,,car/fiat/131-mirafiori|car/fiat/131-racing|car/fiat/mirafiori
car,fiat,Fiat,132,132,sedan,fi|gb|lu|nl|nz|ua,eu|oc,8.0,,
car,fiat,Fiat,133,133,hatchback,fi|gb|nl,eu,8.0,,
car,fiat,Fiat,1500,1500,convertible,fi|gb|nl|nz,eu|oc,6.0,,
car,fiat,Fiat,1600,1600,hatchback,gb|lu|nz,eu|oc,9.0,,
car,fiat,Fiat,220l,220L,hatchback,nl|ua,eu,8.0,,
car,fiat,Fiat,230,230,convertible,es|fi|nl,eu,4.0,,
car,fiat,Fiat,230-l,230 L,hatchback,nl|ua,eu,7.0,,
car,fiat,Fiat,2300,2300,coupe,fi|gb|nl|nz,eu|oc,6.0,,car/fiat/2300-s|car/fiat/2300s
car,fiat,Fiat,250,250,hatchback,fi|nl,eu,7.0,,
car,fiat,Fiat,280,280,hatchback,es|fi|nl,eu,6.0,,
car,fiat,Fiat,290,290,hatchback,es|fi|nl,eu,6.0,,
car,fiat,Fiat,290l,290L,hatchback,fi|nl,eu,8.0,,
car,fiat,Fiat,290naj,290NAJ,hatchback,lu|nl,eu,9.0,,
car,fiat,Fiat,500,500,hatchback,ca|de|es|fi|gb|ie|lu|my|nl|nz|ua|us,as|eu|na|oc,3.0,,car/fiat/110-f-berlina-500|car/fiat/110-f-berlina-500-l|car/fiat/110f|car/fiat/500-c|car/fiat/500-c-belvedere|car/fiat/500-d|car/fiat/500-f|car/fiat/500-nuova|car/fiat/500-pop|car/fiat/500-r|car/fiat/500c|car/fiat/500d|car/fiat/500f|car/fiat/500r|car/fiat/berlina-500|car/fiat/berlina-500l|car/fiat/fiat500|car/fiat/nuova-500|car/fiat/nuova-500-giardiniera
car,fiat,Fiat,500-abarth,500 Abarth,hatchback,ca|es|fi|lu|nl|ua|us,eu|na,4.0,,
car,fiat,Fiat,500-e,500 E,hatchback,ca|fi|nl|nz|ua|us,eu|na|oc,3.0,,car/fiat/500e
car,fiat,Fiat,500-l,500 L,hatchback,ca|es|fi|lu|nl|nz|ua|us,eu|na|oc,3.0,,car/fiat/500l
car,fiat,Fiat,500-x,500 X,hatchback,ca|es|fi|ie|lu|nl|nz|ua|us,eu|na|oc,3.0,,car/fiat/500x|car/fiat/500x-lounge
car,fiat,Fiat,501,501,convertible,nl|nz,eu|oc,7.0,,
car,fiat,Fiat,508,508,sedan,es|fi|nl|nz,eu|oc,8.0,,car/fiat/508-balilla|car/fiat/balilla
car,fiat,Fiat,509,509,convertible,nl|nz,eu|oc,7.0,,
car,fiat,Fiat,514,514,hatchback|wagon,nl|nz,eu|oc,9.0,,
car,fiat,Fiat,520,520,convertible,fi|nl,eu,9.0,,
car,fiat,Fiat,600,600,suv,ar|de|es|fi|gb|ie|lu|nl|nz|ua,eu|oc|sa,4.0,,car/fiat/600-d|car/fiat/600d
car,fiat,Fiat,600-e,600 E,hatchback,fi|gb|nl|ua,eu,6.0,,car/fiat/600e
car,fiat,Fiat,600-multipla,600 Multipla,hatchback|wagon,fi|nl|nz,eu|oc,8.0,,
car,fiat,Fiat,640,640,hatchback,lu|nl,eu,9.0,,
car,fiat,Fiat,650,650,hatchback,nl|nz,eu|oc,9.0,,
car,fiat,Fiat,850,850,coupe,fi|gb|nl|nz|ua,eu|oc,5.0,,car/fiat/850-special|car/fiat/850-spider-bertone|car/fiat/850-sport|car/fiat/850-sport-spider|car/fiat/sport-850
car,fiat,Fiat,900,900,hatchback,gb|nl|ua,eu,10.0,,
car,fiat,Fiat,a-5421,A 5421,hatchback,es|nl,eu,8.0,,
car,fiat,Fiat,a5880,A5880,hatchback,es|nl,eu,9.0,,
car,fiat,Fiat,a5881,A5881,hatchback,es|nl,eu,9.0,,
car,fiat,Fiat,abarth-124-spider,Abarth 124 Spider,convertible,es|fi|my|nl,as|eu,7.0,,
car,fiat,Fiat,abarth-500,Abarth 500,hatchback,es|fi|lu|nl|nz,eu|oc,3.0,,
car,fiat,Fiat,abarth-595,Abarth 595,hatchback,my|nz,as|oc,5.0,,
car,fiat,Fiat,abarth-695,Abarth 695,hatchback,my|nz,as|oc,6.0,,
car,fiat,Fiat,adria-mobil,Adria Mobil,hatchback,fi|nl,eu,7.0,,
car,fiat,Fiat,adria-twin,Adria Twin,hatchback,fi|nl,eu,7.0,,
car,fiat,Fiat,adria-win,Adria Win,hatchback,fi|nl,eu,9.0,,
car,fiat,Fiat,adriatik,Adriatik,hatchback,es|fi|nl,eu,6.0,,
car,fiat,Fiat,albea,Albea,sedan,fi|nl|ua,eu,5.0,,
car,fiat,Fiat,argenta,Argenta,hatchback,gb|nz,eu|oc,8.0,,
car,fiat,Fiat,arto,Arto,hatchback,lu|nl,eu,7.0,,
car,fiat,Fiat,auto-roller,Auto-Roller,hatchback,fi|nl,eu,8.0,,
car,fiat,Fiat,b-504,B 504,hatchback,es|nl,eu,8.0,,
car,fiat,Fiat,b-514,B 514,hatchback,fi|nl,eu,7.0,,
car,fiat,Fiat,b-524,B 524,hatchback,es|nl,eu,7.0,,
car,fiat,Fiat,b544,B544,hatchback,es|nl,eu,8.0,,
car,fiat,Fiat,b644,B644,hatchback,es|nl,eu,7.0,,
car,fiat,Fiat,b654,B654,hatchback,fi|nl,eu,7.0,,
car,fiat,Fiat,barchetta,Barchetta,roadster,fi|gb|lu|nl|nz|ua,eu|oc,6.0,,
car,fiat,Fiat,benimar,Benimar,hatchback,gb|nl,eu,9.0,,
car,fiat,Fiat,berlinetta,Berlinetta,hatchback,fi|gb,eu,9.0,,
car,fiat,Fiat,bertone,Bertone,hatchback,nl|nz,eu|oc,9.0,,
car,fiat,Fiat,brava,Brava,hatchback,fi|gb|nl|nz|ua,eu|oc,5.0,,
car,fiat,Fiat,bravo,Bravo,hatchback,es|fi|gb|lu|nl|nz|ua,eu|oc,4.0,,
car,fiat,Fiat,burstner,Burstner,hatchback,fi|nl,eu,6.0,,
car,fiat,Fiat,capron,Capron,hatchback,fi|nl,eu,8.0,,
car,fiat,Fiat,chausson,Chausson,hatchback,gb|nl,eu,7.0,,
car,fiat,Fiat,chausson-welcome-95,Chausson Welcome 95,hatchback,fi|nl,eu,9.0,,
car,fiat,Fiat,cinquecento,Cinquecento,hatchback,fi|gb|nl|ua,eu,5.0,,
car,fiat,Fiat,clever-vans,Clever Vans,hatchback,fi|nl,eu,9.0,,
car,fiat,Fiat,coral,Coral,hatchback,es|nl,eu,9.0,,
car,fiat,Fiat,coupe,Coupe,coupe,es|fi|gb|nl|nz|ua,eu|oc,5.0,,car/fiat/coupe-fiat
car,fiat,Fiat,croma,Croma,hatchback,es|fi|gb|lu|nl|nz|ua,eu|oc,6.0,,
car,fiat,Fiat,cs-544k,Cs 544K,hatchback,fi|nl,eu,8.0,,
car,fiat,Fiat,dethleffs,Dethleffs,hatchback,fi|nl,eu,6.0,,
car,fiat,Fiat,deutsche-fiat,Deutsche Fiat,hatchback,fi|nl,eu,8.0,,
car,fiat,Fiat,dino,Dino,coupe,fi|gb|nl|nz,eu|oc,6.0,,
car,fiat,Fiat,elnagh,Elnagh,hatchback,fi|nl,eu,7.0,,
car,fiat,Fiat,elnagh-p250,Elnagh P250,hatchback,es|nl,eu,8.0,,
car,fiat,Fiat,eura-mobil,Eura Mobil,hatchback,fi|nl,eu,6.0,,
car,fiat,Fiat,eura-mobil-sport,Eura Mobil Sport,hatchback,es|nl,eu,8.0,,
car,fiat,Fiat,fiorino,Fiorino,hatchback,es|fi|gb|lu|nl|nz|ua,eu|oc,6.0,,
car,fiat,Fiat,flair-6700,Flair 6700,hatchback,es|nl,eu,8.0,,
car,fiat,Fiat,flash,Flash,hatchback,es|nl,eu,8.0,,
car,fiat,Fiat,freemont,Freemont,hatchback,es|fi|lu|nl|nz|ua,eu|oc,5.0,,
car,fiat,Fiat,ft,Ft,hatchback,es|nl,eu,8.0,,
car,fiat,Fiat,globetrotter,Globetrotter,hatchback,es|nl,eu,7.0,,
car,fiat,Fiat,grande-panda,Grande Panda,hatchback,de|gb,eu,7.0,,
car,fiat,Fiat,grande-punto,Grande Punto,hatchback,nl|nz|ua,eu|oc,4.0,,
car,fiat,Fiat,granduca-garage,Granduca Garage,hatchback,es|fi|nl,eu,8.0,,
car,fiat,Fiat,heku,Heku,hatchback,fi|nl,eu,8.0,,
car,fiat,Fiat,hobby-600,Hobby 600,hatchback,fi|nl,eu,6.0,,
car,fiat,Fiat,hymer,Hymer,hatchback,es|gb|lu|nl,eu,7.0,,
car,fiat,Fiat,hymer-b-584,Hymer B 584,hatchback,es|nl,eu,8.0,,
car,fiat,Fiat,hymer-b544,Hymer B544,hatchback,fi|nl,eu,7.0,,
car,fiat,Fiat,hymer-camp-544,Hymer Camp 544,hatchback,fi|nl,eu,9.0,,
car,fiat,Fiat,idea,Idea,mpv,es|fi|gb|lu|nl|nz|ua,eu|oc,6.0,,
car,fiat,Fiat,joint,Joint,hatchback,fi|nl,eu,9.0,,
car,fiat,Fiat,knaus,Knaus,hatchback,fi|nl,eu,6.0,,
car,fiat,Fiat,lancia-musa,Lancia Musa,hatchback,es|nl,eu,9.0,,
car,fiat,Fiat,lancia-ypsilon,Lancia Ypsilon,hatchback,es|nl,eu,8.0,,
car,fiat,Fiat,liberty,Liberty,hatchback,es|lu|nl,eu,7.0,,
car,fiat,Fiat,linea,Linea,sedan,fi|nl|ua,eu,4.0,,
car,fiat,Fiat,lmc-liberty,Lmc Liberty,hatchback,fi|nl,eu,6.0,,
car,fiat,Fiat,lmc-liberty-6900i,Lmc Liberty 6900I,hatchback,fi|nl,eu,9.0,,
car,fiat,Fiat,m150,M150,hatchback,es|nl,eu,9.0,,
car,fiat,Fiat,marea,Marea,sedan,fi|gb|nl|nz|ua,eu|oc,6.0,,
car,fiat,Fiat,mclouis,Mclouis,hatchback,fi|nl,eu,7.0,,
car,fiat,Fiat,multipla,Multipla,hatchback|wagon,es|fi|gb|nl|nz|ua,eu|oc,5.0,,
car,fiat,Fiat,p006,P006,hatchback,es|nl,eu,9.0,,
car,fiat,Fiat,p210,P210,hatchback,es|nl,eu,9.0,,
car,fiat,Fiat,p700,P700,hatchback,es|nl,eu,8.0,,
car,fiat,Fiat,p740gj,P740GJ,hatchback,es|nl,eu,9.0,,
car,fiat,Fiat,palio-weekend,Palio Weekend,hatchback|wagon,nl|ua,eu,7.0,,
car,fiat,Fiat,panda,Panda,hatchback,ar|de|es|fi|gb|ie|lu|nl|nz|ua,eu|oc|sa,3.0,,car/fiat/gingo|car/fiat/panda-1000s
car,fiat,Fiat,punto,Punto,hatchback,es|fi|gb|lu|nl|nz|ua,eu|oc,2.0,,car/fiat/punto-55-s|car/fiat/punto-60-s|car/fiat/punto-60-sx|car/fiat/punto-elx
car,fiat,Fiat,punto-abarth,Punto Abarth,hatchback,fi|lu|nl,eu,5.0,,
car,fiat,Fiat,qubo,Qubo,hatchback,de|es|fi|gb|lu|nl|ua,eu,4.0,,car/fiat/fiorino-qubo|car/fiat/qubo-l
car,fiat,Fiat,r02-r08,R02/R08,hatchback,lu|nl,eu,9.0,,
car,fiat,Fiat,r07,R07,hatchback,es|nl,eu,7.0,,
car,fiat,Fiat,r47,R47,hatchback,es|nl,eu,6.0,,
car,fiat,Fiat,rapido,Rapido,hatchback,gb|nl|nz,eu|oc,8.0,,
car,fiat,Fiat,rapido-709f,Rapido 709F,hatchback,fi|nl,eu,9.0,,
car,fiat,Fiat,rapido-9095df,Rapido 9095DF,hatchback,es|nl,eu,9.0,,
car,fiat,Fiat,regata,Regata,hatchback|wagon,fi|gb|nl|ua,eu,8.0,,
car,fiat,Fiat,rimor,Rimor,hatchback,es|nl,eu,9.0,,
car,fiat,Fiat,ritmo,Ritmo,hatchback,fi|lu|nl|nz|ua,eu|oc,8.0,,
car,fiat,Fiat,riviera-gt,Riviera GT,hatchback,fi|nl,eu,9.0,,
car,fiat,Fiat,s6,S6,hatchback,es|nl,eu,9.0,,
car,fiat,Fiat,sea,Sea,hatchback,fi|nl,eu,9.0,,
car,fiat,Fiat,sedici,Sedici,suv,es|fi|gb|lu|nl|nz|ua,eu|oc,6.0,,
car,fiat,Fiat,seicento,Seicento,hatchback,es|fi|gb|lu|nl|ua,eu,6.0,,
car,fiat,Fiat,spider,Spider,convertible,lu|nl|nz,eu|oc,6.0,,
car,fiat,Fiat,stilo,Stilo,hatchback,es|fi|gb|lu|nl|nz|ua,eu|oc,4.0,,car/fiat/stilo-sw
car,fiat,Fiat,strada,Strada,hatchback,gb|nz,eu|oc,7.0,,
car,fiat,Fiat,swift,Swift,hatchback,es|gb|nl,eu,9.0,,
car,fiat,Fiat,t-615,T 615,hatchback,es|nl,eu,9.0,,
car,fiat,Fiat,t585,T585,hatchback,es|nl,eu,9.0,,
car,fiat,Fiat,tempra,Tempra,hatchback|wagon,fi|gb|nl|ua,eu,7.0,,
car,fiat,Fiat,tipo,Tipo,hatchback,de|es|fi|gb|ie|lu|nl|nz|ua,eu|oc,4.0,,
car,fiat,Fiat,trigano-fi1,Trigano FI1,hatchback,es|nl,eu,7.0,,
car,fiat,Fiat,ulysse,Ulysse,hatchback,de|es|fi|gb|lu|nl|nz|ua,eu|oc,6.0,,
car,fiat,Fiat,uno,Uno,hatchback,fi|gb|nl|nz|ua,eu|oc,4.0,,car/fiat/uno-45|car/fiat/uno-45s|car/fiat/uno-60|car/fiat/uno-60-s|car/fiat/uno-60s|car/fiat/uno-70-sl|car/fiat/uno-70s|car/fiat/uno-turbo-i-e
car,fiat,Fiat,weinsberg,Weinsberg,hatchback,fi|nl,eu,7.0,,
car,fiat,Fiat,welcome,Welcome,hatchback,es|nl,eu,7.0,,
car,fiat,Fiat,x1-9,X1/9,convertible,fi|gb|nl|nz,eu|oc,4.0,,car/fiat/x-1-9
car,fisker,Fisker,karma,Karma,sedan,fi|nl|ua|us,eu|na,6.0,,
car,fisker,Fisker,ocean,Ocean,hatchback|wagon,de|fi|gb|nl|ua,eu,7.0,,
car,fisker,Fisker,ocean-extreme-one,Ocean Extreme/One,hatchback,ca|us,na,,,
car,fisker,Fisker,ocean-one,Ocean One,hatchback,fi|ua,eu,8.0,,
car,fleetwood,Fleetwood,revolution,Revolution,hatchback,lu|nl,eu,9.0,,
car,font-vendome,Font Vendome,autocamp,Autocamp,hatchback,es|nl,eu,9.0,,
car,font-vendome,Font Vendome,rando-van,Rando Van,hatchback,es|nl,eu,8.0,,
car,ford,Ford,12m,12M,sedan,fi|nl,eu,9.0,,
car,ford,Ford,1300,1300,hatchback,nl|nz,eu|oc,9.0,,
car,ford,Ford,150,150,hatchback,nl|nz,eu|oc,9.0,,
car,ford,Ford,15m,15M,coupe,fi|nl,eu,7.0,,
car,ford,Ford,17-m,17 M,sedan,fi|nl,eu,6.0,,car/ford/17m
car,ford,Ford,18,18,convertible,fi|nl|nz,eu|oc,8.0,,
car,ford,Ford,1935,1935,convertible,nl|nz,eu|oc,9.0,,
car,ford,Ford,20-m,20 M,sedan,fi|nl,eu,5.0,,car/ford/20m
car,ford,Ford,26m,26M,coupe,fi|nl,eu,9.0,,
car,ford,Ford,40,40,sedan,nl|nz,eu|oc,7.0,,
car,ford,Ford,48,48,convertible,nl|nz,eu|oc,9.0,,
car,ford,Ford,5-window,5 Window,coupe,fi|nl,eu,8.0,,
car,ford,Ford,500,500,hatchback,fi|nz,eu|oc,8.0,,
car,ford,Ford,55-es,55 Es,hatchback,es|fi,eu,9.0,,
car,ford,Ford,68,68,convertible,nl|nz,eu|oc,7.0,,
car,ford,Ford,69a,69A,sedan,nl|nz,eu|oc,8.0,,
car,ford,Ford,78,78,coupe,nl|nz,eu|oc,9.0,,
car,ford,Ford,91a,91A,convertible,nl|nz,eu|oc,8.0,,
car,ford,Ford,a,A,sedan,fi|nl|nz,eu|oc,3.0,,
car,ford,Ford,aa,Aa,hatchback,fi|nz,eu|oc,9.0,,
car,ford,Ford,aerostar,Aerostar,hatchback|wagon,ca|fi|nl|ua|us,eu|na,7.0,,car/ford/aerostar-van|car/ford/aerostar-wagon
car,ford,Ford,anglia,Anglia,sedan,es|fi|gb|nl|nz,eu|oc,4.0,,car/ford/anglia-105e
car,ford,Ford,arf50p3,ARF50P3,hatchback,es|nl,eu,9.0,,
car,ford,Ford,aspire,Aspire,hatchback,ca|ua|us,eu|na,10.0,,
car,ford,Ford,b,B,sedan,fi|nl|nz,eu|oc,7.0,,
car,ford,Ford,b-max,B-Max,mpv,es|fi|gb|lu|nl|ua,eu,4.0,,
car,ford,Ford,benimar,Benimar,hatchback,gb|nl,eu,8.0,,
car,ford,Ford,bronco,Bronco,hatchback|wagon,ca|es|fi|lu|nl|nz|ua|us,eu|na|oc,4.0,,car/ford/bronco-11|car/ford/bronco-badlands|car/ford/bronco-black-diamond|car/ford/bronco-outer-banks|car/ford/bronco-raptor|car/ford/bronco-sasquatch|car/ford/bronco-wildtrak|car/ford/bronco-xlt
car,ford,Ford,bronco-sport,Bronco Sport,hatchback|wagon,ca|es|nl|nz|ua|us,eu|na|oc,7.0,,car/ford/bronco-sport-sasquatch
car,ford,Ford,c,C,convertible,nl|nz,eu|oc,8.0,,
car,ford,Ford,c-max,C-Max,mpv,ca|es|fi|gb|lu|nl|nz|ua|us,eu|na|oc,3.0,,car/ford/c-max-energi|car/ford/c-max-trend|car/ford/cmax|car/ford/focus-c-max
car,ford,Ford,capri,Capri,coupe,de|es|fi|gb|ie|lu|nl|nz|ua,eu|oc,4.0,,car/ford/capri-1600-l|car/ford/capri-3000-gt|car/ford/capri-premium-ev
car,ford,Ford,chausson,Chausson,hatchback,gb|nl,eu,8.0,,
car,ford,Ford,clenet,Clenet,convertible,fi|nl,eu,9.0,,
car,ford,Ford,club,Club,convertible,nl|nz,eu|oc,8.0,,
car,ford,Ford,cobra,Cobra,convertible,nl|nz,eu|oc,6.0,,
car,ford,Ford,comet,Comet,sedan,nl|nz,eu|oc,8.0,,
car,ford,Ford,consul,Consul,sedan,fi|gb|nl|nz,eu|oc,4.0,,
car,ford,Ford,consul-315,Consul 315,sedan,nl|nz,eu|oc,6.0,,
car,ford,Ford,contour,Contour,sedan,ca|nl|ua|us,eu|na,9.0,,
car,ford,Ford,corsair,Corsair,sedan,gb|nl|nz,eu|oc,6.0,,
car,ford,Ford,cortina,Cortina,sedan,fi|gb|lu|nl|nz,eu|oc,4.0,,car/ford/consul-cortina|car/ford/cortina-1300|car/ford/cortina-1600-l|car/ford/cortina-gt|car/ford/cortina-lotus
car,ford,Ford,cougar,Cougar,coupe,ca|fi|gb|nl|nz|ua,eu|na|oc,5.0,,
car,ford,Ford,country,Country,hatchback|wagon,fi|nl|nz,eu|oc,5.0,,
car,ford,Ford,country-squire,Country Squire,hatchback|wagon,fi|nl|nz,eu|oc,6.0,,
car,ford,Ford,courier,Courier,hatchback|wagon,gb|nl|nz|ua|us,eu|na|oc,7.0,,
car,ford,Ford,crestline,Crestline,sedan,nl|nz,eu|oc,7.0,,
car,ford,Ford,crown,Crown,sedan,nl|nz,eu|oc,6.0,,
car,ford,Ford,crown-victoria,Crown Victoria,sedan,ca|fi|gb|nl|nz|ua|us,eu|na|oc,7.0,,car/ford/crown-victoria-cng|car/ford/crown-victoria-ffv|car/ford/crown-victoria-police|car/ford/crown-victoria-police-interceptor
car,ford,Ford,custom,Custom,sedan,fi|nl|nz,eu|oc,5.0,,car/ford/custom-v8
car,ford,Ford,custom-300,Custom 300,hatchback,nl|nz,eu|oc,6.0,,
car,ford,Ford,custom-line,Custom Line,sedan,fi|nl|nz,eu|oc,6.0,,car/ford/customline
car,ford,Ford,de-luxe,De Luxe,convertible,fi|nl|nz,eu|oc,5.0,,car/ford/deluxe
car,ford,Ford,deluxe-v8,Deluxe V8,sedan,nl|nz,eu|oc,8.0,,
car,ford,Ford,e-350,E-350,hatchback,ar|ca|nl|ua|us,eu|na|sa,8.0,,car/ford/e350|car/ford/e350-wagon|car/ford/e350-wagon-ffv
car,ford,Ford,e150,E150,hatchback|wagon,ca|fi|nl|nz|us,eu|na|oc,7.0,,car/ford/e-150|car/ford/e150-club-wagon|car/ford/e150-van|car/ford/e150-van-ffv|car/ford/e150-wagon-ffv
car,ford,Ford,econoline,Econoline,hatchback|wagon,fi|nl|nz|ua,eu|oc,6.0,,car/ford/club-wagon|car/ford/econoline-100|car/ford/econoline-350|car/ford/econoline-e-150|car/ford/econoline-e150
car,ford,Ford,econovan,Econovan,hatchback,nz|ua,eu|oc,6.0,,
car,ford,Ford,ecosport,EcoSport,hatchback,ca|es|fi|gb|lu|nl|nz|ua|us,eu|na|oc,3.0,,car/ford/eco-sport
car,ford,Ford,eddehs-120,Eddehs 120,hatchback,fi|nl,eu,9.0,,
car,ford,Ford,edge,Edge,hatchback|wagon,ca|es|fi|gb|lu|nl|nz|ua|us,eu|na|oc,4.0,,car/ford/edge-sel|car/ford/edge-sport|car/ford/edge-titanium
car,ford,Ford,edsel,Edsel,sedan,nl|nz,eu|oc,6.0,,
car,ford,Ford,eifel,Eifel,convertible,fi|nl,eu,7.0,,
car,ford,Ford,elite,Elite,sedan,nl|nz,eu|oc,8.0,,
car,ford,Ford,escape,Escape,hatchback|wagon,ca|es|fi|nl|nz|ua|us,eu|na|oc,3.0,,car/ford/escape-s|car/ford/escape-se|car/ford/escape-sel|car/ford/escape-titanium|car/ford/escape-xls|car/ford/escape-xlt
car,ford,Ford,escort,Escort,hatchback,ca|es|fi|gb|lu|nl|nz|ua|us,eu|na|oc,3.0,,car/ford/escort-1|car/ford/escort-1100|car/ford/escort-1300|car/ford/escort-1300-l|car/ford/escort-1300-sport|car/ford/escort-1300l|car/ford/escort-1600l|car/ford/escort-gt|car/ford/escort-mexico-1600-gt|car/ford/escort-rs2000|car/ford/escort-wagon|car/ford/escort-xr3i|car/ford/escort-zx2
car,ford,Ford,escort-cosworth,Escort Cosworth,hatchback,lu|nl,eu,6.0,,
car,ford,Ford,eura-mobil,Eura Mobil,hatchback,fi|nl,eu,9.0,,
car,ford,Ford,everest,Everest,hatchback|wagon,my|nl|nz|th|ua,as|eu|oc,4.0,,
car,ford,Ford,excursion,Excursion,hatchback|wagon,nl|nz,eu|oc,6.0,,
car,ford,Ford,executive,Executive,hatchback,gb|nz,eu|oc,9.0,,
car,ford,Ford,exp,Exp,hatchback|wagon,nl|us,eu|na,9.0,,
car,ford,Ford,expedition,Expedition,hatchback|wagon,ca|fi|nl|nz|ua|us,eu|na|oc,5.0,,car/ford/expedition-el|car/ford/expedition-max|car/ford/expedition-timberline
car,ford,Ford,explorer,Explorer,suv,ar|ca|de|es|fi|gb|ie|lu|nl|nz|ua|us,eu|na|oc|sa,3.0,,car/ford/explorer-2wd|car/ford/explorer-ffv|car/ford/explorer-fwd|car/ford/explorer-limited|car/ford/explorer-ltd|car/ford/explorer-premium-ev|car/ford/explorer-sport|car/ford/explorer-timberline|car/ford/explorer-tremor|car/ford/explorer-xls|car/ford/explorer-xlt
car,ford,Ford,explorer-sport-trac,Explorer Sport Trac,hatchback,ca|fi|us,eu|na,9.0,,
car,ford,Ford,f-100,F-100,hatchback|wagon,fi|nl|nz,eu|oc,6.0,,car/ford/f100
car,ford,Ford,f-150,F-150,hatchback|wagon,ar|ca|es|fi|gb|nl|nz|ua|us,eu|na|oc|sa,6.0,,car/ford/f150|car/ford/f150-raptor
car,ford,Ford,f-150-lightning,F-150 Lightning,hatchback,ca|fi|nl|ua|us,eu|na,6.0,,car/ford/f-150-lightning-platinum|car/ford/f-150-lightning-pro
car,ford,Ford,f-250,F-250,hatchback|wagon,ca|nl|nz|ua|us,eu|na|oc,8.0,,car/ford/f250
car,ford,Ford,fairlane,Fairlane,sedan,fi|nl|nz,eu|oc,2.0,,car/ford/fairlane-500|car/ford/fairlane-500-galaxie|car/ford/fairlane-500-skyliner|car/ford/fairlane-skyliner|car/ford/fairlane-town|car/ford/fairlane-victoria|car/ford/fairline|car/ford/fairline-500
car,ford,Ford,fairmont,Fairmont,sedan,fi|nl|nz,eu|oc,4.0,,
car,ford,Ford,falcon,Falcon,sedan,fi|nl|nz,eu|oc,4.0,,
car,ford,Ford,festiva,Festiva,hatchback,nz|ua|us,eu|na|oc,6.0,,
car,ford,Ford,fiesta,Fiesta,hatchback,ca|de|es|fi|gb|ie|lu|nl|nz|th|ua|us,as|eu|na|oc,4.0,,car/ford/fiesta-1|car/ford/fiesta-sfe|van/ford/fiesta-van
car,ford,Ford,figo,Figo,sedan,nl|nz|ua,eu|oc,9.0,,
car,ford,Ford,five-hundred,Five Hundred,sedan,ca|nl|us,eu|na,7.0,,
car,ford,Ford,flash,Flash,hatchback,es|nl,eu,7.0,,
car,ford,Ford,flash-03-m08,Flash 03 M08,hatchback,fi|nl,eu,9.0,,
car,ford,Ford,flex,Flex,hatchback|wagon,ca|fi|nl|ua|us,eu|na,5.0,,car/ford/flex-sel
car,ford,Ford,focus,Focus,hatchback|wagon,ca|de|es|fi|gb|ie|lu|my|nl|nz|th|ua|us,as|eu|na|oc,3.0,,car/ford/focus-2|car/ford/focus-se|car/ford/focus-zx3
car,ford,Ford,fordor,Fordor,sedan,fi|nl|nz,eu|oc,7.0,,
car,ford,Ford,fordson,Fordson,hatchback,fi|nz,eu|oc,9.0,,
car,ford,Ford,freedom,Freedom,hatchback,gb|nz,eu|oc,7.0,,
car,ford,Ford,freestar,Freestar,hatchback|wagon,fi|nl,eu,8.0,,
car,ford,Ford,freestyle,Freestyle,hatchback,ca|es|nl|us,eu|na,9.0,,
car,ford,Ford,fusion,Fusion,mpv,ar|ca|es|fi|gb|lu|nl|nz|ua|us,eu|na|oc|sa,4.0,,car/ford/fusion-energi|car/ford/fusion-se|car/ford/fusion-titanium
car,ford,Ford,galaxie,Galaxie,sedan,fi|nl|nz,eu|oc,3.0,,car/ford/galaxie-500|car/ford/galaxie-500-hardtop|car/ford/galaxie-500-sunliner|car/ford/galaxie-500xl|car/ford/galaxie-sunliner|car/ford/galaxy-500
car,ford,Ford,galaxy,Galaxy,mpv,es|fi|gb|nl|nz|ua,eu|oc,2.0,,
car,ford,Ford,genesis,Genesis,hatchback,es|nl,eu,6.0,,
car,ford,Ford,gpw,Gpw,convertible,fi|lu|nl|nz,eu|oc,5.0,,car/ford/gpw-1-4-ton|car/ford/jeep|car/ford/jeep-gpw
car,ford,Ford,gran-torino,Gran Torino,coupe,fi|nl|nz,eu|oc,5.0,,car/ford/gran-torino-sport|car/ford/grand-torino-sport
car,ford,Ford,granada,Granada,sedan|wagon,fi|gb|lu|nl|nz|ua,eu|oc,5.0,,car/ford/granada-2|car/ford/granada-2600-ghia|car/ford/granada-ghia|car/ford/granada-gl
car,ford,Ford,grand-c-max,Grand C-Max,mpv,es|fi|gb|lu|nl|ua,eu,3.0,,
car,ford,Ford,grand-marquis,Grand Marquis,hatchback|wagon,ca|fi|nl,eu|na,9.0,,
car,ford,Ford,gt,GT,coupe,ca|gb|my|nl|nz|us,as|eu|na|oc,7.0,,
car,ford,Ford,gt40,GT40,coupe,nl|nz,eu|oc,8.0,,
car,ford,Ford,independence,Independence,hatchback,gb,eu,4.0,,
car,ford,Ford,ka,Ka,hatchback,es|fi|gb|lu|nl|nz|ua,eu|oc,3.0,,
car,ford,Ford,kuga,Kuga,suv,de|es|fi|gb|ie|lu|my|nl|nz|ua,as|eu|oc,2.0,,
car,ford,Ford,l-t-d,L T D,sedan,fi|gb|nl|nz|us,eu|na|oc,5.0,,car/ford/ltd|car/ford/ltd-landau|car/ford/ltd-wagon
car,ford,Ford,laser,Laser,hatchback,nz|us,na|oc,1.0,,
car,ford,Ford,lincoln,Lincoln,sedan,fi|nl|nz,eu|oc,6.0,,
car,ford,Ford,lincoln-continental,Lincoln Continental,sedan,nl|nz,eu|oc,8.0,,
car,ford,Ford,lincoln-town-car,Lincoln Town Car,sedan,fi|nl,eu,5.0,,
car,ford,Ford,ltd-crown-victoria,Ltd Crown Victoria,sedan|wagon,nl|nz|us,eu|na|oc,8.0,,
car,ford,Ford,m151a1,M151A1,convertible,fi|nl,eu,6.0,,car/ford/m-151-a1
car,ford,Ford,mainline,Mainline,sedan,nl|nz,eu|oc,7.0,,
car,ford,Ford,maverick,Maverick,hatchback|wagon,ca|es|fi|gb|nl|nz|ua|us,eu|na|oc,4.0,,car/ford/maverick-lobo|car/ford/maverick-tremor
car,ford,Ford,mb,Mb,convertible,nl|nz,eu|oc,8.0,,
car,ford,Ford,mercury,Mercury,sedan,fi|nl|nz,eu|oc,6.0,,
car,ford,Ford,mercury-cougar,Mercury Cougar,coupe,nl|nz,eu|oc,7.0,,
car,ford,Ford,model,Model,sedan,fi|nl|nz,eu|oc,9.0,,
car,ford,Ford,model-18,Model 18,convertible,nl|nz,eu|oc,8.0,,
car,ford,Ford,model-40,Model 40,sedan,nl|nz,eu|oc,8.0,,
car,ford,Ford,model-a,Model A,sedan,fi|lu|nl|nz,eu|oc,4.0,,car/ford/a-1930|car/ford/a-ford|car/ford/a-fordor|car/ford/a-model|car/ford/a-phaeton|car/ford/a-roadster|car/ford/a-sport|car/ford/a-town|car/ford/a-tudor|car/ford/a1930|car/ford/model-a-fordor|car/ford/model-a-tudor|car/ford/modell-a|van/ford/a-model|van/ford/a-pick-up
car,ford,Ford,model-b,Model B,sedan,nl|nz,eu|oc,8.0,,
car,ford,Ford,model-t,Model T,convertible,fi|nl|nz,eu|oc,3.0,Tin Lizzie,car/ford/model-t-runabout|car/ford/model-t-speedster|car/ford/model-t-touring|car/ford/model-t-tudor|car/ford/t|car/ford/t-ford|car/ford/t-roadster|car/ford/t-runabout|car/ford/t-touring|car/ford/t-tudor
car,ford,Ford,model-y,Model Y,coupe,nl|nz,eu|oc,7.0,,
car,ford,Ford,mondeo,Mondeo,sedan|wagon,es|fi|gb|nl|nz|ua,eu|oc,1.0,,car/ford/mondeo-st220
car,ford,Ford,mustang,Mustang,coupe,ar|ca|de|es|fi|gb|ie|lu|my|nl|nz|th|ua|us,as|eu|na|oc|sa,4.0,Stang,car/ford/mach-1|car/ford/mach-i|car/ford/mustang-2|car/ford/mustang-2d|car/ford/mustang-4|car/ford/mustang-boss-351|car/ford/mustang-bullit|car/ford/mustang-bullitt|car/ford/mustang-cobra|car/ford/mustang-dark-horse|car/ford/mustang-ecoboost|car/ford/mustang-ecoboost-conv|car/ford/mustang-ecoboost-premium|car/ford/mustang-grande|car/ford/mustang-gt|car/ford/mustang-gt-390|car/ford/mustang-gt350|car/ford/mustang-gt500-shelby|car/ford/mustang-gta|car/ford/mustang-hardtop|car/ford/mustang-hardtop-grande|car/ford/mustang-lx|car/ford/mustang-mach-1|car/ford/mustang-mach-i|car/ford/mustang-shelby-gt350|car/ford/mustang-shelby-gt500|car/ford/mustang-sportsroof|car/ford/mustang-v6|car/ford/shelby-gt-500|car/ford/shelby-gt350|car/ford/shelby-gt350-mustang|car/ford/shelby-gt500|car/ford/shelby-gt500-mustang
car,ford,Ford,mustang-mach-e,Mustang Mach-E,hatchback,ca|de|es|fi|gb|lu|nl|th|ua|us,as|eu|na,3.0,,car/ford/mustang-mach-gt|car/ford/mustang-mach-premium|car/ford/mustang-mach-rally|car/ford/mustang-mach-rwd
car,ford,Ford,navigator,Navigator,hatchback|wagon,ca|nl,eu|na,7.0,,
car,ford,Ford,nugget,Nugget,hatchback,es|fi|lu|nl,eu,7.0,,
car,ford,Ford,orion,Orion,sedan,fi|gb|nl|nz|ua,eu|oc,6.0,,
car,ford,Ford,panel-van,Panel Van,hatchback,nl|nz,eu|oc,9.0,,
car,ford,Ford,phaeton,Phaeton,convertible,nl|nz,eu|oc,6.0,,car/ford/pheaton
car,ford,Ford,pick-up,Pick-Up,hatchback|wagon,fi|nl,eu,8.0,,
car,ford,Ford,pilot,Pilot,sedan,nl|nz,eu|oc,7.0,,
car,ford,Ford,pinto,Pinto,hatchback|wagon,fi|nl|nz,eu|oc,7.0,,car/ford/pinto-runabout
car,ford,Ford,popular,Popular,sedan,fi|gb|nl|nz,eu|oc,5.0,,
car,ford,Ford,prefect,Prefect,sedan,fi|gb|nl|nz,eu|oc,4.0,,car/ford/prefect-10
car,ford,Ford,probe,Probe,coupe,ca|fi|gb|nl|nz|ua|us,eu|na|oc,5.0,,car/ford/probe-gt
car,ford,Ford,puma,Puma,suv,de|es|fi|gb|ie|lu|nl|nz|ua,eu|oc,1.0,,
car,ford,Ford,ranch-wagon,Ranch Wagon,hatchback|wagon,fi|nl|nz,eu|oc,6.0,,
car,ford,Ford,ranchero,Ranchero,hatchback|wagon,fi|nl|nz,eu|oc,8.0,,
car,ford,Ford,ranchero-gt,Ranchero GT,pickup,fi|nl|nz,eu|oc,9.0,,
car,ford,Ford,ranger,Ranger,hatchback|wagon,ar|ca|es|fi|gb|my|nl|nz|th|ua|us,as|eu|na|oc|sa,4.0,,car/ford/ranger-raptor|car/ford/ranger-tremor
car,ford,Ford,rimor-arf54s3,Rimor ARF54S3,hatchback,fi|nl,eu,9.0,,
car,ford,Ford,roadstar,Roadstar,convertible,nl|nz,eu|oc,7.0,,
car,ford,Ford,rs-1600,RS 1600,sedan,fi|nl|nz,eu|oc,9.0,,
car,ford,Ford,rs-200,RS 200,coupe,gb|nl,eu,9.0,,
car,ford,Ford,rs-2000,RS 2000,coupe,fi|nl|nz,eu|oc,9.0,,
car,ford,Ford,s-max,S-Max,mpv,es|fi|gb|lu|nl|nz|ua,eu|oc,3.0,,
car,ford,Ford,sapphire,Sapphire,hatchback,gb|nz,eu|oc,9.0,,
car,ford,Ford,scorpio,Scorpio,sedan,fi|gb|nl|nz|ua,eu|oc,4.0,,
car,ford,Ford,sed07,SED07,sedan,nl|nz,eu|oc,9.0,,
car,ford,Ford,sedan-tudor,Sedan Tudor,hatchback,es|nz,eu|oc,9.0,,
car,ford,Ford,shelby,Shelby,coupe,nl|nz,eu|oc,5.0,,
car,ford,Ford,sierra,Sierra,hatchback,fi|gb|lu|nl|nz|ua,eu|oc,3.0,,car/ford/sierra-2|car/ford/sierra-2-0i-clx|car/ford/sierra-2-0i-ghia|car/ford/sierra-2-0l|car/ford/sierra-l
car,ford,Ford,sierra-cosworth,Sierra Cosworth,sedan,fi|nl|nz,eu|oc,4.0,,
car,ford,Ford,sierra-xr4i,Sierra XR4i,hatchback,nl|nz,eu|oc,4.0,,car/ford/sierra-xr-4i
car,ford,Ford,sierra-xr4x4,Sierra XR4X4,hatchback,nl|nz,eu|oc,6.0,,
car,ford,Ford,skyliner,Skyliner,coupe,nl|nz,eu|oc,7.0,,
car,ford,Ford,special,Special,hatchback,fi|nz,eu|oc,9.0,,
car,ford,Ford,speedster,Speedster,convertible,nl|nz,eu|oc,9.0,,
car,ford,Ford,sport,Sport,convertible,fi|nl|nz,eu|oc,9.0,,
car,ford,Ford,sports,Sports,convertible,nl|nz,eu|oc,7.0,,
car,ford,Ford,street-ka,Street Ka,convertible,es|fi|gb|nl|nz,eu|oc,5.0,,car/ford/streetka
car,ford,Ford,sunliner,Sunliner,convertible,nl|nz,eu|oc,8.0,,
car,ford,Ford,super-de-luxe,Super De Luxe,convertible,nl|nz,eu|oc,5.0,,car/ford/super-deluxe
car,ford,Ford,taunus,Taunus,sedan,fi|nl|nz|ua,eu|oc,5.0,,car/ford/taunus-1600|car/ford/taunus-2000|car/ford/taunus-gxl
car,ford,Ford,taunus-12m,Taunus 12M,sedan,fi|nl,eu,5.0,,car/ford/taunus-12m-g13al
car,ford,Ford,taunus-15m,Taunus 15M,sedan,fi|nl,eu,7.0,,
car,ford,Ford,taunus-17m,Taunus 17M,sedan,fi|nl,eu,4.0,,car/ford/taunus-17m-p3ts|car/ford/taunus-17m-super
car,ford,Ford,taunus-20m,Taunus 20M,sedan|wagon,fi|nl,eu,6.0,,
car,ford,Ford,taurus,Taurus,sedan,ca|es|fi|gb|nl|nz|ua|us,eu|na|oc,6.0,,car/ford/taurus-ffv|car/ford/taurus-sho|car/ford/taurus-wagon|car/ford/taurus-wagon-ffv
car,ford,Ford,taurus-x,Taurus X,hatchback|wagon,ca|nl|us,eu|na,9.0,,
car,ford,Ford,telstar,Telstar,hatchback,nz,oc,2.0,,
car,ford,Ford,tempo,Tempo,hatchback,nl|nz|ua|us,eu|na|oc,9.0,,car/ford/tempo-gl
car,ford,Ford,territory,Territory,hatchback,nz,oc,1.0,,
car,ford,Ford,thunderbird,Thunderbird,convertible,ca|es|fi|gb|nl|nz|ua|us,eu|na|oc,5.0,,car/ford/t-bird|car/ford/thunderbird-landau|car/ford/thunderbird-town-landau|car/ford/tunderbird
car,ford,Ford,torino,Torino,coupe,fi|nl|nz,eu|oc,4.0,,car/ford/torino-gt
car,ford,Ford,tourer,Tourer,convertible,nl|nz,eu|oc,6.0,,
car,ford,Ford,touring,Touring,convertible,fi|nl|nz,eu|oc,7.0,,
car,ford,Ford,tourneo,Tourneo,hatchback,nl|ua,eu,10.0,,car/ford/turneo
car,ford,Ford,town,Town,sedan,fi|nl|nz,eu|oc,9.0,,
car,ford,Ford,trigano,Trigano,hatchback,fi|nl,eu,8.0,,
car,ford,Ford,tt,TT,convertible,fi|nl,eu,9.0,,
car,ford,Ford,tudor,Tudor,sedan,fi|nl|nz,eu|oc,4.0,,
car,ford,Ford,tudor-a,Tudor A,hatchback,fi|nl,eu,8.0,,
car,ford,Ford,v-8,V-8,convertible,fi|lu|nl|nz,eu|oc,6.0,,car/ford/v8
car,ford,Ford,vedette,Vedette,sedan,fi|nl,eu,7.0,,car/ford/vedette-f22e
car,ford,Ford,vendome,Vendome,sedan,fi|nl,eu,9.0,,
car,ford,Ford,victoria,Victoria,sedan,fi|nl|nz,eu|oc,7.0,,
car,ford,Ford,welcome,Welcome,hatchback,es|nl,eu,9.0,,
car,ford,Ford,windstar,Windstar,hatchback,fi|nl|ua,eu,7.0,,car/ford/windstar-lx
car,ford,Ford,xl,XL,convertible,nl|nz,eu|oc,9.0,,
car,ford,Ford,y,Y,sedan,nl|nz,eu|oc,5.0,,
car,ford,Ford,zephyr,Zephyr,sedan,fi|gb|nl|nz,eu|oc,4.0,,car/ford/zephyr-6
car,ford,Ford,zodiac,Zodiac,sedan,fi|gb|nl|nz,eu|oc,5.0,,
car,fso,FSO,polonez,Polonez,sedan,fi|nl|nz,eu|oc,8.0,,
car,gac,GAC,aion,Aion,hatchback,fi|nz,eu|oc,4.0,,
car,gac,GAC,gs3,GS3,hatchback,my,as,2.0,,
car,gac,GAC,m8,M8,hatchback,my|nz|th,as|oc,5.0,,
car,gaz,GAZ,21,21,sedan,nl|ua,eu,7.0,,
car,gaz,GAZ,24,24,sedan,nl|ua,eu,6.0,,
car,gaz,GAZ,2401,2401,sedan,nl|ua,eu,9.0,,
car,gaz,GAZ,69,69,convertible,fi|nl|ua,eu,6.0,,
car,gaz,GAZ,69m,69M,convertible,fi|nl,eu,8.0,,
car,gaz,GAZ,m21,M21,sedan,fi|nl,eu,9.0,,
car,gaz,GAZ,volga,Volga,hatchback,es|fi,eu,8.0,,
car,geely,Geely,e5,E5,hatchback,de|es|lu|nl,eu,6.0,,
car,geely,Geely,emgrand-7,Emgrand 7,sedan,nl|ua,eu,6.0,,
car,geely,Geely,ex5,EX5,hatchback,ar|es|nl|nz|th,as|eu|oc|sa,5.0,,
car,geely,Geely,galaxy-e5,Galaxy E5,hatchback,th|ua,as|eu,9.0,,
car,geely,Geely,lc,LC,hatchback,nz|ua,eu|oc,7.0,,
car,geely,Geely,mk,Mk,hatchback,nz|ua,eu|oc,4.0,,
car,geely,Geely,starray-em-i,Starray EM-i,hatchback,de|es|lu|nl|nz,eu|oc,4.0,,
car,genesis,Genesis,electrified-g80,Electrified G80,hatchback,ca|us,na,,,
car,genesis,Genesis,electrified-gv70,Electrified GV70,hatchback,ca|us,na,,,
car,genesis,Genesis,g70,G70,sedan,ca|gb|nl|nz|us,eu|na|oc,7.0,,
car,genesis,Genesis,g80,G80,sedan,ca|de|gb|my|nl|nz|us,as|eu|na|oc,7.0,,
car,genesis,Genesis,g90,G90,sedan,ca|de|nl|us,eu|na,10.0,,
car,genesis,Genesis,gv60,GV60,hatchback,de|gb|nl|nz|us,eu|na|oc,6.0,,
car,genesis,Genesis,gv60-advanced,GV60 Advanced,hatchback,ca|us,na,,,
car,genesis,Genesis,gv60-performance,GV60 Performance,hatchback,ca|us,na,,,
car,genesis,Genesis,gv70,GV70,hatchback,ca|de|gb|nl|nz|us,eu|na|oc,6.0,,
car,genesis,Genesis,gv80,GV80,hatchback|wagon,ca|gb|nl|nz|us,eu|na|oc,8.0,,
car,geo,Geo,metro,Metro,convertible,ca|nl|us,eu|na,6.0,,
car,geo,Geo,metro-lsi,Metro Lsi,convertible,nl|us,eu|na,9.0,,
car,geo,Geo,storm,Storm,coupe,nl|us,eu|na,9.0,,
car,geo,Geo,tracker,Tracker,convertible,ca|nl|us,eu|na,7.0,,
car,geo,Geo,tracker-van,Tracker Van,hatchback,ca|us,na,,,
car,ginetta,Ginetta,g15,G15,coupe,nl|nz,eu|oc,9.0,,
car,ginetta,Ginetta,g4,G4,sedan,nl|nz,eu|oc,9.0,,
car,gm-daewoo,Gm Daewoo,kalos,Kalos,hatchback,fi|nl,eu,5.0,,
car,gm-daewoo,Gm Daewoo,lacetti,Lacetti,hatchback,fi|nl,eu,6.0,,
car,gm-daewoo,Gm Daewoo,matiz,Matiz,hatchback,fi|nl,eu,5.0,,
car,gmc,GMC,1500,1500,hatchback,nl|nz,eu|oc,7.0,,
car,gmc,GMC,acadia,Acadia,hatchback|wagon,ca|es|fi|nl|ua|us,eu|na,7.0,,
car,gmc,GMC,blazer,Blazer,hatchback|wagon,nl|nz,eu|oc,8.0,,
car,gmc,GMC,c1500-suburban,C1500 Suburban,hatchback,ca|fi,eu|na,9.0,,
car,gmc,GMC,canyon,Canyon,hatchback,ca|us,na,,,
car,gmc,GMC,canyon-at4x,Canyon AT4X,hatchback,ca|us,na,,,
car,gmc,GMC,canyon-at4x-aev,Canyon AT4X Aev,hatchback,ca|us,na,,,
car,gmc,GMC,canyon-crew-cab,Canyon Crew Cab,hatchback,ca|us,na,,,
car,gmc,GMC,chevrolet-camaro,Chevrolet-Camaro,coupe,fi|nl,eu,9.0,,
car,gmc,GMC,envoy,Envoy,hatchback|wagon,ca|fi|nl|us,eu|na,8.0,,
car,gmc,GMC,envoy-slt,Envoy Slt,hatchback|wagon,fi|nl,eu,9.0,,
car,gmc,GMC,envoy-xuv,Envoy Xuv,hatchback,ca|us,na,,,
car,gmc,GMC,hummer,Hummer,hatchback,nz|ua,eu|oc,7.0,,
car,gmc,GMC,hummer-ev,Hummer EV,hatchback|wagon,nl|ua|us,eu|na,7.0,,car/gmc/hummer-ev-suv-3x
car,gmc,GMC,hummer-h3,Hummer H3,hatchback|wagon,nl|ua,eu,8.0,,
car,gmc,GMC,jimmy,Jimmy,hatchback|wagon,ca|fi|nl|nz|ua|us,eu|na|oc,7.0,,
car,gmc,GMC,k2500-sierra,K2500 Sierra,hatchback,ca|us,na,,,
car,gmc,GMC,palm-beach,Palm Beach,hatchback,fi|nl,eu,8.0,,
car,gmc,GMC,pick-up,Pick-Up,hatchback,nl|nz,eu|oc,9.0,,
car,gmc,GMC,s15-jimmy,S15 Jimmy,hatchback|wagon,ca|nl|us,eu|na,9.0,,
car,gmc,GMC,safari,Safari,hatchback,ca|fi|nl|nz|us,eu|na|oc,7.0,,
car,gmc,GMC,safari-van,Safari Van,hatchback,fi|nl,eu,9.0,,
car,gmc,GMC,savana,Savana,hatchback,fi|nl|ua|us,eu|na,6.0,,
car,gmc,GMC,savana-1500,Savana 1500,hatchback,fi|nl|us,eu|na,6.0,,
car,gmc,GMC,savana-cargo,Savana Cargo,hatchback,ca|us,na,,,
car,gmc,GMC,savana-passenger,Savana Passenger,hatchback,ca|us,na,,,
car,gmc,GMC,sierra,Sierra,hatchback|wagon,ca|fi|nl|nz|ua|us,eu|na|oc,7.0,,
car,gmc,GMC,sierra-15,Sierra 15,hatchback|wagon,nl|us,eu|na,9.0,,
car,gmc,GMC,sierra-1500,Sierra 1500,hatchback,fi|ua|us,eu|na,9.0,,
car,gmc,GMC,sierra-classic,Sierra Classic,hatchback|wagon,ca|nl|nz,eu|na|oc,8.0,,
car,gmc,GMC,sierra-classic-1500,Sierra Classic 1500,hatchback|wagon,nl|us,eu|na,9.0,,
car,gmc,GMC,sierra-ev,Sierra EV,hatchback,ua|us,eu|na,10.0,,
car,gmc,GMC,sierra-grande,Sierra Grande,hatchback|wagon,nl|nz,eu|oc,8.0,,
car,gmc,GMC,sonoma,Sonoma,hatchback,ca|us,na,,,
car,gmc,GMC,suburban,Suburban,hatchback|wagon,fi|nl|nz,eu|oc,5.0,,
car,gmc,GMC,terrain,Terrain,hatchback|wagon,ca|es|nl|ua|us,eu|na,7.0,,
car,gmc,GMC,terrain-denali,Terrain Denali,hatchback|wagon,nl|ua,eu,9.0,,
car,gmc,GMC,typhoon,Typhoon,hatchback|wagon,nl|nz,eu|oc,7.0,,
car,gmc,GMC,vandura,Vandura,hatchback|wagon,fi|nl|nz|ua,eu|oc,7.0,,
car,gmc,GMC,vandura-2500,Vandura 2500,hatchback|wagon,fi|nl|ua,eu,7.0,,
car,gmc,GMC,vandura-35,Vandura 35,hatchback|wagon,nl|nz,eu|oc,9.0,,
car,gmc,GMC,yukon,Yukon,hatchback|wagon,ca|fi|lu|nl|nz|ua|us,eu|na|oc,6.0,,
car,gmc,GMC,yukon-denali,Yukon Denali,hatchback|wagon,ca|fi|nl|th|us,as|eu|na,8.0,,
car,goggomobil,Goggomobil,t400,T400,hatchback,fi|nl,eu,9.0,,
car,goliath,Goliath,1100,1100,sedan,nl|nz,eu|oc,8.0,,
car,goliath,Goliath,hansa-1100,Hansa 1100,hatchback,fi|nl,eu,7.0,,
car,graham,Graham,615,615,hatchback,nl|nz,eu|oc,9.0,,
car,graham,Graham,paige,Paige,hatchback,nl|nz,eu|oc,7.0,,
car,great-wall,Great Wall,funky-cat,Funky Cat,hatchback,gb|nl,eu,9.0,,
car,great-wall,Great Wall,haval-h6,Haval H6,hatchback,my|nl|nz|ua,as|eu|oc,4.0,,
car,great-wall,Great Wall,haval-jolion,Haval Jolion,hatchback,nz,oc,1.0,,
car,great-wall,Great Wall,ora,Ora,hatchback,my|nz,as|oc,3.0,,
car,great-wall,Great Wall,ora-03,Ora 03,hatchback,ar|de,eu|sa,8.0,,
car,great-wall,Great Wall,ora-07,Ora 07,hatchback,de|lu,eu,9.0,,
car,great-wall,Great Wall,ora-funky-cat,Ora Funky Cat,hatchback,lu|nl,eu,9.0,,
car,great-wall,Great Wall,tank,Tank,hatchback,nz,oc,2.0,,
car,great-wall,Great Wall,tank-300,Tank 300,hatchback,ar|my|th,as|sa,3.0,,
car,great-wall,Great Wall,tank-500,Tank 500,hatchback,my|th,as,4.0,,
car,great-wall,Great Wall,voleex-c30,Voleex C30,sedan,nl|ua,eu,7.0,,
car,great-wall,Great Wall,wey-03,Wey 03,hatchback|wagon,de|nl,eu,9.0,,
car,great-wall,Great Wall,wey-g9,Wey G9,hatchback,my,as,2.0,,
car,haval,Haval,h2,H2,hatchback,nl|nz|ua,eu|oc,5.0,,
car,haval,Haval,h6,H6,hatchback|wagon,nl|nz|th|ua,as|eu|oc,4.0,,
car,haval,Haval,h6-gt,H6 GT,hatchback,ar|ua,eu|sa,8.0,,
car,haval,Haval,h9,H9,hatchback,nz|ua,eu|oc,6.0,,
car,haval,Haval,jolion,Jolion,hatchback,nz|th|ua,as|eu|oc,3.0,,
car,hillman,Hillman,avenger,Avenger,hatchback,gb|nz,eu|oc,5.0,,
car,hillman,Hillman,hunter,Hunter,hatchback,fi|gb|nz,eu|oc,6.0,,
car,hillman,Hillman,husky,Husky,hatchback|wagon,gb|nl|nz,eu|oc,7.0,,
car,hillman,Hillman,imp,Imp,sedan,fi|gb|nl|nz,eu|oc,5.0,,
car,hillman,Hillman,imp-super,Imp Super,sedan,nl|nz,eu|oc,9.0,,
car,hillman,Hillman,minx,Minx,sedan,fi|gb|nl|nz,eu|oc,4.0,,
car,hillman,Hillman,super-minx,Super Minx,convertible,fi|nl|nz,eu|oc,6.0,,
car,holden,Holden,acadia,Acadia,hatchback,nz,oc,1.0,,
car,holden,Holden,astra,Astra,hatchback,nz,oc,1.0,,
car,holden,Holden,barina,Barina,hatchback,nz,oc,1.0,,
car,holden,Holden,berlina,Berlina,hatchback,nz,oc,1.0,,
car,holden,Holden,calais,Calais,hatchback,nz,oc,2.0,,
car,holden,Holden,captiva,Captiva,suv,nz,oc,1.0,,
car,holden,Holden,colorado,Colorado,hatchback,nz,oc,2.0,,
car,holden,Holden,commodore,Commodore,sedan,nl|nz,eu|oc,5.0,,
car,holden,Holden,crewman,Crewman,hatchback,nl|nz,eu|oc,8.0,,
car,holden,Holden,cruze,Cruze,sedan,nz,oc,1.0,,
car,holden,Holden,equinox,Equinox,hatchback,nz,oc,1.0,,
car,holden,Holden,gts,Gts,hatchback,gb|nz,eu|oc,6.0,,
car,holden,Holden,hsv,Hsv,hatchback,nz,oc,1.0,,
car,holden,Holden,kingswood,Kingswood,hatchback|wagon,nl|nz,eu|oc,5.0,,
car,holden,Holden,malibu,Malibu,hatchback,nz,oc,2.0,,
car,holden,Holden,maloo,Maloo,hatchback,gb|nz,eu|oc,10.0,,
car,holden,Holden,monaro,Monaro,hatchback,nz,oc,1.0,,
car,holden,Holden,spark,Spark,hatchback,nz,oc,1.0,,
car,holden,Holden,torana,Torana,hatchback,nz,oc,2.0,,
car,holden,Holden,trailblazer,Trailblazer,hatchback,nz,oc,1.0,,
car,holden,Holden,trax,Trax,hatchback,nz,oc,1.0,,
car,honda,Honda,accord,Accord,sedan,ca|es|fi|gb|lu|my|nl|nz|th|ua|us,as|eu|na|oc,3.0,,
car,honda,Honda,accord-2,Accord 2,sedan,fi|nl,eu,7.0,,
car,honda,Honda,accord-aerodeck,Accord Aerodeck,hatchback,fi|nl,eu,9.0,,
car,honda,Honda,accord-crosstour,Accord Crosstour,hatchback,ca|nl|us,eu|na,9.0,,
car,honda,Honda,accord-dx,Accord Dx,sedan,ca|nl,eu|na,9.0,,
car,honda,Honda,accord-euro-r,Accord Euro-R,sedan,fi|nl,eu,8.0,,
car,honda,Honda,accord-ex,Accord EX,hatchback,ca|nl,eu|na,7.0,,
car,honda,Honda,accord-lx,Accord LX,sedan,fi|nl,eu,8.0,,
car,honda,Honda,accord-sport,Accord Sport,sedan,ca|nl|ua,eu|na,8.0,,
car,honda,Honda,accord-sport-touring,Accord Sport/Touring,hatchback,ca|us,na,,,
car,honda,Honda,accord-touring,Accord Touring,sedan,nl|ua,eu,8.0,,
car,honda,Honda,accord-type-r,Accord Type R,sedan,fi|nl,eu,9.0,,
car,honda,Honda,accord-v6,Accord V6,coupe,ca|nl,eu|na,9.0,,
car,honda,Honda,accord-wagon,Accord Wagon,hatchback|wagon,ca|nl|us,eu|na,9.0,,
car,honda,Honda,acty,Acty,hatchback,gb|nl|nz,eu|oc,9.0,,
car,honda,Honda,acura,Acura,hatchback|wagon,my|nl|nz,as|eu|oc,8.0,,
car,honda,Honda,aerodeck,Aerodeck,hatchback|wagon,nl|nz,eu|oc,8.0,,
car,honda,Honda,airwave,Airwave,hatchback|wagon,fi|my|nl|nz,as|eu|oc,6.0,,
car,honda,Honda,ballade,Ballade,hatchback,gb|nz,eu|oc,9.0,,
car,honda,Honda,beat,Beat,convertible,fi|lu|nl|nz,eu|oc,7.0,,
car,honda,Honda,city,City,sedan,my|nl|nz|th|ua,as|eu|oc,4.0,,
car,honda,Honda,civic,Civic,hatchback,ca|de|es|fi|gb|ie|lu|my|nl|nz|th|ua|us,as|eu|na|oc,2.0,シビック,
car,honda,Honda,civic-1-6vti,Civic 1.6VTI,hatchback,fi|nl,eu,9.0,,
car,honda,Honda,civic-3,Civic 3,hatchback,es|fi|lu|nl,eu,7.0,,
car,honda,Honda,civic-4,Civic 4,sedan,fi|nl,eu,7.0,,
car,honda,Honda,civic-4d,Civic 4D,sedan,es|fi|nl,eu,5.0,,
car,honda,Honda,civic-5,Civic 5,hatchback,es|fi|nl,eu,4.0,,
car,honda,Honda,civic-aerodeck,Civic Aerodeck,hatchback|wagon,fi|nl,eu,3.0,,
car,honda,Honda,civic-crx,Civic Crx,coupe,fi|nl|ua|us,eu|na,6.0,,
car,honda,Honda,civic-crx-esi,Civic Crx Esi,hatchback,fi|nl,eu,7.0,,
car,honda,Honda,civic-del-sol,Civic Del Sol,hatchback,nl|us,eu|na,9.0,,
car,honda,Honda,civic-ex,Civic EX,coupe,es|fi|nl,eu,7.0,,
car,honda,Honda,civic-hx,Civic Hx,sedan,nl|us,eu|na,9.0,,
car,honda,Honda,civic-shuttle,Civic Shuttle,hatchback|wagon,fi|nl,eu,8.0,,
car,honda,Honda,civic-si,Civic Si,coupe,ca|fi|nl|us,eu|na,8.0,,
car,honda,Honda,civic-sir,Civic Sir,hatchback,ca|nl,eu|na,9.0,,
car,honda,Honda,civic-type-r,Civic Type R,hatchback,ca|es|fi|lu|nl|th,as|eu|na,5.0,,
car,honda,Honda,civic-wagon,Civic Wagon,hatchback,nl|us,eu|na,7.0,,
car,honda,Honda,clarity,Clarity,hatchback,ca|fi|nl|ua|us,eu|na,7.0,,
car,honda,Honda,concerto,Concerto,hatchback,gb|nl|nz|ua,eu|oc,6.0,,
car,honda,Honda,coupe,Coupe,coupe,gb|nl,eu,10.0,,
car,honda,Honda,cr,Cr,hatchback|wagon,es|fi|nl|nz,eu|oc,7.0,,
car,honda,Honda,cr-v,CR-V,hatchback,ar|ca|de|es|fi|gb|ie|lu|my|nl|nz|th|ua|us,as|eu|na|oc|sa,3.0,,car/honda/c-rv|car/honda/crv
car,honda,Honda,cr-v-ex,Cr-V EX,hatchback|wagon,fi|nl|ua,eu,8.0,,
car,honda,Honda,cr-v-touring,Cr-V Touring,hatchback|wagon,nl|ua,eu,9.0,,
car,honda,Honda,cr-x,CR-X,coupe,es|fi|gb|lu|my|nl|nz|ua,as|eu|oc,7.0,,car/honda/crx
car,honda,Honda,cr-z,CR-Z,hatchback,ca|es|fi|gb|lu|nl|nz|ua|us,eu|na|oc,4.0,,car/honda/crz
car,honda,Honda,crossroad,Crossroad,hatchback|wagon,fi|nl|nz,eu|oc,6.0,,
car,honda,Honda,crosstour,Crosstour,sedan,ca|fi|nl|ua|us,eu|na,7.0,,
car,honda,Honda,crx-del-sol,Crx Del Sol,coupe,fi|nl,eu,8.0,,
car,honda,Honda,del-sol,Del Sol,coupe,ca|nl|us,eu|na,9.0,,
car,honda,Honda,del-sol-si,Del Sol Si,convertible,ca|nl,eu|na,9.0,,
car,honda,Honda,e,E,hatchback,es|fi|gb|lu|nl|nz,eu|oc,5.0,,
car,honda,Honda,e-advance,E Advance,hatchback,my|nz|th,as|oc,8.0,,
car,honda,Honda,e-n1,E:N1,hatchback,my|nz|th,as|oc,4.0,,
car,honda,Honda,e-ny1,E:NY1,hatchback,de|es|fi|nl,eu,6.0,,
car,honda,Honda,edix,Edix,hatchback,nl|nz,eu|oc,5.0,,
car,honda,Honda,element,Element,hatchback|wagon,ca|fi|nl|nz|ua|us,eu|na|oc,7.0,,
car,honda,Honda,elysion,Elysion,hatchback,fi|nl|nz|ua,eu|oc,6.0,,
car,honda,Honda,fit,Fit,hatchback,ca|es|fi|gb|my|nl|nz|th|ua|us,as|eu|na|oc,5.0,,
car,honda,Honda,fr-v,FR-V,hatchback,es|fi|gb|nl|nz|ua,eu|oc,4.0,,car/honda/frv
car,honda,Honda,freed,Freed,hatchback,es|fi|my|nz|ua,as|eu|oc,7.0,,
car,honda,Honda,grace,Grace,hatchback,nz,oc,1.0,,
car,honda,Honda,hr-v,HR-V,suv,ar|ca|de|es|fi|gb|ie|lu|my|nl|nz|th|ua|us,as|eu|na|oc|sa,3.0,,car/honda/hr-v-exl-cvt
car,honda,Honda,insight,Insight,sedan,ca|es|fi|gb|lu|my|nl|nz|ua|us,as|eu|na|oc,4.0,,
car,honda,Honda,insight-touring,Insight Touring,hatchback,ca|us,na,,,
car,honda,Honda,inspire,Inspire,sedan,gb|nl|nz|ua,eu|oc,8.0,,
car,honda,Honda,integra,Integra,hatchback,fi|gb|nl|nz|ua,eu|oc,5.0,,
car,honda,Honda,integra-type-r,Integra Type R,coupe,lu|nl,eu,6.0,,
car,honda,Honda,jade,Jade,hatchback,my|nz,as|oc,5.0,,
car,honda,Honda,jazz,Jazz,hatchback,de|es|fi|gb|ie|lu|my|nl|nz|th|ua,as|eu|oc,3.0,,
car,honda,Honda,jazz-luxe,Jazz Luxe,hatchback,nl|ua,eu,9.0,,
car,honda,Honda,lagreat,Lagreat,hatchback,fi|nz,eu|oc,8.0,,
car,honda,Honda,legend,Legend,sedan,fi|gb|nl|nz|ua,eu|oc,4.0,,car/honda/legend-sh-awd
car,honda,Honda,logo,Logo,hatchback,gb|nl|nz|ua,eu|oc,5.0,,
car,honda,Honda,mobilio,Mobilio,hatchback,fi|nz|th,as|eu|oc,6.0,,
car,honda,Honda,n-box,N-Box,hatchback|wagon,fi|my|nl|nz,as|eu|oc,7.0,,
car,honda,Honda,n-one,N-One,hatchback,my|nl|nz,as|eu|oc,6.0,,
car,honda,Honda,n-van,N-Van,hatchback,gb|my|nz,as|eu|oc,8.0,,
car,honda,Honda,n-wgn,N-Wgn,hatchback,fi|nz,eu|oc,7.0,,
car,honda,Honda,n360,N360,hatchback,gb|nl|nz,eu|oc,7.0,,car/honda/n-360
car,honda,Honda,n600,N600,hatchback,fi|gb|nl|nz,eu|oc,9.0,,
car,honda,Honda,nsx,Nsx,coupe,gb|my|nl|nz|th,as|eu|oc,6.0,,
car,honda,Honda,odyssey,Odyssey,hatchback|wagon,ca|es|fi|gb|my|nl|nz|ua|us,as|eu|na|oc,4.0,,
car,honda,Honda,odyssey-absolute,Odyssey Absolute,hatchback|wagon,fi|nl,eu,8.0,,
car,honda,Honda,odyssey-ex,Odyssey EX,hatchback,fi|nl,eu,9.0,,
car,honda,Honda,odyssey-ex-l,Odyssey EX-L,hatchback,ca|fi|nl,eu|na,8.0,,
car,honda,Honda,odyssey-touring,Odyssey Touring,hatchback|wagon,ca|fi|nl,eu|na,9.0,,
car,honda,Honda,passport,Passport,hatchback,ca|ua|us,eu|na,5.0,,
car,honda,Honda,pilot,Pilot,hatchback|wagon,ca|fi|nl|ua|us,eu|na,4.0,,
car,honda,Honda,prelude,Prelude,coupe,ca|de|es|fi|gb|lu|my|nl|nz|ua|us,as|eu|na|oc,5.0,,
car,honda,Honda,prelude-2-0i,Prelude 2.0I,coupe,fi|nl,eu,5.0,,
car,honda,Honda,prelude-ex,Prelude EX,sedan,fi|nl,eu,5.0,,
car,honda,Honda,prologue,Prologue,hatchback,ua|us,eu|na,3.0,,
car,honda,Honda,prologue-ex,Prologue EX,hatchback,ca|ua,eu|na,9.0,,
car,honda,Honda,quintet,Quintet,hatchback,gb|nl,eu,9.0,,
car,honda,Honda,ridgeline,Ridgeline,pickup,ca|fi|nl|ua|us,eu|na,8.0,,
car,honda,Honda,s-mx,S-MX,hatchback,fi|nl|nz,eu|oc,7.0,,
car,honda,Honda,s2000,S2000,convertible,ar|ca|es|fi|gb|lu|my|nl|nz|ua|us,as|eu|na|oc|sa,5.0,,car/honda/s-2000
car,honda,Honda,s600,S600,coupe,nl|nz,eu|oc,8.0,,
car,honda,Honda,s660,S660,convertible,fi|gb|my|nl|nz|th,as|eu|oc,7.0,,
car,honda,Honda,s660-beta,S660 Beta,convertible,nl|th,as|eu,10.0,,
car,honda,Honda,s800,S800,coupe,gb|nl,eu,7.0,,
car,honda,Honda,saber,Saber,sedan,nl|nz,eu|oc,7.0,,
car,honda,Honda,shuttle,Shuttle,hatchback|wagon,es|fi|gb|nl|nz|ua,eu|oc,6.0,,
car,honda,Honda,sports,Sports,hatchback,fi|gb|nz,eu|oc,9.0,,
car,honda,Honda,stepwagon,Stepwagon,hatchback,gb|nz|ua,eu|oc,6.0,,
car,honda,Honda,stepwgn,Stepwgn,hatchback,fi|my|nl|nz,as|eu|oc,4.0,,
car,honda,Honda,stream,Stream,hatchback,es|fi|gb|my|nl|nz|ua,as|eu|oc,4.0,,
car,honda,Honda,torneo,Torneo,sedan,nl|nz,eu|oc,5.0,,
car,honda,Honda,vezel,Vezel,hatchback,nz|ua,eu|oc,5.0,,
car,honda,Honda,vigor,Vigor,hatchback,nz|ua,eu|oc,8.0,,
car,honda,Honda,wr-v,Wr-V,hatchback,my|nz|th,as|oc,3.0,,
car,honda,Honda,zest,Zest,hatchback,fi|nz,eu|oc,8.0,,
car,honda,Honda,zr-v,ZR-V,hatchback,de|es|fi|lu|my|nl|nz|ua,as|eu|oc,4.0,,car/honda/zrv
car,honda,Honda,zr-v-sport,ZR-V Sport,hatchback,gb,eu,3.0,,
car,hongqi,Hongqi,e-hs9,E-HS9,hatchback,fi|ua,eu,9.0,,
car,hotchkiss,Hotchkiss,480,480,sedan,es|nl,eu,9.0,,
car,hudson,Hudson,commodore,Commodore,sedan,nl|nz,eu|oc,7.0,,
car,hudson,Hudson,hornet,Hornet,sedan,fi|nl|nz,eu|oc,6.0,,
car,hudson,Hudson,pacemaker,Pacemaker,hatchback,fi|nz,eu|oc,7.0,,
car,hudson,Hudson,super,Super,hatchback,nl|nz,eu|oc,7.0,,
car,hudson,Hudson,super-six,Super Six,sedan,nl|nz,eu|oc,6.0,,
car,hudson,Hudson,wasp,Wasp,sedan,nl|nz,eu|oc,8.0,,
car,humber,Humber,12,12,hatchback,nl|nz,eu|oc,9.0,,
car,humber,Humber,hawk,Hawk,hatchback,fi|gb|nl|nz,eu|oc,6.0,,
car,humber,Humber,humberette,Humberette,convertible,nl|nz,eu|oc,9.0,,
car,humber,Humber,imperial,Imperial,hatchback,gb|nl|nz,eu|oc,7.0,,
car,humber,Humber,pullman,Pullman,hatchback,nl|nz,eu|oc,9.0,,
car,humber,Humber,sceptre,Sceptre,sedan,gb|nl|nz,eu|oc,5.0,,
car,humber,Humber,snipe,Snipe,sedan,gb|nl|nz,eu|oc,6.0,,
car,humber,Humber,super-snipe,Super Snipe,sedan|wagon,nl|nz,eu|oc,5.0,,
car,hummer,Hummer,h1,H1,convertible,gb|nl|ua,eu,8.0,,
car,hummer,Hummer,h2,H2,hatchback|wagon,es|fi|gb|lu|my|nl|nz|ua,as|eu|oc,7.0,,
car,hummer,Hummer,h2-stretch,H2 Stretch,hatchback|wagon,fi|nl,eu,8.0,,
car,hummer,Hummer,h3,H3,hatchback|wagon,ca|es|fi|gb|lu|nl|nz|ua|us,eu|na|oc,5.0,,
car,hummer,Hummer,h3t,H3T,hatchback,ca|us,na,,,
car,hupmobile,Hupmobile,e1,E1,hatchback,fi|nz,eu|oc,9.0,,
car,hupmobile,Hupmobile,model-20-runabout,Model 20 Runabout,convertible,fi|nl,eu,10.0,,
car,hyundai,Hyundai,accent,Accent,sedan,ca|es|fi|gb|lu|nl|nz|ua|us,eu|na|oc,3.0,,
car,hyundai,Hyundai,amica,Amica,hatchback,gb|nl|nz,eu|oc,7.0,,
car,hyundai,Hyundai,atos,Atos,hatchback,es|fi|lu|nl|ua,eu,5.0,,car/hyundai/atos-prime
car,hyundai,Hyundai,atoz,Atoz,hatchback,gb|nz,eu|oc,5.0,,
car,hyundai,Hyundai,avante,Avante,hatchback,my|nl|ua,as|eu,8.0,,
car,hyundai,Hyundai,azera,Azera,sedan,ca|nl|ua|us,eu|na,7.0,,
car,hyundai,Hyundai,bayon,Bayon,suv,de|es|fi|gb|ie|lu|nl,eu,3.0,,car/hyundai/bayon-advance|car/hyundai/bayon-premium|car/hyundai/bayon-ultimate
car,hyundai,Hyundai,centennial,Centennial,sedan,fi|nl,eu,9.0,,
car,hyundai,Hyundai,coupe,Coupe,coupe,es|fi|gb|lu|nl|nz|ua,eu|oc,4.0,,
car,hyundai,Hyundai,creta,Creta,hatchback,fi|my|nl|th|ua,as|eu,5.0,,
car,hyundai,Hyundai,elantra,Elantra,sedan,ca|es|fi|gb|nl|th|ua|us,as|eu|na,4.0,,car/hyundai/elantra-blue|car/hyundai/elantra-gt|car/hyundai/elantra-n|car/hyundai/elantra-touring|car/hyundai/elantra-wagon
car,hyundai,Hyundai,entourage,Entourage,hatchback,ca|us,na,,,
car,hyundai,Hyundai,equus,Equus,sedan,ca|fi|nl|us,eu|na,10.0,,
car,hyundai,Hyundai,excel,Excel,hatchback,fi|nl|nz|ua|us,eu|na|oc,7.0,,
car,hyundai,Hyundai,galloper,Galloper,hatchback|wagon,es|fi|nl|ua,eu,7.0,,
car,hyundai,Hyundai,genesis,Genesis,coupe,ca|es|fi|gb|nl|nz|ua|us,eu|na|oc,5.0,,car/hyundai/genesis-r-spec
car,hyundai,Hyundai,getz,Getz,hatchback,es|fi|gb|lu|nl|nz|ua,eu|oc,2.0,,
car,hyundai,Hyundai,grand-i10,Grand I10,hatchback,nl|ua,eu,10.0,,
car,hyundai,Hyundai,grand-santa-fe,Grand Santa FE,hatchback|wagon,es|fi|lu|nl|ua,eu,6.0,,
car,hyundai,Hyundai,grand-starex,Grand Starex,hatchback,th|ua,as|eu,7.0,,
car,hyundai,Hyundai,grandeur,Grandeur,sedan,fi|gb|nl|nz|ua,eu|oc,5.0,,
car,hyundai,Hyundai,h-1,H-1,hatchback,es|fi|lu|my|nl|nz|th|ua,as|eu|oc,5.0,,car/hyundai/h1
car,hyundai,Hyundai,h100,H100,hatchback|wagon,gb|nl|ua,eu,6.0,,
car,hyundai,Hyundai,h200,H200,hatchback,nl|ua,eu,4.0,,
car,hyundai,Hyundai,i10,i10,hatchback,de|es|fi|gb|ie|lu|nl|nz|ua,eu|oc,3.0,,
car,hyundai,Hyundai,i20,i20,hatchback,de|es|fi|gb|ie|lu|nl|nz|ua,eu|oc,1.0,,
car,hyundai,Hyundai,i30,i30,hatchback,de|es|fi|gb|ie|lu|nl|nz|ua,eu|oc,2.0,,
car,hyundai,Hyundai,i40,i40,sedan|wagon,es|fi|gb|lu|nl|nz|ua,eu|oc,3.0,,
car,hyundai,Hyundai,i45,i45,hatchback,nz,oc,2.0,,
car,hyundai,Hyundai,i800,i800,hatchback,gb|nz,eu|oc,5.0,,car/hyundai/i80
car,hyundai,Hyundai,iload,Iload,hatchback,gb|nz,eu|oc,7.0,,
car,hyundai,Hyundai,imax,Imax,mpv,nz,oc,1.0,,
car,hyundai,Hyundai,inster,Inster,suv,de|es|fi|gb|ie|lu|nl|ua,eu,3.0,,car/hyundai/inster-01-ev
car,hyundai,Hyundai,ioniq,Ioniq,hatchback,ca|es|fi|gb|ie|lu|nl|nz|th|ua|us,as|eu|na|oc,3.0,,car/hyundai/ionic
car,hyundai,Hyundai,ioniq-5,Ioniq 5,suv,ca|de|es|fi|gb|lu|my|nl|nz|th|ua|us,as|eu|na|oc,3.0,,
car,hyundai,Hyundai,ioniq-6,Ioniq 6,sedan,ca|de|es|fi|gb|ie|lu|my|nl|nz|th|ua|us,as|eu|na|oc,4.0,,
car,hyundai,Hyundai,ioniq-9,Ioniq 9,hatchback,ca|de|es|fi|gb|ie|lu|my|nl|ua|us,as|eu|na,6.0,,
car,hyundai,Hyundai,ix20,ix20,mpv,es|fi|gb|lu|nl|nz|ua,eu|oc,4.0,,
car,hyundai,Hyundai,ix35,ix35,suv,ar|es|fi|gb|lu|nl|nz|ua,eu|oc|sa,2.0,,car/hyundai/tucson-ix-35|car/hyundai/tucson-ix35|car/hyundai/tucson-ix35-lm
car,hyundai,Hyundai,ix55,ix55,hatchback,fi|lu|nl|ua,eu,7.0,,
car,hyundai,Hyundai,kauai,Kauai,hatchback,fi|nl,eu,8.0,,
car,hyundai,Hyundai,kona,Kona,suv,ca|de|es|fi|gb|ie|lu|nl|nz|ua|us,eu|na|oc,1.0,,car/hyundai/kona-advance-hev-s|car/hyundai/kona-kauai|car/hyundai/kona-n
car,hyundai,Hyundai,lantra,Lantra,sedan|wagon,gb|nl|nz|ua,eu|oc,4.0,,
car,hyundai,Hyundai,lavita,Lavita,hatchback|wagon,nl|nz,eu|oc,6.0,,
car,hyundai,Hyundai,matrix,Matrix,mpv,es|fi|gb|lu|nl|nz|ua,eu|oc,4.0,,
car,hyundai,Hyundai,nexo,Nexo,hatchback,de|fi|gb|nl|nz|us,eu|na|oc,7.0,,
car,hyundai,Hyundai,palisade,Palisade,hatchback,ca|es|my|nl|nz|th|ua|us,as|eu|na|oc,5.0,,
car,hyundai,Hyundai,pony,Pony,hatchback,fi|gb|nl|nz|ua,eu|oc,7.0,,car/hyundai/pony-gls
car,hyundai,Hyundai,s-coupe,S-Coupe,coupe,ca|gb|nl|ua|us,eu|na,7.0,,car/hyundai/scoupe
car,hyundai,Hyundai,santa-cruz,Santa Cruz,hatchback,ca|ua|us,eu|na,6.0,,
car,hyundai,Hyundai,santa-fe,Santa FE,hatchback|wagon,ca|de|es|fi|gb|ie|lu|my|nl|nz|th|ua|us,as|eu|na|oc,2.0,,car/hyundai/santa-fe-sport|car/hyundai/santa-fe-sport-ultimate|car/hyundai/santa-fe-ultimate|car/hyundai/santafe
car,hyundai,Hyundai,santamo,Santamo,hatchback,nl|ua,eu,10.0,,
car,hyundai,Hyundai,solaris,Solaris,hatchback,fi|nl|ua,eu,6.0,,
car,hyundai,Hyundai,sonata,Sonata,sedan,ca|es|fi|gb|lu|nl|nz|ua|us,eu|na|oc,4.0,,car/hyundai/sonata-se|car/hyundai/sonata-sport-limited
car,hyundai,Hyundai,starex,Starex,hatchback|wagon,nl|ua,eu,7.0,,
car,hyundai,Hyundai,stargazer,Stargazer,hatchback,es|th,as|eu,6.0,,
car,hyundai,Hyundai,staria,Staria,hatchback,de|es|fi|gb|lu|my|nl|nz|th|ua,as|eu|oc,5.0,,car/hyundai/staria-premium|van/hyundai/staria
car,hyundai,Hyundai,stellar,Stellar,hatchback,gb|nz,eu|oc,9.0,,
car,hyundai,Hyundai,terracan,Terracan,hatchback,es|fi|gb|lu|nl|nz|ua,eu|oc,5.0,,
car,hyundai,Hyundai,tiburon,Tiburon,coupe,ca|fi|nl|nz|ua|us,eu|na|oc,6.0,,
car,hyundai,Hyundai,trajet,Trajet,hatchback,fi|gb|lu|my|nl|nz|ua,as|eu|oc,5.0,,
car,hyundai,Hyundai,tucson,Tucson,suv,ca|de|es|fi|gb|ie|lu|my|nl|nz|ua|us,as|eu|na|oc,1.0,,car/hyundai/tucson-advance|car/hyundai/tucson-fuel-cell
car,hyundai,Hyundai,tuscani,Tuscani,coupe,fi|my|nl,as|eu,9.0,,
car,hyundai,Hyundai,veloster,Veloster,hatchback,ca|es|fi|gb|lu|nl|nz|ua|us,eu|na|oc,5.0,,car/hyundai/veloster-n|car/hyundai/veloster-turbo
car,hyundai,Hyundai,venue,Venue,hatchback,ca|es|nl|nz|ua|us,eu|na|oc,5.0,,
car,hyundai,Hyundai,veracruz,Veracruz,hatchback|wagon,ca|fi|nl|ua|us,eu|na,6.0,,
car,hyundai,Hyundai,xg,XG,hatchback,ca|fi|gb|nz|ua|us,eu|na|oc,7.0,,car/hyundai/xg300|car/hyundai/xg350
car,imperial,Imperial,crown,Crown,sedan,fi|nl|nz,eu|oc,6.0,,
car,imperial,Imperial,crown-southampton,Crown Southampton,coupe,fi|nl,eu,10.0,,
car,imperial,Imperial,custom,Custom,sedan,fi|nl,eu,9.0,,
car,imperial,Imperial,le-baron,Le Baron,sedan,fi|nl|nz,eu|oc,6.0,,car/imperial/lebaron
car,ineos,INEOS,grenadier,Grenadier,hatchback,ca|de|es|fi|gb|lu|my|nl|nz|ua,as|eu|na|oc,7.0,,
car,infiniti,Infiniti,ex,EX,hatchback|wagon,fi|nl,eu,10.0,,
car,infiniti,Infiniti,ex25,EX25,hatchback,nl|ua,eu,7.0,,
car,infiniti,Infiniti,ex30,EX30,hatchback,gb|ua,eu,9.0,,
car,infiniti,Infiniti,ex30d,EX30D,hatchback,nl|nz,eu|oc,9.0,,
car,infiniti,Infiniti,ex35,EX35,hatchback|wagon,ca|es|nl|ua|us,eu|na,6.0,,car/infiniti/ex-35
car,infiniti,Infiniti,ex37,EX37,hatchback|wagon,ca|es|fi|gb|nl|ua|us,eu|na,8.0,,
car,infiniti,Infiniti,fx30,FX30,hatchback,gb|nz,eu|oc,6.0,,
car,infiniti,Infiniti,fx30d,FX30D,hatchback,es|fi|lu|nl|ua,eu,6.0,,car/infiniti/fx-30d
car,infiniti,Infiniti,fx35,FX35,hatchback|wagon,ca|fi|nl|ua|us,eu|na,3.0,,car/infiniti/fx-35
car,infiniti,Infiniti,fx37,FX37,hatchback|wagon,ca|fi|gb|nl|nz|ua|us,eu|na|oc,6.0,,
car,infiniti,Infiniti,fx45,FX45,hatchback|wagon,ca|fi|nl|ua|us,eu|na,7.0,,
car,infiniti,Infiniti,fx50,FX50,hatchback|wagon,ca|fi|gb|nl|nz|ua|us,eu|na|oc,7.0,,
car,infiniti,Infiniti,fx50s,FX50S,hatchback,nl|nz,eu|oc,10.0,,
car,infiniti,Infiniti,g20,G20,hatchback,ca|gb|us,eu|na,,,
car,infiniti,Infiniti,g25,G25,hatchback,ca|ua|us,eu|na,4.0,,
car,infiniti,Infiniti,g25x,G25X,hatchback,ca|us,na,,,
car,infiniti,Infiniti,g35,G35,coupe,ca|nl|nz|ua|us,eu|na|oc,5.0,,
car,infiniti,Infiniti,g35x,G35X,sedan|wagon,ca|fi|nl|us,eu|na,8.0,,
car,infiniti,Infiniti,g37,G37,convertible,ca|es|fi|gb|nl|nz|ua|us,eu|na|oc,6.0,,
car,infiniti,Infiniti,g37x,G37X,hatchback,ca|us,na,,,
car,infiniti,Infiniti,i30,I30,hatchback,ca|gb|ua|us,eu|na,10.0,,
car,infiniti,Infiniti,i35,I35,hatchback,ca|us,na,,,
car,infiniti,Infiniti,j30,J30,hatchback,ca|us,na,,,
car,infiniti,Infiniti,jx35,JX35,hatchback|wagon,ca|nl|ua|us,eu|na,8.0,,
car,infiniti,Infiniti,m,M,sedan,es|fi|nl,eu,7.0,,
car,infiniti,Infiniti,m25,M25,hatchback,nz|ua,eu|oc,8.0,,
car,infiniti,Infiniti,m30,M30,convertible,gb|nl|us,eu|na,9.0,,
car,infiniti,Infiniti,m35,M35,hatchback,ca|fi|ua|us,eu|na,8.0,,
car,infiniti,Infiniti,m35h,M35H,hatchback,ca|gb|nz|us,eu|na|oc,7.0,,
car,infiniti,Infiniti,m35x,M35X,hatchback,ca|us,na,,,
car,infiniti,Infiniti,m37,M37,hatchback,ca|gb|nz|ua|us,eu|na|oc,7.0,,
car,infiniti,Infiniti,m37x,M37X,sedan,ca|nl|us,eu|na,10.0,,
car,infiniti,Infiniti,m45,M45,sedan,ca|nl|ua|us,eu|na,9.0,,
car,infiniti,Infiniti,m45x,M45X,hatchback,ca|us,na,,,
car,infiniti,Infiniti,m56,M56,hatchback,ca|us,na,,,
car,infiniti,Infiniti,m56x,M56X,hatchback,ca|us,na,,,
car,infiniti,Infiniti,q30,Q30,hatchback,es|fi|gb|lu|nl|nz|ua,eu|oc,5.0,,
car,infiniti,Infiniti,q30s,Q30S,hatchback,es|nl|ua,eu,6.0,,
car,infiniti,Infiniti,q40,Q40,hatchback,ua|us,eu|na,7.0,,
car,infiniti,Infiniti,q45,Q45,hatchback,ca|us,na,,,
car,infiniti,Infiniti,q50,Q50,sedan,ca|es|fi|gb|lu|nl|nz|ua|us,eu|na|oc,5.0,,car/infiniti/q-50
car,infiniti,Infiniti,q50s,Q50S,hatchback,ca|us,na,,,
car,infiniti,Infiniti,q50s-red-sport,Q50S Red Sport,hatchback,ca|us,na,,,
car,infiniti,Infiniti,q60,Q60,coupe,ca|gb|nl|nz|ua|us,eu|na|oc,5.0,,
car,infiniti,Infiniti,q60s-red-sport,Q60S Red Sport,hatchback,ca|us,na,,,
car,infiniti,Infiniti,q70,Q70,sedan,ca|gb|nl|nz|ua|us,eu|na|oc,6.0,,
car,infiniti,Infiniti,qx30,QX30,hatchback,ca|es|fi|gb|nl|nz|ua|us,eu|na|oc,6.0,,
car,infiniti,Infiniti,qx4,QX4,hatchback,ca|ua|us,eu|na,10.0,,
car,infiniti,Infiniti,qx50,QX50,hatchback|wagon,ca|es|fi|gb|nl|ua|us,eu|na,7.0,,
car,infiniti,Infiniti,qx55,QX55,hatchback,ca|ua|us,eu|na,4.0,,
car,infiniti,Infiniti,qx56,QX56,hatchback|wagon,ca|fi|nl|ua|us,eu|na,7.0,,
car,infiniti,Infiniti,qx60,QX60,hatchback|wagon,ca|nl|ua|us,eu|na,5.0,,
car,infiniti,Infiniti,qx70,QX70,hatchback,ca|gb|lu|nl|nz|ua|us,eu|na|oc,5.0,,
car,infiniti,Infiniti,qx80,QX80,hatchback,ca|es|nz|ua|us,eu|na|oc,6.0,,
car,innocenti,Innocenti,mini,Mini,hatchback,lu|nl,eu,8.0,,
car,international,International,scout,Scout,hatchback|wagon,nl|nz,eu|oc,6.0,,
car,international,International,scout-800a,Scout 800A,hatchback|wagon,nl|nz,eu|oc,10.0,,
car,international,International,scout-traveller,Scout Traveller,hatchback|wagon,nl|nz,eu|oc,8.0,,
car,international,International,travelall,Travelall,hatchback|wagon,nl|nz,eu|oc,8.0,,
car,iso-rivolta,Iso Rivolta,lele,Lele,coupe,fi|nl,eu,8.0,,
car,iso,Iso,grifo,Grifo,hatchback,nl|nz,eu|oc,10.0,,
car,isuzu,Isuzu,amigo,Amigo,convertible,nl|us,eu|na,7.0,,
car,isuzu,Isuzu,ascender,Ascender,hatchback,ca|us,na,,,
car,isuzu,Isuzu,axiom,Axiom,hatchback|wagon,nl|us,eu|na,10.0,,
car,isuzu,Isuzu,bellet,Bellet,hatchback,fi|nz,eu|oc,6.0,,
car,isuzu,Isuzu,bellett,Bellett,hatchback,fi|nz,eu|oc,6.0,,
car,isuzu,Isuzu,bighorn,Bighorn,hatchback,gb|nz|ua,eu|oc,6.0,,
car,isuzu,Isuzu,crew-cab,Crew Cab,hatchback,fi|nz,eu|oc,8.0,,
car,isuzu,Isuzu,d-max,D-Max,mpv,ar|fi|gb|my|nl|nz|th|ua,as|eu|oc|sa,6.0,,
car,isuzu,Isuzu,gemini,Gemini,hatchback,nz|ua,eu|oc,7.0,,
car,isuzu,Isuzu,hombre-pickup,Hombre Pickup,hatchback,ca|us,na,,,
car,isuzu,Isuzu,mu,Mu,hatchback,gb|nz,eu|oc,6.0,,
car,isuzu,Isuzu,mu-x,Mu-X,hatchback,nz|th,as|oc,1.0,,
car,isuzu,Isuzu,oasis,Oasis,hatchback,fi|us,eu|na,9.0,,
car,isuzu,Isuzu,piazza,Piazza,coupe,gb|nl|nz,eu|oc,7.0,,
car,isuzu,Isuzu,piazza-turbo,Piazza Turbo,hatchback,fi|nz,eu|oc,9.0,,
car,isuzu,Isuzu,trooper,Trooper,hatchback|wagon,ca|fi|gb|nl|nz|ua|us,eu|na|oc,4.0,,
car,isuzu,Isuzu,ubs,Ubs,hatchback,nl|ua,eu,10.0,,
car,isuzu,Isuzu,vehicross,Vehicross,hatchback,fi|nz|us,eu|na|oc,6.0,,
car,izh,IZh,2125,2125,hatchback,fi|ua,eu,7.0,,
car,jac,JAC,js4,JS4,hatchback,ar|ua,eu|sa,8.0,,
car,jac,JAC,js6,JS6,hatchback,ar|ua,eu|sa,6.0,,
car,jaecoo,Jaecoo,5-pure,5 Pure,hatchback,gb,eu,5.0,,
car,jaecoo,Jaecoo,jaecoo-5,Jaecoo 5,hatchback,de|es|gb|lu|nl|th,as|eu,4.0,,car/jaecoo/5-ev-long-range-max|car/jaecoo/5-luxury|car/jaecoo/jaecoo5|car/jaecoo/jaecoo5-ev|car/jaecoo/jaecoo5-hev
car,jaecoo,Jaecoo,jaecoo-6,Jaecoo 6,hatchback,th,as,2.0,,car/jaecoo/6-ev-long-range
car,jaecoo,Jaecoo,jaecoo-7,Jaecoo 7,hatchback,de|es|gb|lu|nl|nz,eu|oc,2.0,,car/jaecoo/7-deluxe-auto|car/jaecoo/7-luxury|car/jaecoo/j7|car/jaecoo/jaecoo7
car,jaecoo,Jaecoo,jaecoo-8,Jaecoo 8,hatchback,es|lu|nl,eu,3.0,,car/jaecoo/jaecoo8
car,jaguar,Jaguar,24,24,hatchback,nl|nz,eu|oc,9.0,,
car,jaguar,Jaguar,240,240,sedan,gb|nl|nz,eu|oc,5.0,,
car,jaguar,Jaguar,3-8s,3.8S,sedan,nl|nz,eu|oc,6.0,,car/jaguar/38s
car,jaguar,Jaguar,340,340,sedan,gb|nl|nz,eu|oc,4.0,,
car,jaguar,Jaguar,340-mk,340 Mk,hatchback,fi|nl,eu,10.0,,
car,jaguar,Jaguar,340-mkii,340 Mkii,hatchback,nl|nz,eu|oc,10.0,,
car,jaguar,Jaguar,385,385,hatchback,nl|nz,eu|oc,9.0,,
car,jaguar,Jaguar,420,420,sedan,fi|gb|nl|nz,eu|oc,5.0,,
car,jaguar,Jaguar,420-g,420 G,sedan,fi|nl|nz,eu|oc,6.0,,car/jaguar/420g
car,jaguar,Jaguar,c-type,C-Type,convertible,nl|nz,eu|oc,7.0,,car/jaguar/xk120c
car,jaguar,Jaguar,d-type,D-Type,convertible,nl|nz,eu|oc,8.0,,
car,jaguar,Jaguar,e-pace,E-Pace,suv,ca|es|fi|gb|lu|nl|nz|ua|us,eu|na|oc,3.0,,car/jaguar/e-pace-p250|car/jaguar/e-pace-p300
car,jaguar,Jaguar,e-type,E-Type,convertible,ar|es|fi|gb|lu|my|nl|nz,as|eu|oc|sa,5.0,,car/jaguar/2-2-e-type|car/jaguar/e|car/jaguar/e-type-2-2|car/jaguar/e-type-roadster|car/jaguar/e-type-series|car/jaguar/e-type-series-2|car/jaguar/e-type-series-2-4|car/jaguar/e-type-series-3-roadster|car/jaguar/e-type-series-3-v12|car/jaguar/e-type-v12|car/jaguar/e-type-v12-roadster|car/jaguar/e-v12-roadster|car/jaguar/series-three-e-type-v12|car/jaguar/xke|car/jaguar/xke-e-type|car/jaguar/xke-v12
car,jaguar,Jaguar,f-pace,F-Pace,suv,ca|es|fi|gb|ie|lu|my|nl|nz|ua|us,as|eu|na|oc,4.0,,car/jaguar/f-pace-25t|car/jaguar/f-pace-30t|car/jaguar/f-pace-p340|car/jaguar/f-pace-p400|car/jaguar/f-pace-s|car/jaguar/f-pace-svr
car,jaguar,Jaguar,f-type,F-Type,coupe,ca|es|fi|gb|lu|my|nl|nz|ua|us,as|eu|na|oc,4.0,,car/jaguar/f-type-p450|car/jaguar/f-type-r|car/jaguar/f-type-s|car/jaguar/f-type-svr|car/jaguar/f-type-v8-s
car,jaguar,Jaguar,fp-rd,Fp Rd,hatchback,gb,eu,5.0,,
car,jaguar,Jaguar,i-pace,I-Pace,suv,ca|es|fi|gb|ie|lu|my|nl|nz|ua|us,as|eu|na|oc,4.0,,car/jaguar/i-pace-ev400
car,jaguar,Jaguar,mark,Mark,sedan,fi|nl|nz,eu|oc,3.0,,
car,jaguar,Jaguar,mark-1,Mark 1,sedan,nl|nz,eu|oc,7.0,,
car,jaguar,Jaguar,mark-10,Mark 10,sedan,nl|nz,eu|oc,7.0,,
car,jaguar,Jaguar,mark-11,Mark 11,hatchback,nl|nz,eu|oc,9.0,,
car,jaguar,Jaguar,mark-2,Mark 2,sedan,nl|nz,eu|oc,7.0,,
car,jaguar,Jaguar,mark-7,Mark 7,sedan,nl|nz,eu|oc,7.0,,
car,jaguar,Jaguar,mark-8,Mark 8,hatchback,nl|nz,eu|oc,9.0,,
car,jaguar,Jaguar,mark-i,Mark I,sedan,nl|nz,eu|oc,8.0,,
car,jaguar,Jaguar,mark-ix,Mark Ix,sedan,nl|nz,eu|oc,7.0,,
car,jaguar,Jaguar,mark-x,Mark X,sedan,nl|nz,eu|oc,8.0,,
car,jaguar,Jaguar,mk,Mk,sedan,es|fi|gb|nl|nz,eu|oc,5.0,,
car,jaguar,Jaguar,mk-7-m,Mk 7 M,sedan,nl|nz,eu|oc,10.0,,
car,jaguar,Jaguar,mk-i,Mk I,sedan,fi|nl|nz,eu|oc,8.0,,car/jaguar/mki
car,jaguar,Jaguar,mk-ix,Mk Ix,sedan,gb|nl|nz,eu|oc,7.0,,
car,jaguar,Jaguar,mk-x,Mk X,sedan,gb|nl|nz,eu|oc,9.0,,
car,jaguar,Jaguar,mk1,MK1,sedan,nl|nz,eu|oc,5.0,,car/jaguar/mk-1
car,jaguar,Jaguar,mk10,MK10,sedan,nl|nz,eu|oc,5.0,,car/jaguar/mk-10
car,jaguar,Jaguar,mk11,MK11,sedan,nl|nz,eu|oc,8.0,,
car,jaguar,Jaguar,mk2,MK2,sedan,fi|nl|nz,eu|oc,4.0,,car/jaguar/mk-2
car,jaguar,Jaguar,mk4,MK4,coupe,nl|nz,eu|oc,10.0,,
car,jaguar,Jaguar,mk5,MK5,sedan,nl|nz,eu|oc,6.0,,car/jaguar/mk-5
car,jaguar,Jaguar,mk7,MK7,sedan,nl|nz,eu|oc,6.0,,car/jaguar/mk-7
car,jaguar,Jaguar,mk9,MK9,hatchback,nl|nz,eu|oc,9.0,,
car,jaguar,Jaguar,mkii,Mkii,sedan,fi|nl|nz,eu|oc,6.0,,
car,jaguar,Jaguar,s,S,sedan,nl|nz,eu|oc,8.0,,
car,jaguar,Jaguar,s-type,S-Type,sedan,ca|es|fi|gb|lu|nl|nz|ua|us,eu|na|oc,4.0,,car/jaguar/s-type-4|car/jaguar/s-type-executive|car/jaguar/s-type-r
car,jaguar,Jaguar,s-type-v6,S-Type V6,hatchback,ca|us,na,,,
car,jaguar,Jaguar,s-type-v8,S-Type V8,hatchback,ca|us,na,,,
car,jaguar,Jaguar,sovereign,Sovereign,sedan,fi|gb|lu|nl|nz,eu|oc,4.0,,car/jaguar/sovereign-auto|car/jaguar/sovereign-he|car/jaguar/sovereign-v12
car,jaguar,Jaguar,ss,Ss,convertible,nl|nz,eu|oc,8.0,,
car,jaguar,Jaguar,ss100,SS100,convertible,fi|nl|nz,eu|oc,7.0,,car/jaguar/ss-100
car,jaguar,Jaguar,super-v8,Super V8,sedan,ca|nl|us,eu|na,8.0,,
car,jaguar,Jaguar,vanden-plas,Vanden Plas,hatchback,ca|us,na,,,
car,jaguar,Jaguar,x-type,X-Type,sedan,ca|fi|gb|lu|nl|nz|ua|us,eu|na|oc,4.0,,car/jaguar/x-type-2|car/jaguar/x-type-sport-brake
car,jaguar,Jaguar,xe,Xe,sedan,ca|es|fi|gb|lu|my|nl|nz|ua|us,as|eu|na|oc,4.0,,car/jaguar/xe-25t|car/jaguar/xe-p250|car/jaguar/xe-p300|car/jaguar/xe-series
car,jaguar,Jaguar,xf,XF,sedan,ca|es|fi|gb|lu|my|nl|nz|ua|us,as|eu|na|oc,3.0,,car/jaguar/xf-30t|car/jaguar/xf-p250|car/jaguar/xf-p300|car/jaguar/xf-s|car/jaguar/xf-series|car/jaguar/xf-sportbrake|car/jaguar/xf-supercharged
car,jaguar,Jaguar,xfr,Xfr,sedan,ca|nl|nz|ua,eu|na|oc,8.0,,
car,jaguar,Jaguar,xj,Xj,sedan,ca|es|fi|lu|my|nl|nz|ua|us,as|eu|na|oc,4.0,,car/jaguar/xj-executive|car/jaguar/xj-sovereign|car/jaguar/xj-sport|car/jaguar/xj-supercharged|car/jaguar/xjl|car/jaguar/xjl-supercharged
car,jaguar,Jaguar,xj-s,XJ-S,convertible,ar|ca|fi|gb|lu|nl|nz|us,eu|na|oc|sa,4.0,,car/jaguar/x-j-s|car/jaguar/xj-s-he|car/jaguar/xj-s-v12|car/jaguar/xj-sc|car/jaguar/xj-sc-v12|car/jaguar/xj-series|car/jaguar/xjs|car/jaguar/xjs-auto|car/jaguar/xjs-he|car/jaguar/xjs-he-auto|car/jaguar/xjs-v12|car/jaguar/xjsc
car,jaguar,Jaguar,xj12,XJ12,sedan,ca|fi|nl|nz|ua|us,eu|na|oc,5.0,,car/jaguar/xj-12|car/jaguar/xj-12-l|car/jaguar/xj12-auto|car/jaguar/xj12-he|car/jaguar/xj12c|car/jaguar/xj12l
car,jaguar,Jaguar,xj220,XJ220,coupe,fi|nl,eu,8.0,,car/jaguar/xj-220
car,jaguar,Jaguar,xj40,XJ40,sedan,fi|nl|nz,eu|oc,8.0,,car/jaguar/xj-40
car,jaguar,Jaguar,xj42,XJ42,sedan,nl|nz,eu|oc,8.0,,
car,jaguar,Jaguar,xj6,XJ6,sedan,ca|fi|nl|nz|ua|us,eu|na|oc,4.0,,car/jaguar/xj-6|car/jaguar/xj6-2|car/jaguar/xj6-4|car/jaguar/xj6-auto|car/jaguar/xj6-l|car/jaguar/xj6-series|car/jaguar/xj6-series-1|car/jaguar/xj6-sovereign|car/jaguar/xj6c|car/jaguar/xj6l
car,jaguar,Jaguar,xj8,XJ8,sedan,ca|fi|lu|nl|nz|ua|us,eu|na|oc,5.0,,car/jaguar/xj-8|car/jaguar/xj8-executive|car/jaguar/xj8l
car,jaguar,Jaguar,xjr,Xjr,sedan,ca|fi|nl|nz|ua|us,eu|na|oc,5.0,,
car,jaguar,Jaguar,xjr-s,Xjr-S,sedan,fi|nl|nz|us,eu|na|oc,9.0,,car/jaguar/xjrs
car,jaguar,Jaguar,xk,Xk,convertible,ca|es|fi|gb|lu|nl|nz|us,eu|na|oc,4.0,,car/jaguar/xk-series
car,jaguar,Jaguar,xk120,XK120,convertible,fi|nl|nz,eu|oc,4.0,,car/jaguar/xk-120|car/jaguar/xk-120-roadster|car/jaguar/xk-120-se
car,jaguar,Jaguar,xk140,XK140,convertible,fi|nl|nz,eu|oc,4.0,,car/jaguar/xk-140|car/jaguar/xk-140-fhc|car/jaguar/xk-140-fixed-head|car/jaguar/xk-140-ots|car/jaguar/xk140-dhc
car,jaguar,Jaguar,xk150,XK150,convertible,es|fi|nl|nz,eu|oc,6.0,,car/jaguar/xk-150|car/jaguar/xk-150-drop-head|car/jaguar/xk-150-roadster|car/jaguar/xk-150-s|car/jaguar/xk150s
car,jaguar,Jaguar,xk8,XK8,convertible,ca|es|fi|lu|nl|nz|ua|us,eu|na|oc,5.0,,car/jaguar/xk-8
car,jaguar,Jaguar,xkr,Xkr,convertible,ca|es|fi|lu|nl|nz|ua|us,eu|na|oc,5.0,,
car,jaguar,Jaguar,xkr-s,Xkr-S,convertible,ca|fi|nl,eu|na,7.0,,car/jaguar/xkrs
car,jeep,Jeep,avenger,Avenger,suv,de|es|fi|gb|ie|lu|nl|nz|ua,eu|oc,3.0,,
car,jeep,Jeep,cherokee,Cherokee,suv,ca|es|fi|gb|lu|my|nl|nz|ua|us,as|eu|na|oc,3.0,,car/jeep/cherokee-chief|car/jeep/cherokee-limited|car/jeep/cherokee-trailhawk
car,jeep,Jeep,cherokee-sport,Cherokee Sport,suv,nl|ua,eu,8.0,,
car,jeep,Jeep,cherokee-wagoneer,Cherokee Wagoneer,suv,nl|us,eu|na,7.0,,
car,jeep,Jeep,cj,Cj,suv,nl|nz,eu|oc,6.0,,
car,jeep,Jeep,cj-15,Cj 15,suv,nl|nz,eu|oc,10.0,,
car,jeep,Jeep,cj-5,CJ-5,suv,fi|nl|nz,eu|oc,5.0,,car/jeep/cj5
car,jeep,Jeep,cj-7,CJ-7,suv,fi|lu|nl|nz|us,eu|na|oc,5.0,,car/jeep/cj-7-laredo|car/jeep/cj7
car,jeep,Jeep,cj8,CJ8,suv,nl|nz|us,eu|na|oc,8.0,,
car,jeep,Jeep,commander,Commander,suv,ca|es|fi|gb|lu|nl|nz|ua|us,eu|na|oc,5.0,,
car,jeep,Jeep,compass,Compass,suv,ca|de|es|fi|gb|ie|lu|nl|nz|ua|us,eu|na|oc,3.0,,car/jeep/compass-limited|car/jeep/compass-sport
car,jeep,Jeep,gladiator,Gladiator,suv,ca|nl|nz|ua|us,eu|na|oc,5.0,,
car,jeep,Jeep,gpw,Gpw,suv,nl|nz,eu|oc,9.0,,
car,jeep,Jeep,grand-cherokee,Grand Cherokee,suv,ca|de|es|fi|gb|lu|nl|nz|ua|us,eu|na|oc,3.0,,car/jeep/g-cherokee|car/jeep/grand-cherokee-4xe|car/jeep/grand-cherokee-crd|car/jeep/grand-cherokee-l|car/jeep/grand-cherokee-laredo|car/jeep/grand-cherokee-limited|car/jeep/grand-cherokee-overland|car/jeep/grand-cherokee-srt|car/jeep/grand-cherokee-srt8|car/jeep/grand-cherokee-summit|car/jeep/grand-cherokee-trackhawk|car/jeep/grand-cherokee-wk
car,jeep,Jeep,grand-wagoneer,Grand Wagoneer,suv,ca|fi|nl|nz|ua|us,eu|na|oc,7.0,,car/jeep/grand-wagoneer-l
car,jeep,Jeep,laredo,Laredo,suv,fi|nl|nz,eu|oc,6.0,,
car,jeep,Jeep,liberty,Liberty,suv,ca|fi|nl|ua|us,eu|na,6.0,,car/jeep/liberty-limited|car/jeep/liberty-sport
car,jeep,Jeep,m38a1,M38A1,suv,nl|nz,eu|oc,7.0,,
car,jeep,Jeep,mb,Mb,suv,nl|nz,eu|oc,7.0,,
car,jeep,Jeep,patriot,Patriot,suv,ca|es|fi|gb|lu|nl|nz|ua|us,eu|na|oc,4.0,,car/jeep/patriot-latitude|car/jeep/patriot-sport
car,jeep,Jeep,recon,Recon,suv,ca|us,na,,,car/jeep/recon-moab
car,jeep,Jeep,renegade,Renegade,suv,ca|de|es|fi|gb|ie|lu|nl|nz|ua|us,eu|na|oc,3.0,,car/jeep/renegade-trailhawk
car,jeep,Jeep,wagoneer,Wagoneer,suv,ca|fi|nl|nz|ua|us,eu|na|oc,5.0,,car/jeep/wagoneer-l|car/jeep/wagoneer-limited
car,jeep,Jeep,wagoneer-s,Wagoneer S,suv,ca|ua|us,eu|na,10.0,,
car,jeep,Jeep,willys,Willys,suv,fi|lu|nl|nz,eu|oc,7.0,,car/jeep/willys-overland
car,jeep,Jeep,wrangler,Wrangler,suv,ar|ca|de|es|fi|gb|lu|my|nl|nz|th|ua|us,as|eu|na|oc|sa,4.0,,car/jeep/tj|car/jeep/wrangler-4|car/jeep/wrangler-4-0l-sport|car/jeep/wrangler-4xe|car/jeep/wrangler-jk|car/jeep/wrangler-laredo|car/jeep/wrangler-renegade|car/jeep/wrangler-rubicon|car/jeep/wrangler-rubicon-392|car/jeep/wrangler-sahara|car/jeep/wrangler-se|car/jeep/wrangler-sport|car/jeep/wrangler-sport-4-0l|car/jeep/wrangler-tj|car/jeep/wrangler-u|car/jeep/wrangler-x|car/jeep/wrangler-yj|car/jeep/yj
car,jeep,Jeep,wrangler-unlimited,Wrangler Unlimited,suv,ca|es|fi|lu|nl|us,eu|na,3.0,,car/jeep/wrangler-jk-unlimited|car/jeep/wrangler-jl-unlimited|car/jeep/wrangler-unlim|car/jeep/wrangler-unlimited-sahara
car,jensen,Jensen,541r,541R,coupe,nl|nz,eu|oc,8.0,,
car,jensen,Jensen,cv8,CV8,coupe,nl|nz,eu|oc,9.0,,
car,jensen,Jensen,ff,Ff,hatchback,gb|nz,eu|oc,9.0,,
car,jensen,Jensen,gt,GT,coupe,gb|nl,eu,8.0,,
car,jensen,Jensen,healey,Healey,convertible,fi|nl|nz,eu|oc,5.0,,
car,jensen,Jensen,healy,Healy,convertible,nl|nz,eu|oc,8.0,,
car,jensen,Jensen,intercepter,Intercepter,hatchback,nl|nz,eu|oc,9.0,,
car,jensen,Jensen,interceptor,Interceptor,coupe,es|fi|gb|nl|nz,eu|oc,5.0,,
car,jensen,Jensen,interceptor-111,Interceptor 111,coupe,nl|nz,eu|oc,7.0,,
car,jensen,Jensen,interceptor-mk,Interceptor Mk,convertible,fi|nl,eu,8.0,,
car,jensen,Jensen,jensen-healey,Jensen-Healey,convertible,gb|nl,eu,7.0,,
car,jensen,Jensen,s-v8,S-V8,convertible,gb|nl,eu,10.0,,
car,jensen,Jensen,sp,Sp,coupe,gb|nl,eu,8.0,,
car,jetour,Jetour,dashing,Dashing,hatchback,ar|my|ua,as|eu|sa,4.0,,
car,jetour,Jetour,t1,T1,hatchback,ar|my|ua,as|eu|sa,5.0,,
car,jetour,Jetour,t1-i-dm,T1 I-Dm,hatchback,ar|ua,eu|sa,7.0,,
car,jetour,Jetour,t2,T2,hatchback,my|ua,as|eu,4.0,,
car,jetour,Jetour,x50,X50,hatchback,ar|ua,eu|sa,4.0,,
car,jetour,Jetour,x70-plus,X70 Plus,hatchback,ar|my,as|sa,7.0,,
car,julia-camper,Julia Camper,yosemite,Yosemite,hatchback,es|nl,eu,8.0,,
car,kaiser,Kaiser,de-luxe,De Luxe,hatchback,fi|nl,eu,10.0,,
car,kaiser,Kaiser,jeep,Jeep,convertible,nl|nz,eu|oc,8.0,,
car,kaiser,Kaiser,k545,K545,sedan,nl|nz,eu|oc,10.0,,
car,kaiser,Kaiser,manhattan,Manhattan,sedan,fi|nl|nz,eu|oc,8.0,,
car,kaiser,Kaiser,special,Special,hatchback,fi|nl,eu,10.0,,
car,karma,Karma,revero,Revero,sedan,ca|nl|us,eu|na,6.0,,
car,karma,Karma,revero-gt,Revero GT,coupe,nl|us,eu|na,10.0,,
car,kgm,KGM,actyon,Actyon,hatchback|wagon,de|lu|nl,eu,6.0,,
car,kgm,KGM,korando,Korando,hatchback,de|es|gb|lu|ua,eu,6.0,,
car,kgm,KGM,rexton,Rexton,hatchback,de|es|gb|lu|nz|ua,eu|oc,6.0,,
car,kgm,KGM,tivoli,Tivoli,hatchback,de|es|gb|lu,eu,5.0,,
car,kgm,KGM,torres,Torres,hatchback|wagon,de|es|fi|gb|lu|nl|nz|ua,eu|oc,6.0,,
car,kgm,KGM,torres-evx,Torres Evx,hatchback|wagon,es|fi|lu|nl,eu,5.0,,
car,kia-motors,Kia Motors,sorento,Sorento,hatchback,es|nl,eu,10.0,,
car,kia,Kia,amanti,Amanti,hatchback,ca|ua|us,eu|na,10.0,,
car,kia,Kia,avella,Avella,hatchback,nl|nz|ua,eu|oc,9.0,,
car,kia,Kia,borrego,Borrego,hatchback|wagon,ca|nl|us,eu|na,10.0,,
car,kia,Kia,cadenza,Cadenza,hatchback,ca|fi|ua|us,eu|na,8.0,,
car,kia,Kia,carens,Carens,mpv,es|fi|gb|lu|nl|nz|ua,eu|oc,3.0,,car/kia/carens-or-rondo
car,kia,Kia,carnival,Carnival,hatchback|wagon,ca|es|fi|lu|my|nl|nz|th|ua|us,as|eu|na|oc,4.0,,car/kia/carnival-2|car/kia/grand-carnival
car,kia,Kia,ceed,Ceed,hatchback|wagon,de|es|fi|gb|ie|lu|nl|nz|ua,eu|oc,2.0,,car/kia/cee-d|car/kia/ceed-1|car/kia/ed|car/kia/ed-ceed
car,kia,Kia,cerato,Cerato,sedan,es|fi|gb|lu|my|nl|nz|ua,as|eu|oc,5.0,,
car,kia,Kia,clarus,Clarus,sedan,fi|gb|nl|ua,eu,7.0,,
car,kia,Kia,credos,Credos,hatchback,nz|ua,eu|oc,9.0,,
car,kia,Kia,e-niro,E-Niro,hatchback|wagon,nl|ua,eu,5.0,,
car,kia,Kia,ev2,EV2,hatchback,de|es|lu|nl,eu,3.0,,
car,kia,Kia,ev3,EV3,suv,de|es|fi|gb|ie|lu|nl|nz|ua,eu|oc,3.0,,car/kia/ev-3|car/kia/ev3-air
car,kia,Kia,ev4,EV4,hatchback,ca|de|es|fi|gb|ie|lu|nl|nz,eu|na|oc,3.0,,car/kia/ev-4
car,kia,Kia,ev5,EV5,suv,de|es|fi|gb|ie|lu|nl|nz|th|ua,as|eu|oc,3.0,,
car,kia,Kia,ev6,EV6,suv,ca|de|es|fi|gb|ie|lu|my|nl|nz|ua|us,as|eu|na|oc,3.0,,car/kia/ev-6|car/kia/ev6-gt|car/kia/ev6-light|car/kia/ev6-long-range|car/kia/ev6-wind
car,kia,Kia,ev9,EV9,suv,ca|de|es|fi|gb|ie|lu|my|nl|nz|th|ua|us,as|eu|na|oc,4.0,,car/kia/ev-9|car/kia/ev9-gt
car,kia,Kia,forte,Forte,sedan,ca|es|nl|nz|ua|us,eu|na|oc,5.0,,car/kia/forte-5|car/kia/forte-koup
car,kia,Kia,joice,Joice,hatchback|wagon,nl|ua,eu,6.0,,
car,kia,Kia,k2500,K2500,hatchback,ar|ua,eu|sa,6.0,,
car,kia,Kia,k3,K3,hatchback,ar|ua,eu|sa,6.0,,
car,kia,Kia,k4,K4,hatchback|wagon,ar|ca|de|es|fi|gb|ie|lu|nl|ua|us,eu|na|sa,5.0,,
car,kia,Kia,k5,K5,sedan,ca|es|fi|nl|ua|us,eu|na,6.0,,
car,kia,Kia,k7,K7,hatchback,fi|ua,eu,5.0,,
car,kia,Kia,k900,K900,hatchback,ca|us,na,,,
car,kia,Kia,magentis,Magentis,sedan,ca|fi|gb|nl|nz|ua,eu|na|oc,3.0,,
car,kia,Kia,mentor,Mentor,sedan,gb|nl|nz,eu|oc,6.0,,
car,kia,Kia,mohave,Mohave,hatchback|wagon,fi|nl|ua,eu,7.0,,
car,kia,Kia,morning,Morning,hatchback,nl|ua,eu,5.0,,
car,kia,Kia,niro,Niro,suv,ca|de|es|fi|gb|ie|lu|my|nl|nz|ua|us,as|eu|na|oc,3.0,,car/kia/niro-ex|car/kia/niro-fe|car/kia/niro-touring
car,kia,Kia,niro-ev,Niro EV,hatchback|wagon,ca|nl|ua,eu|na,7.0,,
car,kia,Kia,opirus,Opirus,sedan,fi|nl|ua,eu,5.0,,
car,kia,Kia,optima,Optima,sedan|wagon,ca|es|fi|gb|lu|nl|nz|ua|us,eu|na|oc,3.0,,car/kia/optima-fe|car/kia/optima-sx
car,kia,Kia,picanto,Picanto,hatchback,de|es|fi|gb|ie|lu|nl|nz|ua,eu|oc,2.0,,car/kia/picanto-gpl|car/kia/picanto-morning|car/kia/picanto-sa
car,kia,Kia,pregio,Pregio,hatchback,nl|nz|ua,eu|oc,7.0,,
car,kia,Kia,pride,Pride,hatchback,gb|nl|ua,eu,6.0,,
car,kia,Kia,pro-ceed,Pro Ceed,hatchback,es|fi|gb|lu|nl|ua,eu,4.0,,car/kia/proceed
car,kia,Kia,pv5,PV5,hatchback,de|es|fi|gb|lu|nl,eu,4.0,,
car,kia,Kia,retona,Retona,hatchback,nl|ua,eu,10.0,,
car,kia,Kia,rio,Rio,hatchback,ca|es|fi|gb|lu|nl|nz|ua|us,eu|na|oc,2.0,,car/kia/jb|car/kia/rio-eco
car,kia,Kia,rondo,Rondo,hatchback|wagon,ca|fi|nl|nz|ua|us,eu|na|oc,8.0,,
car,kia,Kia,sedona,Sedona,hatchback,ca|fi|gb|nl|nz|ua|us,eu|na|oc,7.0,,car/kia/sedona-sx|car/kia/sedona-sxl
car,kia,Kia,seltos,Seltos,hatchback|wagon,ca|de|es|fi|nl|nz|ua|us,eu|na|oc,5.0,,
car,kia,Kia,sephia,Sephia,sedan,ca|nl|ua|us,eu|na,4.0,,
car,kia,Kia,shuma,Shuma,hatchback,gb|nl|ua,eu,5.0,,
car,kia,Kia,sorento,Sorento,suv,ca|de|es|fi|gb|ie|lu|my|nl|nz|th|ua|us,as|eu|na|oc,3.0,,car/kia/sorento-ex|car/kia/sorento-lx
car,kia,Kia,soul,Soul,suv,ca|de|es|fi|gb|lu|nl|nz|ua|us,eu|na|oc,3.0,,car/kia/soul-eco|car/kia/soul-eco-dynamics
car,kia,Kia,soul-ev,Soul EV,hatchback,ca|fi|ua,eu|na,7.0,,
car,kia,Kia,spectra,Spectra,hatchback,ca|fi|nl|nz|us,eu|na|oc,8.0,,
car,kia,Kia,sportage,Sportage,suv,ca|de|es|fi|gb|ie|lu|my|nl|nz|ua|us,as|eu|na|oc,1.0,,car/kia/km|car/kia/km-sportage|car/kia/sl|car/kia/sportage-bifuel|car/kia/sportage-ex|car/kia/sportage-sl|car/kia/sportage-sls|car/kia/sportage-x-pro
car,kia,Kia,stinger,Stinger,hatchback,ca|es|fi|gb|lu|nl|nz|ua|us,eu|na|oc,4.0,,car/kia/stringer
car,kia,Kia,stonic,Stonic,suv,de|es|fi|gb|ie|lu|nl|nz|ua,eu|oc,2.0,,
car,kia,Kia,telluride,Telluride,hatchback|wagon,ca|es|fi|nl|ua|us,eu|na,8.0,,
car,kia,Kia,venga,Venga,mpv,es|fi|gb|lu|nl|ua,eu,3.0,,
car,kia,Kia,x-ceed,X Ceed,hatchback,es|fi|gb|ie|lu|nl|ua,eu,3.0,,car/kia/xceed
car,krismar,Krismar,elite,Elite,hatchback,fi|lu|nl,eu,9.0,,
car,ktm,KTM,x-bow,X-Bow,convertible,fi|my|nl|nz,as|eu|oc,8.0,,
car,lada,Lada,110,110,sedan,fi|nl,eu,6.0,,
car,lada,Lada,111,111,hatchback|wagon,fi|nl,eu,5.0,,
car,lada,Lada,1117,1117,hatchback|wagon,fi|nl,eu,6.0,,
car,lada,Lada,1119,1119,hatchback,fi|nl,eu,5.0,,
car,lada,Lada,112,112,hatchback,fi|nl,eu,5.0,,
car,lada,Lada,1200,1200,sedan,fi|gb|nl|nz,eu|oc,6.0,,
car,lada,Lada,1200-s,1200 S,sedan,fi|nl,eu,6.0,,car/lada/1200s
car,lada,Lada,1300,1300,sedan,fi|gb|nl|nz,eu|oc,8.0,,
car,lada,Lada,1300-sl,1300 SL,sedan,fi|nl,eu,8.0,,
car,lada,Lada,1500,1500,sedan,fi|gb|nl|nz,eu|oc,6.0,,
car,lada,Lada,1500-s,1500 S,sedan,fi|nl,eu,6.0,,
car,lada,Lada,1600,1600,hatchback,gb|nz,eu|oc,9.0,,
car,lada,Lada,2101,2101,sedan,fi|nl|ua,eu,4.0,,
car,lada,Lada,2102,2102,hatchback|wagon,nl|ua,eu,5.0,,
car,lada,Lada,2103,2103,sedan,fi|nl|ua,eu,4.0,,
car,lada,Lada,2104,2104,hatchback|wagon,fi|nl|nz|ua,eu|oc,5.0,,
car,lada,Lada,2105,2105,sedan,fi|nl|nz|ua,eu|oc,5.0,,
car,lada,Lada,2106,2106,sedan,fi|nl|ua,eu,5.0,,
car,lada,Lada,2107,2107,sedan,fi|nl|nz|ua,eu|oc,4.0,,
car,lada,Lada,2109,2109,hatchback,nz|ua,eu|oc,5.0,,
car,lada,Lada,2121,2121,hatchback|wagon,fi|nl|nz|ua,eu|oc,7.0,,
car,lada,Lada,2172,2172,hatchback,fi|nl,eu,9.0,,
car,lada,Lada,2192,2192,hatchback|wagon,fi|nl,eu,7.0,,
car,lada,Lada,2194,2194,hatchback|wagon,fi|nl,eu,5.0,,
car,lada,Lada,4x4,4X4,hatchback|wagon,es|fi|lu|nl,eu,4.0,,
car,lada,Lada,4x4-urban,4X4 Urban,hatchback|wagon,fi|nl,eu,8.0,,
car,lada,Lada,cossack,Cossack,hatchback,gb|nz,eu|oc,7.0,,
car,lada,Lada,granta,Granta,sedan,fi|nl|ua,eu,6.0,,
car,lada,Lada,largus,Largus,hatchback|wagon,fi|nl|ua,eu,7.0,,
car,lada,Lada,niva,Niva,hatchback|wagon,de|fi|gb|nl|nz|ua,eu|oc,5.0,Нива|4x4,
car,lada,Lada,niva-1600,Niva 1600,hatchback|wagon,fi|nl|nz,eu|oc,6.0,,
car,lada,Lada,niva-2121,Niva 2121,hatchback,nl|nz,eu|oc,6.0,,
car,lada,Lada,samara,Samara,hatchback,fi|gb|nl|nz,eu|oc,6.0,,
car,lada,Lada,vaz-2101,Vaz 2101,sedan,fi|nl,eu,10.0,,
car,lada,Lada,vesta,Vesta,sedan|wagon,fi|nl|ua,eu,6.0,,
car,lada,Lada,xray,Xray,hatchback,fi|ua,eu,8.0,,
car,lagonda,Lagonda,lg45,LG45,convertible,nl|nz,eu|oc,7.0,,
car,lagonda,Lagonda,lg45-rapide,LG45 Rapide,convertible,fi|nl,eu,10.0,,
car,lagonda,Lagonda,lg6,LG6,hatchback,nl|nz,eu|oc,9.0,,
car,lagonda,Lagonda,m45,M45,convertible,nl|nz,eu|oc,9.0,,
car,lagonda,Lagonda,rapier,Rapier,convertible,nl|nz,eu|oc,8.0,,
car,lagonda,Lagonda,v12,V12,sedan,nl|nz,eu|oc,10.0,,
car,lamborghini,Lamborghini,140-gallardo,140 Gallardo,coupe,fi|nl,eu,8.0,,
car,lamborghini,Lamborghini,147-murcielago,147 Murcielago,coupe,fi|nl,eu,6.0,,
car,lamborghini,Lamborghini,aventador,Aventador,coupe,ca|es|gb|lu|my|nl|nz|ua|us,as|eu|na|oc,7.0,,
car,lamborghini,Lamborghini,aventador-countach,Aventador Countach,hatchback,ca|us,na,,,
car,lamborghini,Lamborghini,aventador-roadster,Aventador Roadster,hatchback,ca|us,na,,,
car,lamborghini,Lamborghini,aventador-s,Aventador S,hatchback,ca|us,na,,,
car,lamborghini,Lamborghini,aventador-s-roadster,Aventador S Roadster,hatchback,ca|us,na,,,
car,lamborghini,Lamborghini,aventador-sian,Aventador Sian,hatchback,ca|us,na,,,
car,lamborghini,Lamborghini,aventador-sian-roadster,Aventador Sian Roadster,hatchback,ca|us,na,,,
car,lamborghini,Lamborghini,aventador-svj,Aventador Svj,coupe,nl|nz,eu|oc,10.0,,
car,lamborghini,Lamborghini,aventador-ultimae,Aventador Ultimae,hatchback,ca|th,as|na,9.0,,
car,lamborghini,Lamborghini,countach,Countach,coupe,gb|nl|nz|us,eu|na|oc,8.0,,
car,lamborghini,Lamborghini,countach-lp500s,Countach LP500S,hatchback,nz|us,na|oc,10.0,,
car,lamborghini,Lamborghini,diablo,Diablo,coupe,fi|gb|nl|nz|ua,eu|oc,7.0,,
car,lamborghini,Lamborghini,gallardo,Gallardo,coupe,ca|es|fi|gb|lu|my|nl|nz|ua|us,as|eu|na|oc,6.0,,
car,lamborghini,Lamborghini,gallardo-spyder,Gallardo Spyder,hatchback,ca|us,na,,,
car,lamborghini,Lamborghini,huracan,Huracan,coupe,ca|es|fi|gb|lu|my|nl|nz|us,as|eu|na|oc,5.0,,
car,lamborghini,Lamborghini,huracan-evo,Huracan Evo,hatchback,ca|th|ua,as|eu|na,9.0,,
car,lamborghini,Lamborghini,huracan-evo-spyder,Huracan Evo Spyder,hatchback,ca|th,as|na,10.0,,
car,lamborghini,Lamborghini,huracan-spyder,Huracan Spyder,hatchback,ca|us,na,,,
car,lamborghini,Lamborghini,huracan-sterrato,Huracan Sterrato,hatchback,th|us,as|na,10.0,,
car,lamborghini,Lamborghini,huracan-sto,Huracan Sto,hatchback,ca|th,as|na,7.0,,
car,lamborghini,Lamborghini,islero,Islero,coupe,nl|nz,eu|oc,9.0,,
car,lamborghini,Lamborghini,jalpa,Jalpa,coupe,nl|nz,eu|oc,9.0,,
car,lamborghini,Lamborghini,lm-002,Lm 002,hatchback,nl|ua,eu,9.0,,
car,lamborghini,Lamborghini,murcielago,Murcielago,coupe,ca|es|gb|nl|nz|ua|us,eu|na|oc,8.0,,
car,lamborghini,Lamborghini,murcielago-roadster,Murcielago Roadster,hatchback,ca|us,na,,,
car,lamborghini,Lamborghini,revuelto,Revuelto,coupe,ca|lu|my|nl|nz|th|us,as|eu|na|oc,6.0,,
car,lamborghini,Lamborghini,temerario,Temerario,coupe,ca|gb|lu|nl|nz,eu|na|oc,7.0,,
car,lamborghini,Lamborghini,urraco,Urraco,coupe,nl|nz,eu|oc,8.0,,
car,lamborghini,Lamborghini,urus,Urus,hatchback,ca|de|es|fi|gb|lu|my|nl|nz|th|ua|us,as|eu|na|oc,5.0,,
car,lamborghini,Lamborghini,urus-performante,Urus Performante,hatchback,ca|th|us,as|na,7.0,,
car,lamborghini,Lamborghini,urus-s,Urus S,hatchback,ca|th|us,as|na,7.0,,
car,lamborghini,Lamborghini,urus-se,Urus Se,hatchback,ca|ua|us,eu|na,10.0,,
car,lamborghini,Lamborghini,veneno-roadster,Veneno Roadster,hatchback,ca|us,na,,,
car,lanchester,Lanchester,10hp,10HP,hatchback,nl|nz,eu|oc,10.0,,
car,lancia,Lancia,2000,2000,coupe,gb|nl|nz,eu|oc,7.0,,
car,lancia,Lancia,appia,Appia,sedan,nl|nz,eu|oc,7.0,,
car,lancia,Lancia,aprilia,Aprilia,sedan,nl|nz,eu|oc,8.0,,
car,lancia,Lancia,aurelia,Aurelia,coupe,nl|nz,eu|oc,7.0,,
car,lancia,Lancia,beta,Beta,coupe,fi|gb|nl|nz|ua,eu|oc,6.0,,
car,lancia,Lancia,beta-2000,Beta 2000,coupe,nl|nz,eu|oc,6.0,,
car,lancia,Lancia,beta-2000-spider,Beta 2000 Spider,convertible,fi|nl,eu,6.0,,
car,lancia,Lancia,beta-monte-carlo,Beta Monte Carlo,coupe,nl|nz,eu|oc,7.0,,
car,lancia,Lancia,coupe,Coupe,hatchback,gb|nz,eu|oc,7.0,,
car,lancia,Lancia,dedra,Dedra,sedan|wagon,fi|gb|nl|nz|ua,eu|oc,8.0,,
car,lancia,Lancia,delta,Delta,hatchback,es|fi|gb|lu|my|nl|nz|ua,as|eu|oc,5.0,,
car,lancia,Lancia,delta-hf,Delta Hf,hatchback,fi|nl|nz,eu|oc,7.0,,
car,lancia,Lancia,delta-hf-integrale,Delta Hf Integrale,hatchback,fi|nl,eu,5.0,,
car,lancia,Lancia,delta-hf-integrale-16v,Delta Hf Integrale 16V,hatchback,fi|nl,eu,6.0,,
car,lancia,Lancia,delta-hf-intergrale,Delta Hf Intergrale,hatchback,fi|nl,eu,10.0,,
car,lancia,Lancia,delta-hf-turbo,Delta Hf Turbo,hatchback,nl|nz,eu|oc,6.0,,
car,lancia,Lancia,delta-integrale,Delta Integrale,hatchback,nl|nz,eu|oc,8.0,,
car,lancia,Lancia,flaminia,Flaminia,coupe,es|fi|gb|nl|nz,eu|oc,8.0,,
car,lancia,Lancia,flaminia-sport,Flaminia Sport,coupe,lu|nl,eu,8.0,,
car,lancia,Lancia,flavia,Flavia,convertible,es|fi|gb|lu|nl|nz,eu|oc,7.0,,
car,lancia,Lancia,fulvia,Fulvia,coupe,fi|gb|nl|nz,eu|oc,5.0,,
car,lancia,Lancia,fulvia-1-3s,Fulvia 1.3S,sedan,nl|nz,eu|oc,8.0,,
car,lancia,Lancia,fulvia-sport-1,Fulvia Sport 1,coupe,fi|nl,eu,8.0,,
car,lancia,Lancia,gamma,Gamma,coupe,fi|gb|nl|nz,eu|oc,7.0,,
car,lancia,Lancia,gamma-2500,Gamma 2500,coupe,fi|nl,eu,7.0,,
car,lancia,Lancia,grand-voyager,Grand Voyager,mpv,fi|nl,eu,6.0,,
car,lancia,Lancia,hpe,Hpe,hatchback,gb|nz,eu|oc,7.0,,
car,lancia,Lancia,kappa,Kappa,hatchback|wagon,fi|nl,eu,6.0,,
car,lancia,Lancia,lybra,Lybra,sedan,fi|nl|ua,eu,8.0,,
car,lancia,Lancia,monte-carlo,Monte Carlo,coupe,gb|nl|nz,eu|oc,7.0,,car/lancia/montecarlo
car,lancia,Lancia,musa,Musa,hatchback,es|fi|lu|nl|ua,eu,6.0,,
car,lancia,Lancia,phedra,Phedra,hatchback,fi|lu|nl|ua,eu,6.0,,
car,lancia,Lancia,prisma,Prisma,sedan,gb|nl|nz|ua,eu|oc,8.0,,
car,lancia,Lancia,stratos,Stratos,coupe,nl|nz,eu|oc,8.0,,
car,lancia,Lancia,thema,Thema,sedan,fi|gb|lu|nl|nz|ua,eu|oc,6.0,,
car,lancia,Lancia,thema-6v,Thema 6V,sedan,nl|nz,eu|oc,8.0,,
car,lancia,Lancia,thesis,Thesis,sedan,fi|lu|nl|nz|ua,eu|oc,7.0,,
car,lancia,Lancia,trevi,Trevi,sedan,gb|nl,eu,10.0,,
car,lancia,Lancia,volumex,Volumex,coupe,nl|nz,eu|oc,9.0,,
car,lancia,Lancia,voyager,Voyager,hatchback,es|fi|lu|nl|ua,eu,5.0,,
car,lancia,Lancia,y,Y,hatchback,lu|nl,eu,5.0,,
car,lancia,Lancia,y10,Y10,hatchback|wagon,fi|gb|nl,eu,7.0,,
car,lancia,Lancia,ypsilon,Ypsilon,hatchback,es|fi|lu|nl|ua,eu,3.0,,
car,land-rover,Land Rover,101,101,suv,nl|nz,eu|oc,8.0,,
car,land-rover,Land Rover,109,109,suv,fi|gb|nl|nz,eu|oc,5.0,,car/land-rover/109-hard-top|car/land-rover/109-hardtop|car/land-rover/109-lwb|car/land-rover/109-pick-up|car/land-rover/109-v8|car/land-rover/lr-109|car/land-rover/series-3-109
car,land-rover,Land Rover,110,110,suv,fi|gb|nl|nz,eu|oc,4.0,,car/land-rover/110-4c|car/land-rover/110-defender|car/land-rover/110-hardtop|car/land-rover/110-v8|car/land-rover/one-ten
car,land-rover,Land Rover,86,86,suv,nl|nz,eu|oc,7.0,,car/land-rover/86-wb
car,land-rover,Land Rover,88,88,suv,gb|lu|nl|nz,eu|oc,5.0,,car/land-rover/88-hard-top|car/land-rover/88-hardtop|car/land-rover/88-ht|car/land-rover/88-pick-up|car/land-rover/88-series|car/land-rover/88-series-2a|car/land-rover/88-series-3|car/land-rover/88-series-iia|car/land-rover/88-station|car/land-rover/88-sw|car/land-rover/88-truck|car/land-rover/88-truck-cab|car/land-rover/88-w-b|car/land-rover/88-wb|car/land-rover/lr88|car/land-rover/series-i-88
car,land-rover,Land Rover,90,90,suv,fi|gb|nl|nz,eu|oc,5.0,,car/land-rover/90-county|car/land-rover/90-defender|car/land-rover/lr90|car/land-rover/ninety|van/land-rover/90-defender
car,land-rover,Land Rover,defender,Defender,suv,ar|ca|de|es|fi|gb|ie|lu|my|nl|nz|th|ua|us,as|eu|na|oc|sa,3.0,,
car,land-rover,Land Rover,discovery,Discovery,suv,ca|de|es|fi|gb|ie|lu|my|nl|nz|ua|us,as|eu|na|oc,4.0,,
car,land-rover,Land Rover,discovery-sport,Discovery Sport,suv,ca|de|es|fi|ie|lu|nl|nz|ua|us,eu|na|oc,3.0,,
car,land-rover,Land Rover,freelander,Freelander,suv,ca|es|fi|gb|lu|nl|nz|ua|us,eu|na|oc,2.0,,
car,land-rover,Land Rover,lr2,LR2,suv,ca|fi|nl|ua|us,eu|na,6.0,,
car,land-rover,Land Rover,lr3,LR3,suv,ca|nl|us,eu|na,5.0,,
car,land-rover,Land Rover,lr4,LR4,suv,ca|nl|ua|us,eu|na,6.0,,
car,land-rover,Land Rover,range-rover,Range Rover,suv,ar|ca|de|es|fi|gb|ie|lu|my|nl|nz|th|ua|us,as|eu|na|oc|sa,4.0,,car/land-rover/ranger-rover|car/land-rover/rangerover|car/land-rover/rangerover-vogue|car/land-rover/vogue|car/rover/range|car/rover/range-rover|car/rover/ranger-rover|car/rover/rangerover|van/rover/range-rover
car,land-rover,Land Rover,range-rover-evoque,Range Rover Evoque,suv,ar|ca|de|es|fi|gb|ie|lu|my|nl|nz|th|ua|us,as|eu|na|oc|sa,3.0,,car/jaguar/range-rover-evoque|car/land-rover/evoque
car,land-rover,Land Rover,range-rover-sport,Range Rover Sport,suv,ca|de|es|fi|gb|ie|lu|my|nl|nz|th|ua|us,as|eu|na|oc,3.0,,car/land-rover/ranger-rover-sport|car/land-rover/sport
car,land-rover,Land Rover,range-rover-velar,Range Rover Velar,suv,ca|de|es|fi|gb|ie|lu|my|nl|nz|th|ua|us,as|eu|na|oc,4.0,,car/land-rover/velar
car,land-rover,Land Rover,santana-88,Santana 88,suv,lu|nl,eu,7.0,,
car,land-rover,Land Rover,series,Series,suv,fi|nl|nz,eu|oc,6.0,,
car,land-rover,Land Rover,series-1,Series 1,suv,nl|nz,eu|oc,5.0,,
car,land-rover,Land Rover,series-2,Series 2,suv,nl|nz,eu|oc,6.0,,
car,land-rover,Land Rover,series-3,Series 3,suv,nl|nz,eu|oc,6.0,,
car,land-rover,Land Rover,series-i,Series I,suv,nl|nz,eu|oc,7.0,,
car,land-rover,Land Rover,series-i-80,Series I 80,suv,fi|nl,eu,10.0,,car/land-rover/serie-i-80
car,land-rover,Land Rover,series-iia,Series Iia,suv,nl|nz,eu|oc,8.0,,
car,ldv,LDV,convoy,Convoy,hatchback,nl|nz,eu|oc,9.0,,
car,ldv,LDV,maxus,Maxus,hatchback,gb|nl,eu,10.0,,
car,ldv,LDV,v80,V80,hatchback,gb|nz,eu|oc,8.0,,
car,leapmotor,Leapmotor,b05,B05,hatchback,de|es|lu|nl|nz,eu|oc,8.0,,
car,leapmotor,Leapmotor,b10,B10,hatchback,de|es|gb|lu|my|nl|nz|ua,as|eu|oc,4.0,,
car,leapmotor,Leapmotor,c10,C10,hatchback,de|es|gb|ie|lu|my|nl|nz|ua,as|eu|oc,4.0,,
car,leapmotor,Leapmotor,t03,T03,hatchback,de|es|gb|lu|nl,eu,3.0,,
car,levc,LEVC,tx,TX,sedan,gb|my|nl|ua,as|eu,8.0,,
car,lexus,Lexus,ct,CT,hatchback,ca|es|fi|gb|lu|my|nl|nz|ua|us,as|eu|na|oc,3.0,,car/lexus/ct-200|car/lexus/ct-200-h|car/lexus/ct-200h|car/lexus/ct200h
car,lexus,Lexus,es,ES,sedan,ca|de|es|fi|gb|ie|my|nl|nz|th|ua|us,as|eu|na|oc,4.0,,car/lexus/es-250|car/lexus/es-300|car/lexus/es-300h|car/lexus/es-330|car/lexus/es-350|car/lexus/es-350-f-sport|car/lexus/es-350h|car/lexus/es250|car/lexus/es300|car/lexus/es300h|car/lexus/es350|car/lexus/es350e|car/lexus/es500e
car,lexus,Lexus,gs,GS,sedan,ca|es|fi|gb|lu|my|nl|nz|ua|us,as|eu|na|oc,4.0,,car/lexus/gs-200t|car/lexus/gs-200t-f-sport|car/lexus/gs-250|car/lexus/gs-300|car/lexus/gs-350|car/lexus/gs-350-f-sport|car/lexus/gs-400|car/lexus/gs-430|car/lexus/gs-450|car/lexus/gs-450h|car/lexus/gs-460|car/lexus/gs250|car/lexus/gs300|car/lexus/gs300h|car/lexus/gs350|car/lexus/gs430|car/lexus/gs450h|car/lexus/gs460
car,lexus,Lexus,gs-f,GS F,sedan,ca|gb|nl|nz|us,eu|na|oc,6.0,,
car,lexus,Lexus,gx,GX,suv,ca|es|fi|my|nl|nz|th|ua|us,as|eu|na|oc,6.0,,car/lexus/gx-460|car/lexus/gx-470|car/lexus/gx-550|car/lexus/gx460|car/lexus/gx470|car/lexus/gx550
car,lexus,Lexus,hs,HS,suv,ca|fi|nl|nz|ua|us,eu|na|oc,6.0,,car/lexus/hs-250h|car/lexus/hs250h
car,lexus,Lexus,is,IS,sedan,ca|es|fi|gb|lu|my|nl|nz|th|ua|us,as|eu|na|oc,3.0,,car/lexus/is-200|car/lexus/is-200t|car/lexus/is-220|car/lexus/is-220d|car/lexus/is-250|car/lexus/is-250-c|car/lexus/is-250c|car/lexus/is-300|car/lexus/is-300-sportcross|car/lexus/is-300h|car/lexus/is-350|car/lexus/is-350-c|car/lexus/is-350c|car/lexus/is-500|car/lexus/is200|car/lexus/is200d|car/lexus/is200t|car/lexus/is220d|car/lexus/is250|car/lexus/is250c|car/lexus/is300|car/lexus/is300h|car/lexus/is350
car,lexus,Lexus,is-f,IS F,sedan,ca|fi|gb|nl|us,eu|na,5.0,,car/lexus/isf
car,lexus,Lexus,lbx,LBX,suv,de|es|fi|gb|ie|lu|my|nl|nz|th|ua,as|eu|oc,3.0,,
car,lexus,Lexus,lc,LC,coupe,ca|fi|gb|lu|my|nl|nz|th|ua|us,as|eu|na|oc,6.0,,car/lexus/lc-500|car/lexus/lc-500h|car/lexus/lc500|car/lexus/lc500h
car,lexus,Lexus,lfa,LFA,coupe,ca|gb|nl|nz|us,eu|na|oc,9.0,,
car,lexus,Lexus,lm,LM,hatchback,de|es|gb|my|nl|nz|th|ua,as|eu|oc,6.0,,car/lexus/lm-350h|car/lexus/lm350h|car/lexus/lm500h
car,lexus,Lexus,ls,LS,sedan,ca|es|fi|gb|lu|my|nl|nz|th|ua|us,as|eu|na|oc,4.0,,car/lexus/ls-400|car/lexus/ls-430|car/lexus/ls-460|car/lexus/ls-460-l|car/lexus/ls-500|car/lexus/ls-500h|car/lexus/ls-600|car/lexus/ls-600h-l|car/lexus/ls400|car/lexus/ls430|car/lexus/ls460|car/lexus/ls500|car/lexus/ls500h|car/lexus/ls600h|car/lexus/ls600hl
car,lexus,Lexus,lx,LX,suv,ca|es|my|nl|nz|th|ua|us,as|eu|na|oc,5.0,,car/lexus/lx-450|car/lexus/lx-470|car/lexus/lx-570|car/lexus/lx-600|car/lexus/lx-700h|car/lexus/lx470|car/lexus/lx570
car,lexus,Lexus,nx,NX,suv,ca|de|es|fi|gb|ie|lu|my|nl|nz|th|ua|us,as|eu|na|oc,3.0,,car/lexus/nx-200|car/lexus/nx-200t|car/lexus/nx-250|car/lexus/nx-300|car/lexus/nx-300h|car/lexus/nx-350|car/lexus/nx-350h|car/lexus/nx-450|car/lexus/nx-450h|car/lexus/nx200t|car/lexus/nx300|car/lexus/nx300h|car/lexus/nx350h|car/lexus/nx450h|car/toyota/lexus-nx300h
car,lexus,Lexus,rc,RC,coupe,ca|es|fi|gb|lu|my|nl|nz|ua|us,as|eu|na|oc,5.0,,car/lexus/rc-200t|car/lexus/rc-300|car/lexus/rc-350|car/lexus/rc300h
car,lexus,Lexus,rc-f,RC F,coupe,ca|es|fi|gb|nl|nz|ua|us,eu|na|oc,7.0,,
car,lexus,Lexus,rx,RX,suv,ca|de|es|fi|gb|ie|lu|my|nl|nz|th|ua|us,as|eu|na|oc,3.0,,car/lexus/rx-200t|car/lexus/rx-270|car/lexus/rx-300|car/lexus/rx-330|car/lexus/rx-350|car/lexus/rx-350-l|car/lexus/rx-350h|car/lexus/rx-400|car/lexus/rx-400-h|car/lexus/rx-400h|car/lexus/rx-450|car/lexus/rx-450-h|car/lexus/rx-450h|car/lexus/rx-450h-l|car/lexus/rx-500h|car/lexus/rx200t|car/lexus/rx270|car/lexus/rx300|car/lexus/rx330|car/lexus/rx350|car/lexus/rx350h|car/lexus/rx400h|car/lexus/rx450|car/lexus/rx450-h|car/lexus/rx450h|car/lexus/rx450hl|car/lexus/rx500h
car,lexus,Lexus,rz,RZ,suv,ca|de|es|fi|gb|lu|my|nl|nz|th|ua|us,as|eu|na|oc,4.0,,car/lexus/rz-300e|car/lexus/rz-450|car/lexus/rz-450e|car/lexus/rz-550e|car/lexus/rz300e|car/lexus/rz350e|car/lexus/rz450e|car/lexus/rz500e|car/lexus/rz550e
car,lexus,Lexus,sc,SC,convertible,ca|es|fi|gb|lu|nl|nz|ua|us,eu|na|oc,5.0,,car/lexus/sc-400|car/lexus/sc-430|car/lexus/sc400|car/lexus/sc430
car,lexus,Lexus,tx,TX,suv,ca|ua|us,eu|na,6.0,,car/lexus/tx-350|car/lexus/tx-500h
car,lexus,Lexus,ux,UX,suv,ar|ca|de|es|fi|gb|ie|lu|my|nl|nz|th|ua|us,as|eu|na|oc|sa,4.0,,car/lexus/ux-200|car/lexus/ux-250|car/lexus/ux-250h|car/lexus/ux-300|car/lexus/ux-300e|car/lexus/ux-300h|car/lexus/ux200|car/lexus/ux250h|car/lexus/ux300e|car/lexus/ux300h
car,leyland-cars,Leyland Cars,mini,Mini,hatchback,gb,eu,4.0,,
car,leyland,Leyland,1000,1000,hatchback,nl|nz,eu|oc,7.0,,
car,leyland,Leyland,clubman,Clubman,hatchback,nl|nz,eu|oc,7.0,,
car,leyland,Leyland,clubman-1100,Clubman 1100,sedan,nl|nz,eu|oc,8.0,,
car,leyland,Leyland,mgb,MGB,convertible,nl|nz,eu|oc,7.0,,
car,leyland,Leyland,mini,Mini,hatchback,nl|nz,eu|oc,5.0,,
car,leyland,Leyland,mini-1000,Mini 1000,hatchback|wagon,nl|nz,eu|oc,6.0,,
car,leyland,Leyland,mini-850,Mini 850,hatchback,nl|nz,eu|oc,9.0,,
car,leyland,Leyland,mini-clubman,Mini Clubman,hatchback|wagon,nl|nz,eu|oc,6.0,,
car,leyland,Leyland,mini-mk,Mini Mk,convertible,lu|nl,eu,9.0,,
car,leyland,Leyland,mini-moke,Mini Moke,convertible,nl|nz,eu|oc,6.0,,
car,leyland,Leyland,moke,Moke,convertible,nl|nz,eu|oc,7.0,,
car,leyland,Leyland,princess,Princess,hatchback,fi|nz,eu|oc,8.0,,
car,leyland,Leyland,range-rover,Range Rover,hatchback|wagon,nl|nz,eu|oc,6.0,,
car,leyland,Leyland,sherpa,Sherpa,hatchback,nl|nz,eu|oc,9.0,,
car,lincoln,Lincoln,aviator,Aviator,hatchback|wagon,ca|fi|nl|ua|us,eu|na,6.0,,
car,lincoln,Lincoln,capri,Capri,sedan,fi|nl|nz,eu|oc,6.0,,
car,lincoln,Lincoln,continental,Continental,sedan,ca|fi|lu|nl|nz|ua|us,eu|na|oc,4.0,,
car,lincoln,Lincoln,continental-mark,Continental Mark,sedan,fi|nl,eu,3.0,,
car,lincoln,Lincoln,continental-mark-4,Continental Mark 4,coupe,fi|nl,eu,7.0,,
car,lincoln,Lincoln,continental-mk,Continental Mk,coupe,fi|nl,eu,5.0,,
car,lincoln,Lincoln,continental-town,Continental Town,coupe,fi|nl,eu,8.0,,
car,lincoln,Lincoln,continental-town-car,Continental Town Car,sedan,fi|nl,eu,5.0,,
car,lincoln,Lincoln,corsair,Corsair,hatchback,ca|nl|ua|us,eu|na,6.0,,
car,lincoln,Lincoln,excalibur,Excalibur,sedan,fi|nl,eu,10.0,,
car,lincoln,Lincoln,kb,Kb,hatchback|wagon,nl|nz,eu|oc,8.0,,
car,lincoln,Lincoln,ls,LS,hatchback,ca|nz|us,na|oc,10.0,,
car,lincoln,Lincoln,mark,Mark,sedan,ca|fi|nl|nz|us,eu|na|oc,5.0,,
car,lincoln,Lincoln,mark-lt,Mark Lt,hatchback,ca|us,na,,,
car,lincoln,Lincoln,mkc,Mkc,hatchback|wagon,ca|nl|ua|us,eu|na,5.0,,
car,lincoln,Lincoln,mks,Mks,sedan,ca|nl|ua|us,eu|na,10.0,,
car,lincoln,Lincoln,mkt,Mkt,hatchback,ca|ua|us,eu|na,7.0,,
car,lincoln,Lincoln,mkt-livery,Mkt Livery,hatchback,ca|us,na,,,
car,lincoln,Lincoln,mkx,Mkx,hatchback|wagon,ca|fi|nl|ua|us,eu|na,6.0,,
car,lincoln,Lincoln,mkz,Mkz,sedan,ca|es|nl|ua|us,eu|na,6.0,,
car,lincoln,Lincoln,nautilus,Nautilus,hatchback|wagon,ca|nl|ua|us,eu|na,5.0,,
car,lincoln,Lincoln,navicator,Navicator,hatchback|wagon,fi|nl,eu,10.0,,
car,lincoln,Lincoln,navigator,Navigator,hatchback|wagon,ca|fi|nl|nz|ua|us,eu|na|oc,5.0,,
car,lincoln,Lincoln,navigator-l,Navigator L,hatchback|wagon,ca|fi|nl|us,eu|na,10.0,,
car,lincoln,Lincoln,premier,Premier,sedan,nl|nz,eu|oc,10.0,,
car,lincoln,Lincoln,premiere,Premiere,sedan,fi|nl|nz,eu|oc,6.0,,
car,lincoln,Lincoln,town,Town,coupe,fi|nl,eu,8.0,,
car,lincoln,Lincoln,town-car,Town Car,sedan,ca|fi|gb|my|nl|nz|ua|us,as|eu|na|oc,5.0,,car/lincoln/towncar
car,lincoln,Lincoln,town-car-auto,Town Car Auto,sedan,fi|nl,eu,8.0,,
car,lincoln,Lincoln,town-car-cartier,Town Car Cartier,sedan,fi|nl,eu,10.0,,
car,lincoln,Lincoln,town-car-ffv,Town Car Ffv,hatchback,ca|us,na,,,
car,lincoln,Lincoln,town-car-signature,Town Car Signature,sedan,fi|nl,eu,9.0,,
car,lincoln,Lincoln,versailles,Versailles,sedan,fi|nl|nz,eu|oc,8.0,,
car,lincoln,Lincoln,zephyr,Zephyr,coupe,ca|fi|nl|nz|us,eu|na|oc,7.0,,
car,livan,Livan,x3-pro,X3 Pro,hatchback,es|lu,eu,3.0,,
car,lloyd,Lloyd,alexander,Alexander,hatchback,fi|nz,eu|oc,9.0,,
car,lloyd,Lloyd,alexander-ts,Alexander Ts,sedan|wagon,fi|nl,eu,9.0,,
car,lloyd,Lloyd,arabella,Arabella,sedan,fi|nl,eu,9.0,,
car,lotus,Lotus,2-eleven,2-Eleven,hatchback,gb|nz,eu|oc,8.0,,
car,lotus,Lotus,cortina,Cortina,hatchback,gb|nz,eu|oc,9.0,,
car,lotus,Lotus,eclat,Eclat,coupe,gb|nl|nz,eu|oc,6.0,,
car,lotus,Lotus,elan,Elan,convertible,gb|nl|nz|us,eu|na|oc,4.0,,
car,lotus,Lotus,elan-2,Elan +2,coupe,fi|nl|nz,eu|oc,7.0,,
car,lotus,Lotus,elan-2-s130,Elan + 2 S130,coupe,nl|nz,eu|oc,9.0,,
car,lotus,Lotus,elan-s2,Elan S2,convertible,nl|nz,eu|oc,8.0,,
car,lotus,Lotus,elan-s4,Elan S4,convertible,es|nl,eu,9.0,,
car,lotus,Lotus,elan-se,Elan Se,convertible,nl|nz,eu|oc,7.0,,
car,lotus,Lotus,elan-se-turbo,Elan Se Turbo,convertible,nl|nz,eu|oc,9.0,,
car,lotus,Lotus,elan-sprint,Elan Sprint,coupe,nl|nz,eu|oc,7.0,,
car,lotus,Lotus,eletre,Eletre,hatchback,de|es|fi|gb|lu|my|nl|nz|ua,as|eu|oc,6.0,,
car,lotus,Lotus,elise,Elise,convertible,es|fi|gb|lu|my|nl|nz|ua,as|eu|oc,6.0,,
car,lotus,Lotus,elise-cup-250,Elise Cup 250,convertible,fi|nl,eu,8.0,,
car,lotus,Lotus,elise-s,Elise S,convertible,es|fi|lu|nl,eu,7.0,,
car,lotus,Lotus,elise-sport-220,Elise Sport 220,convertible,lu|nl,eu,7.0,,
car,lotus,Lotus,elise-sport-240,Elise Sport 240,convertible,lu|nl,eu,8.0,,
car,lotus,Lotus,elite,Elite,coupe,fi|gb|lu|nl|nz,eu|oc,7.0,,
car,lotus,Lotus,emeya,Emeya,hatchback,de|fi|gb|lu|my|nl|nz,as|eu|oc,7.0,,
car,lotus,Lotus,emeya-s,Emeya S,hatchback,nl|th,as|eu,8.0,,
car,lotus,Lotus,emira,Emira,coupe,de|es|fi|gb|lu|my|nl|nz|us,as|eu|na|oc,6.0,,
car,lotus,Lotus,emira-turbo-se,Emira Turbo Se,hatchback,es|lu,eu,8.0,,
car,lotus,Lotus,esprit,Esprit,coupe,fi|gb|lu|nl|nz|us,eu|na|oc,5.0,,
car,lotus,Lotus,esprit-s3,Esprit S3,coupe,es|nl,eu,8.0,,
car,lotus,Lotus,esprit-turbo,Esprit Turbo,coupe,fi|nl|nz|us,eu|na|oc,7.0,,
car,lotus,Lotus,esprit-v8,Esprit V8,coupe,nl|us,eu|na,7.0,,
car,lotus,Lotus,europa,Europa,coupe,fi|gb|lu|nl|nz,eu|oc,7.0,,
car,lotus,Lotus,europa-s,Europa S,hatchback,fi|nl,eu,10.0,,
car,lotus,Lotus,europa-s2,Europa S2,coupe,nl|nz,eu|oc,6.0,,
car,lotus,Lotus,evora,Evora,coupe,fi|gb|lu|nl|nz|ua|us,eu|na|oc,7.0,,
car,lotus,Lotus,excel,Excel,hatchback,fi|nz,eu|oc,6.0,,
car,lotus,Lotus,exige,Exige,coupe,gb|nl|nz,eu|oc,4.0,,
car,lotus,Lotus,exige-s-auto,Exige S Auto,coupe,es|nl,eu,8.0,,
car,lotus,Lotus,mk6,MK6,convertible,nl|nz,eu|oc,10.0,,
car,lotus,Lotus,mk7,MK7,hatchback,nl|nz,eu|oc,10.0,,
car,lotus,Lotus,s4,S4,hatchback,nl|nz,eu|oc,10.0,,
car,lotus,Lotus,seven,Seven,convertible,gb|nl|nz,eu|oc,6.0,,
car,lotus,Lotus,seven-s3,Seven S3,convertible,nl|nz,eu|oc,8.0,,
car,lotus,Lotus,seven-s4,Seven S4,hatchback,nl|nz,eu|oc,9.0,,
car,lotus,Lotus,super-7,Super 7,convertible,nl|nz,eu|oc,9.0,,
car,lotus,Lotus,super-seven,Super Seven,convertible,nl|nz,eu|oc,7.0,,
car,lotus,Lotus,turbo-esprit,Turbo Esprit,coupe,nl|nz,eu|oc,9.0,,
car,luaz,Luaz,969a,969A,hatchback|wagon,nl|ua,eu,10.0,,
car,lucid,Lucid,air,Air,sedan,de|es|nl|ua,eu,7.0,,
car,lucid,Lucid,air-dream-p,Air Dream P,sedan,nl|us,eu|na,10.0,,
car,lucid,Lucid,air-pure,Air Pure,sedan,fi|nl|ua|us,eu|na,9.0,,
car,lucid,Lucid,air-sapphire,Air Sapphire,hatchback,ca|us,na,,,
car,lucid,Lucid,air-touring,Air Touring,hatchback,fi|ua|us,eu|na,9.0,,
car,lucid,Lucid,gravity,Gravity,hatchback,de|nl,eu,6.0,,
car,lynk-co,Lynk & Co,01,01,hatchback|wagon,de|es|fi|nl|ua,eu,4.0,,car/lynk-co/lynk-co-01
car,lynk-co,Lynk & Co,02,02,hatchback,de|es|nl,eu,4.0,,
car,lynk-co,Lynk & Co,08,08,hatchback,de|es|nl,eu,4.0,,
car,lynk-co,Lynk & Co,gx6,GX6,hatchback|wagon,fi|nl,eu,10.0,,
car,marlin,Marlin,berlinetta,Berlinetta,convertible,nl|nz,eu|oc,10.0,,
car,maserati,Maserati,222,222,sedan,es|fi|gb|nl|nz|us,eu|na|oc,8.0,,car/maserati/222e
car,maserati,Maserati,228,228,coupe,nl|us,eu|na,10.0,,
car,maserati,Maserati,3200-gt,3200 GT,coupe,fi|gb|lu|nl|nz,eu|oc,5.0,,car/maserati/3200|car/maserati/3200gt
car,maserati,Maserati,3500-gt,3500 GT,coupe,nl|nz,eu|oc,6.0,,car/maserati/3500|car/maserati/3500gt
car,maserati,Maserati,4200,4200,coupe,nl|nz,eu|oc,8.0,,
car,maserati,Maserati,424,424,sedan,fi|nl,eu,8.0,,
car,maserati,Maserati,425,425,sedan,gb|nl|nz,eu|oc,9.0,,
car,maserati,Maserati,430,430,sedan,fi|gb|nl|nz|us,eu|na|oc,8.0,,
car,maserati,Maserati,bi-turbo,Bi Turbo,sedan,fi|gb|nl|nz|us,eu|na|oc,6.0,,car/maserati/biturbo
car,maserati,Maserati,biturbo-425,Biturbo 425,sedan,nl|us,eu|na,6.0,,
car,maserati,Maserati,biturbo-spyder,Biturbo Spyder,hatchback,fi|nz|us,eu|na|oc,10.0,,
car,maserati,Maserati,bora,Bora,sedan,gb|nl|nz,eu|oc,7.0,,
car,maserati,Maserati,coupe,Coupe,coupe,ca|fi|gb|lu|nl|ua,eu|na,7.0,,car/maserati/coupe-cambiocorsa|car/maserati/coupe-gt
car,maserati,Maserati,coupe-gransport,Coupe Gransport,coupe,lu|nl,eu,8.0,,
car,maserati,Maserati,ghibli,Ghibli,sedan,ca|de|es|fi|gb|lu|my|nl|nz|th|ua|us,as|eu|na|oc,5.0,,car/maserati/ghibli-diesel|car/maserati/ghibli-granlusso|car/maserati/ghibli-gt|car/maserati/ghibli-modena|car/maserati/ghibli-s|car/maserati/ghibli-s-q4|car/maserati/ghibli-sq4|car/maserati/ghibli-trofeo
car,maserati,Maserati,gran-turismo,Gran Turismo,coupe,ca|de|es|fi|gb|lu|my|nl|nz|th|ua|us,as|eu|na|oc,6.0,,car/maserati/gran-turismo-folgore|car/maserati/gran-turismo-modena|car/maserati/gran-turismo-s|car/maserati/gran-turismo-s-automatic|car/maserati/gran-turismo-sport|car/maserati/gran-turismo-trofeo|car/maserati/granturismo|car/maserati/granturismo-folgore|car/maserati/granturismo-modena|car/maserati/granturismo-s|car/maserati/granturismo-s-automatic|car/maserati/granturismo-sport|car/maserati/granturismo-trofeo
car,maserati,Maserati,grancabrio,Grancabrio,convertible,ca|es|fi|gb|lu|my|nl|nz|us,as|eu|na|oc,6.0,,car/maserati/grancabrio-folgore|car/maserati/grancabrio-sport|car/maserati/grancabrio-trofeo
car,maserati,Maserati,gransport,Gransport,coupe,gb|my|nl|nz,as|eu|oc,6.0,,car/maserati/gransport-spyder
car,maserati,Maserati,grecale,Grecale,hatchback|wagon,ca|de|es|fi|gb|lu|my|nl|nz|th|ua|us,as|eu|na|oc,5.0,,car/maserati/grecale-folgore|car/maserati/grecale-gt|car/maserati/grecale-modena|car/maserati/grecale-trofeo
car,maserati,Maserati,gt2-stradale,GT2 Stradale,hatchback,ca|us,na,,,
car,maserati,Maserati,indy,Indy,coupe,gb|nl,eu,7.0,,
car,maserati,Maserati,karif,Karif,coupe,gb|nl|us,eu|na,8.0,,
car,maserati,Maserati,khamsin,Khamsin,coupe,fi|gb|nl|nz,eu|oc,8.0,,
car,maserati,Maserati,kyalami,Kyalami,coupe,gb|nl|nz,eu|oc,8.0,,
car,maserati,Maserati,levante,Levante,hatchback|wagon,ca|de|es|fi|gb|lu|my|nl|nz|th|ua|us,as|eu|na|oc,5.0,,car/maserati/levante-diesel|car/maserati/levante-gt|car/maserati/levante-modena|car/maserati/levante-modena-v8|car/maserati/levante-s|car/maserati/levante-trofeo
car,maserati,Maserati,mc12,MC12,coupe,gb|nl,eu,10.0,,
car,maserati,Maserati,mc20,MC20,convertible,ca|gb|my|nl|nz|us,as|eu|na|oc,6.0,,car/maserati/mc20-spyder
car,maserati,Maserati,mcpura,MCPura,hatchback,es|gb|us,eu|na,10.0,,
car,maserati,Maserati,merak,Merak,coupe,fi|gb|nl|nz,eu|oc,7.0,,car/maserati/merak-ss
car,maserati,Maserati,mexico,Mexico,coupe,fi|gb|nl|nz,eu|oc,8.0,,car/maserati/4700-mexico
car,maserati,Maserati,mistral,Mistral,coupe,fi|nl|nz,eu|oc,7.0,,car/maserati/mistral-4000
car,maserati,Maserati,quattroporte,Quattroporte,sedan,ca|de|es|fi|gb|lu|my|nl|nz|ua|us,as|eu|na|oc,5.0,,car/maserati/quattroporte-diesel|car/maserati/quattroporte-gt|car/maserati/quattroporte-modena|car/maserati/quattroporte-s|car/maserati/quattroporte-s-q4|car/maserati/quattroporte-sq4|car/maserati/quattroporte-trofeo
car,maserati,Maserati,sebring,Sebring,coupe,fi|nl,eu,7.0,,
car,maserati,Maserati,shamal,Shamal,coupe,fi|gb|nl,eu,8.0,,
car,maserati,Maserati,spyder,Spyder,convertible,ca|fi|gb|lu|nl|nz|us,eu|na|oc,6.0,,car/maserati/spider-cambiocorsa|car/maserati/spider-gt|car/maserati/spyder-cambiocorsa|car/maserati/spyder-gt
car,maxus,Maxus,edeliver-9,eDeliver 9,hatchback|wagon,fi|nl|ua,eu,7.0,,
car,maxus,Maxus,euniq-5,Euniq 5,hatchback,fi|nl|ua,eu,6.0,,
car,maxus,Maxus,euniq-6,Euniq 6,hatchback|wagon,fi|nl|ua,eu,7.0,,
car,maxus,Maxus,mifa-9,Mifa 9,hatchback,fi|nl,eu,6.0,,
car,maxus,Maxus,v80,V80,hatchback,my|nl,as|eu,6.0,,
car,maybach,Maybach,57,57,sedan,fi|gb|nl|ua|us,eu|na,9.0,,
car,maybach,Maybach,57-s,57 S,sedan,fi|lu|nl|us,eu|na,8.0,,car/maybach/57s
car,maybach,Maybach,57-zeppelin,57 Zeppelin,sedan,nl|us,eu|na,10.0,,
car,maybach,Maybach,62,62,sedan,fi|gb|nl|nz|us,eu|na|oc,10.0,,
car,maybach,Maybach,62s,62S,sedan,nl|us,eu|na,10.0,,
car,maybach,Maybach,landaulet,Landaulet,sedan,nl|us,eu|na,10.0,,
car,mazda,Mazda,1000,1000,sedan,gb|nl|nz,eu|oc,8.0,,
car,mazda,Mazda,110s,110S,coupe,gb|nl,eu,10.0,,
car,mazda,Mazda,1200,1200,sedan,nl|nz,eu|oc,6.0,,
car,mazda,Mazda,121,121,hatchback,fi|gb|lu|nl|nz|ua,eu|oc,6.0,,
car,mazda,Mazda,1300,1300,sedan,gb|nl|nz,eu|oc,6.0,,
car,mazda,Mazda,1500,1500,sedan,fi|gb|nl|nz,eu|oc,8.0,,
car,mazda,Mazda,1600,1600,hatchback,gb|nz,eu|oc,9.0,,
car,mazda,Mazda,1800,1800,sedan,gb|nl|nz,eu|oc,8.0,,
car,mazda,Mazda,323,323,hatchback,ca|es|fi|gb|lu|nl|nz|ua|us,eu|na|oc,3.0,,car/mazda/323-f|car/mazda/323f
car,mazda,Mazda,616,616,sedan,gb|nl|nz,eu|oc,7.0,,
car,mazda,Mazda,626,626,sedan,ca|fi|gb|nl|nz|ua|us,eu|na|oc,2.0,,
car,mazda,Mazda,808,808,hatchback,gb|nz,eu|oc,7.0,,
car,mazda,Mazda,818,818,sedan,fi|gb|nl|nz,eu|oc,7.0,,
car,mazda,Mazda,929,929,sedan,fi|gb|nl|nz|ua|us,eu|na|oc,5.0,,
car,mazda,Mazda,atenza,Atenza,sedan,nl|nz,eu|oc,6.0,,
car,mazda,Mazda,axela,Axela,hatchback,nz,oc,1.0,,
car,mazda,Mazda,b2000,B2000,hatchback,nz|us,na|oc,5.0,,
car,mazda,Mazda,b2600,B2600,hatchback,nz|us,na|oc,7.0,,
car,mazda,Mazda,b3000,B3000,hatchback,ca|us,na,,,
car,mazda,Mazda,b3000-ffv,B3000 Ffv,hatchback,ca|us,na,,,
car,mazda,Mazda,b4000,B4000,hatchback,ca|us,na,,,
car,mazda,Mazda,biante,Biante,hatchback,fi|nl|nz,eu|oc,6.0,,
car,mazda,Mazda,bongo,Bongo,hatchback,nl|nz|ua,eu|oc,7.0,,
car,mazda,Mazda,bt50,BT50,hatchback,my|nz|th|ua,as|eu|oc,5.0,,car/mazda/bt-50
car,mazda,Mazda,capella,Capella,hatchback,fi|nz|ua,eu|oc,7.0,,
car,mazda,Mazda,carol,Carol,hatchback,nl|nz,eu|oc,8.0,,
car,mazda,Mazda,cosmo,Cosmo,coupe,nl|nz|ua,eu|oc,6.0,,
car,mazda,Mazda,cronos,Cronos,hatchback,nz|ua,eu|oc,8.0,,
car,mazda,Mazda,cx-3,CX-3,suv,ca|es|fi|gb|lu|my|nl|nz|th|ua|us,as|eu|na|oc,2.0,,car/mazda/cx3
car,mazda,Mazda,cx-30,CX-30,suv,ca|de|es|fi|gb|ie|lu|my|nl|nz|th|ua|us,as|eu|na|oc,2.0,,car/mazda/cx30
car,mazda,Mazda,cx-5,CX-5,suv,ca|de|es|fi|gb|ie|lu|my|nl|nz|th|ua|us,as|eu|na|oc,2.0,,car/mazda/cx-5-grand-touring|car/mazda/cx-5-touring|car/mazda/cx5
car,mazda,Mazda,cx-50,CX-50,suv,ca|ua|us,eu|na,2.0,,
car,mazda,Mazda,cx-60,CX-60,suv,de|es|fi|gb|ie|lu|my|nl|nz|ua,as|eu|oc,3.0,,
car,mazda,Mazda,cx-6e,CX-6e,suv,de|nl,eu,8.0,,
car,mazda,Mazda,cx-7,CX-7,suv,ca|es|fi|gb|lu|my|nl|nz|ua|us,as|eu|na|oc,5.0,,car/mazda/cx7
car,mazda,Mazda,cx-70,CX-70,suv,ca|nl|ua|us,eu|na,8.0,,car/mazda/cx-70-sc
car,mazda,Mazda,cx-8,CX-8,suv,my|nz|th,as|oc,2.0,,
car,mazda,Mazda,cx-80,CX-80,suv,de|es|fi|gb|ie|lu|nl|nz,eu|oc,4.0,,car/mazda/cx-80-exclusive-line-d
car,mazda,Mazda,cx-9,CX-9,suv,ca|es|fi|my|nl|nz|ua|us,as|eu|na|oc,4.0,,car/mazda/cx-9-grand-touring|car/mazda/cx9
car,mazda,Mazda,cx-90,CX-90,suv,ca|es|lu|nz|ua|us,eu|na|oc,6.0,,
car,mazda,Mazda,demio,Demio,hatchback|wagon,fi|gb|lu|nl|nz|ua,eu|oc,4.0,,
car,mazda,Mazda,e-series,E Series,hatchback,gb|nl|nz|ua,eu|oc,8.0,,car/mazda/e-2000|car/mazda/e2200
car,mazda,Mazda,eunos,Eunos,convertible,fi|gb|nl|nz,eu|oc,7.0,,
car,mazda,Mazda,familia,Familia,hatchback,gb|my|nz|ua,as|eu|oc,7.0,,
car,mazda,Mazda,glc,GLC,hatchback,nl|nz|us,eu|na|oc,9.0,,
car,mazda,Mazda,mazda2,MAZDA2,hatchback,ca|de|es|fi|gb|ie|lu|my|nl|nz|th|ua|us,as|eu|na|oc,3.0,,
car,mazda,Mazda,mazda3,MAZDA3,hatchback,ca|de|es|fi|gb|ie|lu|my|nl|nz|th|ua|us,as|eu|na|oc,2.0,,car/mazda/3-mps|car/mazda/speed-3
car,mazda,Mazda,mazda5,MAZDA5,hatchback,ca|es|fi|gb|lu|my|nl|nz|ua|us,as|eu|na|oc,4.0,,
car,mazda,Mazda,mazda6,MAZDA6,sedan|wagon,ca|de|es|fi|gb|lu|my|nl|nz|th|ua|us,as|eu|na|oc,3.0,,car/mazda/6-mps|car/mazda/6-sport
car,mazda,Mazda,mazda6e,MAZDA6e,hatchback,es|fi|lu|nl,eu,3.0,,
car,mazda,Mazda,millenia,Millenia,hatchback,ca|gb|nz|us,eu|na|oc,8.0,,
car,mazda,Mazda,mpv,MPV,hatchback|wagon,ca|fi|gb|nl|nz|ua|us,eu|na|oc,4.0,,
car,mazda,Mazda,mx-3,MX-3,coupe,fi|gb|nl|nz|ua|us,eu|na|oc,6.0,,car/mazda/mx3
car,mazda,Mazda,mx-30,MX-30,suv,ca|de|es|fi|gb|lu|my|nl|nz|ua|us,as|eu|na|oc,4.0,,
car,mazda,Mazda,mx-5,MX-5,roadster,ar|ca|de|es|fi|gb|ie|lu|my|nl|nz|th|ua|us,as|eu|na|oc|sa,4.0,,car/mazda/miata|car/mazda/miata-mx-5|car/mazda/mx-5-miata|car/mazda/mx-5-u9|car/mazda/mx5|car/mazda/mx5-miata
car,mazda,Mazda,mx-6,MX-6,coupe,ca|gb|lu|nl|nz|ua|us,eu|na|oc,6.0,,car/mazda/mx6
car,mazda,Mazda,navajo,Navajo,hatchback,fi|us,eu|na,9.0,,
car,mazda,Mazda,persona,Persona,sedan,nl|nz,eu|oc,9.0,,
car,mazda,Mazda,premacy,Premacy,mpv,es|fi|gb|nl|ua,eu,4.0,,
car,mazda,Mazda,protege,Protege,sedan,ca|nl|ua|us,eu|na,7.0,,
car,mazda,Mazda,roadster,Roadster,convertible,fi|nl|nz|th,as|eu|oc,6.0,,car/mazda/eunos-roadster
car,mazda,Mazda,rx-2,RX-2,coupe,gb|nl|nz,eu|oc,7.0,,car/mazda/rx2
car,mazda,Mazda,rx-3,RX-3,coupe,gb|nl|nz,eu|oc,8.0,,
car,mazda,Mazda,rx-4,RX-4,coupe,gb|nl|nz,eu|oc,10.0,,
car,mazda,Mazda,rx-7,RX-7,coupe,ca|es|fi|gb|lu|my|nl|nz|ua|us,as|eu|na|oc,6.0,,car/mazda/r-x-7|car/mazda/rx-7-savanna|car/mazda/rx-7-turbo|car/mazda/rx7|car/mazda/rx7-gt-x|car/mazda/rx7-turbo|car/mazda/rx7-twin-turbo
car,mazda,Mazda,rx-8,RX-8,sedan,ca|fi|gb|lu|my|nl|nz|ua|us,as|eu|na|oc,4.0,,car/mazda/rx8
car,mazda,Mazda,sentia,Sentia,sedan,nl|nz,eu|oc,7.0,,
car,mazda,Mazda,tribute,Tribute,hatchback|wagon,ca|es|fi|gb|lu|nl|ua|us,eu|na,6.0,,
car,mazda,Mazda,verisa,Verisa,hatchback,nz,oc,1.0,,
car,mazda,Mazda,xedos,Xedos,hatchback,fi|gb,eu,6.0,,
car,mazda,Mazda,xedos-6,Xedos 6,sedan,nl|ua,eu,5.0,,
car,mazda,Mazda,xedos-9,Xedos 9,sedan,fi|nl|ua,eu,6.0,,
car,mcc,Mcc,smart,Smart,hatchback,gb|nz,eu|oc,4.0,,
car,mclaren,McLaren,540c,540C,coupe,gb|nl|nz,eu|oc,8.0,,
car,mclaren,McLaren,570gt,570GT,coupe,gb|nl|nz,eu|oc,6.0,,
car,mclaren,McLaren,570s,570S,coupe,fi|gb|lu|my|nl|nz|ua,as|eu|oc,7.0,,car/mc-laren/570s
car,mclaren,McLaren,600lt,600LT,coupe,gb|nl|nz,eu|oc,6.0,,
car,mclaren,McLaren,620r,620R,coupe,gb|lu|nl|nz,eu|oc,8.0,,
car,mclaren,McLaren,650s,650S,coupe,es|gb|nl|nz,eu|oc,7.0,,
car,mclaren,McLaren,650s-spider,650S Spider,convertible,es|nl,eu,7.0,,
car,mclaren,McLaren,675lt,675LT,coupe,es|gb|my|nl|nz,as|eu|oc,8.0,,
car,mclaren,McLaren,720s,720S,coupe,es|gb|lu|my|nl|nz|ua,as|eu|oc,7.0,,
car,mclaren,McLaren,750s,750S,coupe,gb|my|nl|nz|th,as|eu|oc,7.0,,
car,mclaren,McLaren,750s-spider,750S Spider,convertible,nl|ua,eu,8.0,,
car,mclaren,McLaren,765lt,765LT,coupe,gb|my|nl|nz,as|eu|oc,7.0,,
car,mclaren,McLaren,765lt-spider,765LT Spider,convertible,lu|nl,eu,9.0,,
car,mclaren,McLaren,artura,Artura,coupe,fi|gb|lu|my|nl|nz|th,as|eu|oc,7.0,,car/mc-laren/artura
car,mclaren,McLaren,artura-spider,Artura Spider,convertible,fi|nl|th,as|eu,7.0,,
car,mclaren,McLaren,gt,GT,coupe,gb|my|nl|nz|ua,as|eu|oc,7.0,,
car,mclaren,McLaren,gts,Gts,coupe,nl|nz,eu|oc,10.0,,
car,mclaren,McLaren,mp4,MP4,hatchback,gb|nz,eu|oc,8.0,,
car,mclaren,McLaren,mp4-12c,MP4-12C,coupe,nl|nz|ua,eu|oc,6.0,,
car,mclaren,McLaren,p1,P1,coupe,gb|nl|nz,eu|oc,9.0,,
car,mclaren,McLaren,senna,Senna,coupe,gb|my|nl|nz,as|eu|oc,8.0,,
car,mclaren,McLaren,speedtail,Speedtail,hatchback,gb|nz,eu|oc,10.0,,
car,mercedes-benz,Mercedes-Benz,1045-turismo-funerario,1045 Turismo Funerario,hatchback,fi|nl,eu,8.0,,
car,mercedes-benz,Mercedes-Benz,108,108,sedan,fi|nl,eu,6.0,,
car,mercedes-benz,Mercedes-Benz,108-d,108 D,hatchback,nl|ua,eu,4.0,,
car,mercedes-benz,Mercedes-Benz,109-d,109 D,sedan,nl|ua,eu,8.0,,car/mercedes-benz/109d
car,mercedes-benz,Mercedes-Benz,110,110,sedan,es|fi|lu|nl|ua,eu,6.0,,
car,mercedes-benz,Mercedes-Benz,110-d,110 D,hatchback,es|nl,eu,7.0,,car/mercedes-benz/110d
car,mercedes-benz,Mercedes-Benz,111,111,hatchback|wagon,nl|ua,eu,6.0,,
car,mercedes-benz,Mercedes-Benz,1113,1113,hatchback,ar|nl,eu|sa,9.0,,
car,mercedes-benz,Mercedes-Benz,112,112,hatchback,es|fi|nl|ua,eu,5.0,,
car,mercedes-benz,Mercedes-Benz,113,113,hatchback,nl|ua,eu,8.0,,
car,mercedes-benz,Mercedes-Benz,116,116,sedan,fi|nl|ua,eu,7.0,,
car,mercedes-benz,Mercedes-Benz,120,120,hatchback,fi|nl,eu,8.0,,
car,mercedes-benz,Mercedes-Benz,123,123,sedan,fi|nl|nz|ua,eu|oc,7.0,,
car,mercedes-benz,Mercedes-Benz,123-c,123 C,coupe,fi|nl,eu,9.0,,
car,mercedes-benz,Mercedes-Benz,123-d,123 D,sedan,fi|nl|ua,eu,8.0,,car/mercedes-benz/123d
car,mercedes-benz,Mercedes-Benz,123-t,123 T,hatchback|wagon,fi|nl,eu,6.0,,car/mercedes-benz/123t
car,mercedes-benz,Mercedes-Benz,124,124,sedan,fi|nl|ua,eu,4.0,,
car,mercedes-benz,Mercedes-Benz,124-c,124 C,coupe,fi|nl,eu,6.0,,
car,mercedes-benz,Mercedes-Benz,124-t,124 T,hatchback|wagon,fi|nl,eu,7.0,,car/mercedes-benz/124t
car,mercedes-benz,Mercedes-Benz,126-c,126 C,coupe,fi|nl,eu,7.0,,car/mercedes-benz/126c
car,mercedes-benz,Mercedes-Benz,140,140,sedan,nl|ua,eu,8.0,,
car,mercedes-benz,Mercedes-Benz,163,163,hatchback|wagon,es|fi|nl,eu,8.0,,
car,mercedes-benz,Mercedes-Benz,164,164,hatchback|wagon,fi|nl,eu,10.0,,
car,mercedes-benz,Mercedes-Benz,170,170,convertible,fi|nl|ua,eu,6.0,,
car,mercedes-benz,Mercedes-Benz,170-d,170 D,sedan,fi|nl,eu,7.0,,
car,mercedes-benz,Mercedes-Benz,170-da,170 DA,sedan,nl|nz,eu|oc,8.0,,
car,mercedes-benz,Mercedes-Benz,170-ds,170 DS,sedan,nl|nz,eu|oc,7.0,,
car,mercedes-benz,Mercedes-Benz,170-s,170 S,convertible,fi|nl,eu,4.0,,car/mercedes-benz/170-s-4d|car/mercedes-benz/170s
car,mercedes-benz,Mercedes-Benz,170-s-v,170 S-V,sedan,fi|nl,eu,6.0,,car/mercedes-benz/170-sv|car/mercedes-benz/170sv
car,mercedes-benz,Mercedes-Benz,170-sb,170 Sb,sedan,fi|nl|nz,eu|oc,7.0,,car/mercedes-benz/170sb
car,mercedes-benz,Mercedes-Benz,170-sd,170 SD,hatchback,nl|nz,eu|oc,8.0,,car/mercedes-benz/170sd
car,mercedes-benz,Mercedes-Benz,170-v,170 V,sedan,fi|nl,eu,6.0,,car/mercedes-benz/170v
car,mercedes-benz,Mercedes-Benz,170-va,170 VA,sedan,fi|nl|nz,eu|oc,7.0,,car/mercedes-benz/170va
car,mercedes-benz,Mercedes-Benz,170-vb,170 Vb,hatchback,fi|nl,eu,8.0,,
car,mercedes-benz,Mercedes-Benz,180,180,sedan,fi|nl|nz,eu|oc,4.0,,car/mercedes-benz/180-4d
car,mercedes-benz,Mercedes-Benz,180-b,180 B,sedan,fi|nl|nz,eu|oc,6.0,,car/mercedes-benz/180b
car,mercedes-benz,Mercedes-Benz,180-c,180 C,sedan,fi|nl|ua,eu,6.0,,car/mercedes-benz/180c
car,mercedes-benz,Mercedes-Benz,180-d,180 D,sedan,fi|nl|nz,eu|oc,6.0,,car/mercedes-benz/180d
car,mercedes-benz,Mercedes-Benz,190,190,sedan,es|fi|gb|lu|nl|nz|ua|us,eu|na|oc,4.0,,
car,mercedes-benz,Mercedes-Benz,190-b,190 B,sedan,es|fi|nl|nz,eu|oc,8.0,,car/mercedes-benz/190b
car,mercedes-benz,Mercedes-Benz,190-c,190 C,sedan,fi|nl|nz,eu|oc,6.0,,car/mercedes-benz/190c
car,mercedes-benz,Mercedes-Benz,190-d,190 D,sedan,es|fi|nl|nz,eu|oc,5.0,,car/mercedes-benz/190d
car,mercedes-benz,Mercedes-Benz,190-dc,190 DC,sedan,fi|nl|nz,eu|oc,6.0,,car/mercedes-benz/190dc
car,mercedes-benz,Mercedes-Benz,190-e,190 E,sedan,es|fi|lu|nl|nz|us,eu|na|oc,3.0,,car/mercedes-benz/190-e-1|car/mercedes-benz/190-e-2|car/mercedes-benz/190e|car/mercedes-benz/190e-2
car,mercedes-benz,Mercedes-Benz,190-sl,190 SL,convertible,es|fi|nl|nz,eu|oc,4.0,,car/mercedes-benz/190-sl-roadster|car/mercedes-benz/190sl
car,mercedes-benz,Mercedes-Benz,200-d,200 D,sedan,es|fi|nl|nz|ua,eu|oc,5.0,,car/mercedes-benz/200d
car,mercedes-benz,Mercedes-Benz,200-e,200 E,sedan,fi|nl|ua|us,eu|na,4.0,,car/mercedes-benz/200e
car,mercedes-benz,Mercedes-Benz,200-ge,200 GE,hatchback|wagon,fi|nl,eu,8.0,,
car,mercedes-benz,Mercedes-Benz,200-t,200 T,hatchback|wagon,fi|nl|nz,eu|oc,5.0,,car/mercedes-benz/200t
car,mercedes-benz,Mercedes-Benz,200-te,200 TE,hatchback|wagon,fi|lu|nl|nz,eu|oc,8.0,,car/mercedes-benz/200te
car,mercedes-benz,Mercedes-Benz,201,201,sedan,fi|nl,eu,6.0,,
car,mercedes-benz,Mercedes-Benz,202,202,hatchback,fi|ua,eu,8.0,,
car,mercedes-benz,Mercedes-Benz,203,203,sedan,fi|nl,eu,7.0,,
car,mercedes-benz,Mercedes-Benz,203-k,203 K,hatchback|wagon,fi|nl,eu,7.0,,
car,mercedes-benz,Mercedes-Benz,207,207,hatchback|wagon,nl|ua,eu,9.0,,
car,mercedes-benz,Mercedes-Benz,207-d,207 D,hatchback|wagon,es|fi|nl|ua,eu,7.0,,car/mercedes-benz/207d
car,mercedes-benz,Mercedes-Benz,208,208,hatchback,es|fi|lu|nl|ua,eu,6.0,,
car,mercedes-benz,Mercedes-Benz,208-d,208 D,hatchback,nl|ua,eu,4.0,,car/mercedes-benz/208d
car,mercedes-benz,Mercedes-Benz,209-d,209 D,hatchback,nl|ua,eu,8.0,,
car,mercedes-benz,Mercedes-Benz,210,210,hatchback|wagon,nl|ua,eu,5.0,,
car,mercedes-benz,Mercedes-Benz,210-d,210 D,hatchback,nl|ua,eu,5.0,,car/mercedes-benz/210d
car,mercedes-benz,Mercedes-Benz,211,211,sedan,es|fi|lu|nl|ua,eu,6.0,,
car,mercedes-benz,Mercedes-Benz,211-k,211 K,hatchback|wagon,fi|nl,eu,7.0,,
car,mercedes-benz,Mercedes-Benz,212,212,sedan,fi|lu|nl|ua,eu,9.0,,
car,mercedes-benz,Mercedes-Benz,212-d,212 D,hatchback,fi|nl|ua,eu,6.0,,car/mercedes-benz/212d
car,mercedes-benz,Mercedes-Benz,212-k-amg,212 K AMG,hatchback|wagon,fi|nl,eu,10.0,,
car,mercedes-benz,Mercedes-Benz,213,213,hatchback,es|fi|lu|nl|ua,eu,6.0,,car/mercedes-benz/213-cdi|car/mercedes-benz/213cdi
car,mercedes-benz,Mercedes-Benz,216,216,hatchback,fi|nl|ua,eu,5.0,,
car,mercedes-benz,Mercedes-Benz,219,219,sedan,fi|nl|nz,eu|oc,6.0,,
car,mercedes-benz,Mercedes-Benz,220,220,sedan,fi|lu|nl|nz|ua,eu|oc,4.0,,
car,mercedes-benz,Mercedes-Benz,220-a,220 A,convertible,fi|nl|nz,eu|oc,7.0,,car/mercedes-benz/220a
car,mercedes-benz,Mercedes-Benz,220-ce,220 CE,sedan,fi|nl|nz,eu|oc,8.0,,
car,mercedes-benz,Mercedes-Benz,220-d,220 D,sedan,es|fi|nl|nz|ua,eu|oc,6.0,,car/mercedes-benz/220d
car,mercedes-benz,Mercedes-Benz,220-e,220 E,sedan,fi|nl|nz,eu|oc,5.0,,car/mercedes-benz/220e
car,mercedes-benz,Mercedes-Benz,220-s,220 S,sedan,es|fi|lu|nl|nz,eu|oc,6.0,,car/mercedes-benz/220s
car,mercedes-benz,Mercedes-Benz,220-sb,220 Sb,sedan,es|fi|nl|nz,eu|oc,7.0,,car/mercedes-benz/220sb
car,mercedes-benz,Mercedes-Benz,220-se,220 SE,convertible,es|fi|nl|nz,eu|oc,5.0,,car/mercedes-benz/220se
car,mercedes-benz,Mercedes-Benz,220-se-b-c,220 SE B/c,convertible,fi|nl,eu,9.0,,
car,mercedes-benz,Mercedes-Benz,220-seb,220 SEb,sedan,fi|nl|nz,eu|oc,6.0,,car/mercedes-benz/220-se-b|car/mercedes-benz/220seb
car,mercedes-benz,Mercedes-Benz,220-te,220 TE,hatchback|wagon,fi|lu|nl|nz,eu|oc,9.0,,
car,mercedes-benz,Mercedes-Benz,230,230,sedan,fi|lu|nl|nz|ua,eu|oc,4.0,,
car,mercedes-benz,Mercedes-Benz,230-b,230 B,convertible,fi|nl,eu,10.0,,
car,mercedes-benz,Mercedes-Benz,230-c,230 C,coupe,fi|lu|nl,eu,6.0,,car/mercedes-benz/230c
car,mercedes-benz,Mercedes-Benz,230-ce,230 CE,coupe,fi|nl|us,eu|na,3.0,,car/mercedes-benz/230ce
car,mercedes-benz,Mercedes-Benz,230-e,230 E,sedan,es|fi|nl|us,eu|na,3.0,,car/mercedes-benz/230e
car,mercedes-benz,Mercedes-Benz,230-g,230 G,hatchback|wagon,fi|nl,eu,6.0,,car/mercedes-benz/230g
car,mercedes-benz,Mercedes-Benz,230-ge,230 GE,hatchback|wagon,fi|nl,eu,4.0,,car/mercedes-benz/230ge
car,mercedes-benz,Mercedes-Benz,230-s,230 S,sedan,es|fi|nl,eu,6.0,,car/mercedes-benz/230s
car,mercedes-benz,Mercedes-Benz,230-sl,230 SL,convertible,es|fi|lu|nl,eu,6.0,,car/mercedes-benz/230-sl-roadster|car/mercedes-benz/230sl
car,mercedes-benz,Mercedes-Benz,230-t,230 T,hatchback|wagon,fi|nl,eu,7.0,,car/mercedes-benz/230t
car,mercedes-benz,Mercedes-Benz,230-te,230 TE,hatchback|wagon,fi|nl|us,eu|na,3.0,,car/mercedes-benz/230te
car,mercedes-benz,Mercedes-Benz,240,240,sedan|wagon,fi|nl|nz|ua,eu|oc,6.0,,
car,mercedes-benz,Mercedes-Benz,240-d,240 D,sedan,es|fi|nl|nz|ua,eu|oc,5.0,,car/mercedes-benz/240d
car,mercedes-benz,Mercedes-Benz,240-gd,240 GD,convertible,es|nl|nz,eu|oc,8.0,,
car,mercedes-benz,Mercedes-Benz,240-td,240 TD,hatchback|wagon,fi|nl|nz,eu|oc,6.0,,car/mercedes-benz/240td
car,mercedes-benz,Mercedes-Benz,245-g,245 G,hatchback,fi|ua,eu,8.0,,
car,mercedes-benz,Mercedes-Benz,250,250,sedan,fi|lu|nl|nz|ua,eu|oc,4.0,,car/mercedes-benz/250-automatic
car,mercedes-benz,Mercedes-Benz,250-c,250 C,coupe,fi|nl|nz,eu|oc,6.0,,car/mercedes-benz/250c
car,mercedes-benz,Mercedes-Benz,250-ce,250 CE,coupe,es|fi|nl|nz,eu|oc,6.0,,car/mercedes-benz/250ce
car,mercedes-benz,Mercedes-Benz,250-d,250 D,sedan,es|fi|nl|nz|ua,eu|oc,5.0,,car/mercedes-benz/250-d-turbo|car/mercedes-benz/250d|car/mercedes-benz/250d-turbo
car,mercedes-benz,Mercedes-Benz,250-gd,250 GD,convertible,fi|nl,eu,8.0,,car/mercedes-benz/250gd
car,mercedes-benz,Mercedes-Benz,250-s,250 S,sedan,fi|nl|nz,eu|oc,4.0,,car/mercedes-benz/250s
car,mercedes-benz,Mercedes-Benz,250-se,250 SE,sedan,fi|nl|nz,eu|oc,5.0,,car/mercedes-benz/250se
car,mercedes-benz,Mercedes-Benz,250-sec,250 SEC,convertible,fi|nl,eu,9.0,,
car,mercedes-benz,Mercedes-Benz,250-sl,250 SL,convertible,nl|nz,eu|oc,7.0,,car/mercedes-benz/250sl
car,mercedes-benz,Mercedes-Benz,250-t,250 T,hatchback|wagon,nl|nz,eu|oc,6.0,,car/mercedes-benz/250t
car,mercedes-benz,Mercedes-Benz,250-td,250 TD,hatchback|wagon,fi|nl|nz|ua,eu|oc,7.0,,car/mercedes-benz/250td
car,mercedes-benz,Mercedes-Benz,260,260,sedan,nl|nz|ua,eu|oc,5.0,,
car,mercedes-benz,Mercedes-Benz,260-e,260 E,sedan,es|fi|nl|nz|ua|us,eu|na|oc,5.0,,car/mercedes-benz/260e
car,mercedes-benz,Mercedes-Benz,260-se,260 SE,sedan,fi|nl|nz,eu|oc,5.0,,car/mercedes-benz/260se
car,mercedes-benz,Mercedes-Benz,270,270,hatchback,fi|ua,eu,6.0,,
car,mercedes-benz,Mercedes-Benz,280,280,sedan,es|fi|lu|nl|nz|ua,eu|oc,5.0,,
car,mercedes-benz,Mercedes-Benz,280-c,280 C,coupe,fi|nl|nz,eu|oc,6.0,,car/mercedes-benz/280c
car,mercedes-benz,Mercedes-Benz,280-ce,280 CE,coupe,fi|lu|nl|nz,eu|oc,5.0,,car/mercedes-benz/280ce
car,mercedes-benz,Mercedes-Benz,280-e,280 E,sedan,fi|nl|nz,eu|oc,3.0,,car/mercedes-benz/280e
car,mercedes-benz,Mercedes-Benz,280-ge,280 GE,hatchback|wagon,es|fi|lu|nl|nz|ua,eu|oc,7.0,,car/mercedes-benz/280ge
car,mercedes-benz,Mercedes-Benz,280-s,280 S,sedan,es|fi|nl|nz|ua,eu|oc,5.0,,car/mercedes-benz/280s
car,mercedes-benz,Mercedes-Benz,280-se,280 SE,sedan,fi|lu|nl|nz|ua,eu|oc,4.0,,car/mercedes-benz/280-se-3|car/mercedes-benz/280-se-35|car/mercedes-benz/280-se-automatic|car/mercedes-benz/280se|car/mercedes-benz/280se-automatic|car/mercedes-benz/280se35
car,mercedes-benz,Mercedes-Benz,280-sel,280 SEL,sedan,es|fi|nl|nz,eu|oc,6.0,,car/mercedes-benz/280sel
car,mercedes-benz,Mercedes-Benz,280-sl,280 SL,convertible,fi|lu|nl|nz,eu|oc,4.0,,car/mercedes-benz/280-sl-roadster|car/mercedes-benz/280sl
car,mercedes-benz,Mercedes-Benz,280-slc,280 SLC,coupe,es|fi|nl|nz,eu|oc,5.0,,car/mercedes-benz/280slc
car,mercedes-benz,Mercedes-Benz,280-te,280 TE,hatchback|wagon,fi|nl|nz,eu|oc,5.0,,car/mercedes-benz/280te
car,mercedes-benz,Mercedes-Benz,290,290,hatchback,nl|nz,eu|oc,9.0,,
car,mercedes-benz,Mercedes-Benz,290-gd,290 GD,hatchback|wagon,fi|nl,eu,4.0,,car/mercedes-benz/290gd
car,mercedes-benz,Mercedes-Benz,300,300,sedan,es|fi|gb|lu|nl|nz,eu|oc,4.0,,
car,mercedes-benz,Mercedes-Benz,300-b,300 B,sedan,nl|nz,eu|oc,7.0,,car/mercedes-benz/300b
car,mercedes-benz,Mercedes-Benz,300-c,300 C,sedan,fi|nl,eu,8.0,,
car,mercedes-benz,Mercedes-Benz,300-cd,300 CD,coupe,fi|nl,eu,5.0,,car/mercedes-benz/300-cd-turbodiesel|car/mercedes-benz/300cd
car,mercedes-benz,Mercedes-Benz,300-ce,300 CE,coupe,ar|es|fi|lu|nl|nz|us,eu|na|oc|sa,6.0,,car/mercedes-benz/300ce
car,mercedes-benz,Mercedes-Benz,300-ce-24,300 CE-24,convertible,fi|nl|nz,eu|oc,4.0,,car/mercedes-benz/300ce-24
car,mercedes-benz,Mercedes-Benz,300-d,300 D,sedan,es|fi|nl|nz|ua|us,eu|na|oc,4.0,,car/mercedes-benz/300-d-lang|car/mercedes-benz/300-d-turbo|car/mercedes-benz/300-dt|car/mercedes-benz/300d|car/mercedes-benz/300d-lang|car/mercedes-benz/300d-turbo
car,mercedes-benz,Mercedes-Benz,300-e,300 E,sedan,fi|nl|nz|ua|us,eu|na|oc,3.0,,car/mercedes-benz/300-e-4-matic|car/mercedes-benz/300e
car,mercedes-benz,Mercedes-Benz,300-e-24,300 E-24,sedan,nl|nz,eu|oc,7.0,,car/mercedes-benz/300e-24
car,mercedes-benz,Mercedes-Benz,300-gd,300 GD,hatchback|wagon,fi|nl|nz,eu|oc,5.0,,car/mercedes-benz/300-gd-m4|car/mercedes-benz/300gd
car,mercedes-benz,Mercedes-Benz,300-ge,300 GE,hatchback|wagon,fi|nl|nz,eu|oc,7.0,,car/mercedes-benz/300ge
car,mercedes-benz,Mercedes-Benz,300-s,300 S,coupe,lu|nl,eu,8.0,,
car,mercedes-benz,Mercedes-Benz,300-sd,300 SD,sedan,fi|nl|nz|ua|us,eu|na|oc,6.0,,car/mercedes-benz/300sd
car,mercedes-benz,Mercedes-Benz,300-sdl,300 SDL,sedan,fi|nl|us,eu|na,5.0,,car/mercedes-benz/300sdl
car,mercedes-benz,Mercedes-Benz,300-se,300 SE,sedan,fi|nl|nz|ua|us,eu|na|oc,4.0,,car/mercedes-benz/300se
car,mercedes-benz,Mercedes-Benz,300-sel,300 SEL,sedan,fi|nl|nz|ua|us,eu|na|oc,6.0,,car/mercedes-benz/300sel
car,mercedes-benz,Mercedes-Benz,300-sl,300 SL,convertible,es|fi|lu|nl|nz|us,eu|na|oc,5.0,,car/mercedes-benz/300sl
car,mercedes-benz,Mercedes-Benz,300-sl-24,300 SL-24,convertible,es|fi|nl|nz,eu|oc,7.0,,car/mercedes-benz/300-sl-24v|car/mercedes-benz/300sl-24|car/mercedes-benz/300sl-24v
car,mercedes-benz,Mercedes-Benz,300-sl-roadster,300 SL Roadster,convertible,fi|nl,eu,7.0,,
car,mercedes-benz,Mercedes-Benz,300-td,300 TD,hatchback|wagon,es|fi|nl|nz|ua|us,eu|na|oc,6.0,,car/mercedes-benz/300-t-td|car/mercedes-benz/300-td-turbo|car/mercedes-benz/300t-td|car/mercedes-benz/300td
car,mercedes-benz,Mercedes-Benz,300-tdt,300 TDT,hatchback|wagon,fi|nl,eu,7.0,,car/mercedes-benz/300tdt
car,mercedes-benz,Mercedes-Benz,300-te,300 TE,hatchback|wagon,fi|nl|nz|us,eu|na|oc,4.0,,car/mercedes-benz/300-te-4-matic|car/mercedes-benz/300te|car/mercedes-benz/300te-4-matic
car,mercedes-benz,Mercedes-Benz,300-te-24,300 TE-24,hatchback|wagon,fi|nl|nz,eu|oc,8.0,,
car,mercedes-benz,Mercedes-Benz,3000,3000,hatchback,nl|nz,eu|oc,10.0,,
car,mercedes-benz,Mercedes-Benz,307-d,307 D,hatchback|wagon,nl|ua,eu,7.0,,car/mercedes-benz/307d
car,mercedes-benz,Mercedes-Benz,308,308,hatchback,nl|ua,eu,6.0,,
car,mercedes-benz,Mercedes-Benz,308-d,308 D,hatchback,nl|ua,eu,5.0,,car/mercedes-benz/308d
car,mercedes-benz,Mercedes-Benz,309,309,hatchback,nl|ua,eu,9.0,,
car,mercedes-benz,Mercedes-Benz,309-d,309 D,hatchback|wagon,fi|nl|ua,eu,8.0,,car/mercedes-benz/309d
car,mercedes-benz,Mercedes-Benz,310,310,hatchback|wagon,nl|ua,eu,5.0,,
car,mercedes-benz,Mercedes-Benz,310-d,310 D,hatchback,es|nl|ua,eu,6.0,,car/mercedes-benz/310d
car,mercedes-benz,Mercedes-Benz,310-d-ka,310 D-Ka,hatchback,nl|ua,eu,8.0,,
car,mercedes-benz,Mercedes-Benz,311,311,hatchback,fi|lu|nl|ua,eu,6.0,,car/mercedes-benz/311-cdi|car/mercedes-benz/311cdi
car,mercedes-benz,Mercedes-Benz,312,312,hatchback,nl|ua,eu,7.0,,
car,mercedes-benz,Mercedes-Benz,312-d,312 D,hatchback,fi|nl|ua,eu,5.0,,car/mercedes-benz/312d
car,mercedes-benz,Mercedes-Benz,313,313,hatchback,es|fi|nl|ua,eu,5.0,,
car,mercedes-benz,Mercedes-Benz,315,315,hatchback,fi|lu|nl|ua,eu,6.0,,car/mercedes-benz/315-cdi|car/mercedes-benz/315cdi
car,mercedes-benz,Mercedes-Benz,316,316,hatchback,es|fi|nl|nz|ua,eu|oc,6.0,,car/mercedes-benz/316-cdi|car/mercedes-benz/316cdi
car,mercedes-benz,Mercedes-Benz,316-ngt,316 NGT,hatchback,fi|nl,eu,10.0,,
car,mercedes-benz,Mercedes-Benz,318,318,hatchback,fi|nl|ua,eu,5.0,,
car,mercedes-benz,Mercedes-Benz,319,319,hatchback,fi|nl,eu,5.0,,car/mercedes-benz/319-cdi|car/mercedes-benz/319cdi
car,mercedes-benz,Mercedes-Benz,320,320,convertible,es|fi|nl|nz|ua,eu|oc,5.0,,
car,mercedes-benz,Mercedes-Benz,320-ce,320 CE,coupe,fi|nl,eu,8.0,,
car,mercedes-benz,Mercedes-Benz,320-e,320 E,sedan,fi|nl|ua,eu,7.0,,car/mercedes-benz/320e
car,mercedes-benz,Mercedes-Benz,350,350,sedan,fi|nl|nz|ua,eu|oc,6.0,,
car,mercedes-benz,Mercedes-Benz,350-gd,350 GD,hatchback|wagon,fi|nl,eu,9.0,,
car,mercedes-benz,Mercedes-Benz,350-s,350 S,sedan,fi|nl|ua,eu,8.0,,car/mercedes-benz/350s
car,mercedes-benz,Mercedes-Benz,350-sdl,350 SDL,sedan,fi|nl,eu,9.0,,
car,mercedes-benz,Mercedes-Benz,350-se,350 SE,sedan,fi|nl|nz,eu|oc,5.0,,car/mercedes-benz/350se
car,mercedes-benz,Mercedes-Benz,350-sl,350 SL,convertible,fi|nl|nz,eu|oc,3.0,,car/mercedes-benz/350-sl-roadster|car/mercedes-benz/350sl
car,mercedes-benz,Mercedes-Benz,350-slc,350 SLC,coupe,fi|nl|nz,eu|oc,4.0,,car/mercedes-benz/350slc
car,mercedes-benz,Mercedes-Benz,380,380,sedan,nl|nz,eu|oc,5.0,,
car,mercedes-benz,Mercedes-Benz,380-se,380 SE,sedan,fi|nl|nz|ua|us,eu|na|oc,5.0,,car/mercedes-benz/380se
car,mercedes-benz,Mercedes-Benz,380-sec,380 SEC,coupe,fi|nl|nz,eu|oc,4.0,,car/mercedes-benz/380sec
car,mercedes-benz,Mercedes-Benz,380-sel,380 SEL,sedan,fi|nl|nz,eu|oc,5.0,,car/mercedes-benz/380sel
car,mercedes-benz,Mercedes-Benz,380-sl,380 SL,convertible,ar|fi|lu|nl|nz|us,eu|na|oc|sa,6.0,,car/mercedes-benz/380sl
car,mercedes-benz,Mercedes-Benz,380-slc,380 SLC,coupe,fi|nl|nz,eu|oc,6.0,,
car,mercedes-benz,Mercedes-Benz,400,400,hatchback,gb|nz|ua,eu|oc,6.0,,
car,mercedes-benz,Mercedes-Benz,400-e,400 E,sedan,fi|nl|ua|us,eu|na,8.0,,car/mercedes-benz/400e
car,mercedes-benz,Mercedes-Benz,400-se,400 SE,sedan,fi|nl|nz|us,eu|na|oc,7.0,,car/mercedes-benz/400se
car,mercedes-benz,Mercedes-Benz,408-d,408 D,hatchback,nl|ua,eu,10.0,,
car,mercedes-benz,Mercedes-Benz,410,410,hatchback|wagon,fi|nl|ua,eu,8.0,,
car,mercedes-benz,Mercedes-Benz,410-d,410 D,hatchback,nl|ua,eu,7.0,,car/mercedes-benz/410d
car,mercedes-benz,Mercedes-Benz,410-ka,410 KA,hatchback,fi|nl,eu,10.0,,
car,mercedes-benz,Mercedes-Benz,412-d,412 D,hatchback,fi|nl|ua,eu,7.0,,car/mercedes-benz/412d
car,mercedes-benz,Mercedes-Benz,413,413,hatchback,fi|nl|ua,eu,8.0,,car/mercedes-benz/413-cdi|car/mercedes-benz/413cdi
car,mercedes-benz,Mercedes-Benz,416,416,hatchback,fi|nl|ua,eu,5.0,,
car,mercedes-benz,Mercedes-Benz,420,420,sedan,fi|nl|nz|ua,eu|oc,7.0,,
car,mercedes-benz,Mercedes-Benz,420-se,420 SE,sedan,fi|nl|nz|ua|us,eu|na|oc,5.0,,car/mercedes-benz/420se
car,mercedes-benz,Mercedes-Benz,420-sec,420 SEC,coupe,fi|my|nl|nz,as|eu|oc,6.0,,car/mercedes-benz/420sec
car,mercedes-benz,Mercedes-Benz,420-sel,420 SEL,sedan,fi|nl|nz|us,eu|na|oc,4.0,,car/mercedes-benz/420sel
car,mercedes-benz,Mercedes-Benz,420-sl,420 SL,convertible,nl|nz,eu|oc,6.0,,car/mercedes-benz/420sl
car,mercedes-benz,Mercedes-Benz,450,450,coupe,lu|nl|nz,eu|oc,7.0,,
car,mercedes-benz,Mercedes-Benz,450-se,450 SE,sedan,fi|nl|nz,eu|oc,6.0,,car/mercedes-benz/450se
car,mercedes-benz,Mercedes-Benz,450-sel,450 SEL,sedan,fi|nl|nz,eu|oc,5.0,,car/mercedes-benz/450sel
car,mercedes-benz,Mercedes-Benz,450-sl,450 SL,convertible,es|fi|nl|nz,eu|oc,4.0,,car/mercedes-benz/450-sl-roadster|car/mercedes-benz/450sl
car,mercedes-benz,Mercedes-Benz,450-slc,450 SLC,coupe,es|fi|lu|nl|nz,eu|oc,6.0,,car/mercedes-benz/450slc
car,mercedes-benz,Mercedes-Benz,450sel6-9,450SEL6.9,sedan,nl|nz,eu|oc,10.0,,
car,mercedes-benz,Mercedes-Benz,500,500,sedan,gb|lu|nl|nz,eu|oc,5.0,,
car,mercedes-benz,Mercedes-Benz,500-e,500 E,sedan,fi|lu|nl|us,eu|na,6.0,,car/mercedes-benz/500e
car,mercedes-benz,Mercedes-Benz,500-s,500 S,sedan,fi|nl|ua,eu,8.0,,
car,mercedes-benz,Mercedes-Benz,500-se,500 SE,sedan,fi|nl|ua|us,eu|na,4.0,,car/mercedes-benz/500-se-automatic|car/mercedes-benz/500se
car,mercedes-benz,Mercedes-Benz,500-sec,500 SEC,coupe,es|fi|my|nl|us,as|eu|na,6.0,,car/mercedes-benz/500sec
car,mercedes-benz,Mercedes-Benz,500-sel,500 SEL,sedan,fi|nl|us,eu|na,3.0,,car/mercedes-benz/500-sel-automatic|car/mercedes-benz/500sel
car,mercedes-benz,Mercedes-Benz,500-sl,500 SL,convertible,ar|es|fi|nl|ua|us,eu|na|sa,6.0,,car/mercedes-benz/500sl
car,mercedes-benz,Mercedes-Benz,518,518,hatchback,nl|ua,eu,9.0,,
car,mercedes-benz,Mercedes-Benz,560,560,sedan,nl|nz,eu|oc,5.0,,
car,mercedes-benz,Mercedes-Benz,560-sec,560 SEC,coupe,es|fi|nl|nz|ua|us,eu|na|oc,6.0,,car/mercedes-benz/560sec|car/mercedes-benz/sec
car,mercedes-benz,Mercedes-Benz,560-sel,560 SEL,sedan,fi|lu|nl|nz|ua|us,eu|na|oc,6.0,,car/mercedes-benz/560sel
car,mercedes-benz,Mercedes-Benz,560-sl,560 SL,convertible,ar|es|fi|lu|nl|nz|ua|us,eu|na|oc|sa,7.0,,car/mercedes-benz/560sl
car,mercedes-benz,Mercedes-Benz,600,600,suv,fi|gb|nl|nz|ua,eu|oc,6.0,,
car,mercedes-benz,Mercedes-Benz,600-se,600 SE,sedan,fi|nl|ua,eu,8.0,,
car,mercedes-benz,Mercedes-Benz,600-sec,600 SEC,coupe,fi|nl|nz,eu|oc,7.0,,
car,mercedes-benz,Mercedes-Benz,600-sel,600 SEL,sedan,fi|nl|nz|ua|us,eu|na|oc,7.0,,car/mercedes-benz/600-sel-v12|car/mercedes-benz/600sel
car,mercedes-benz,Mercedes-Benz,600-sl,600 SL,convertible,fi|nl|nz|us,eu|na|oc,7.0,,car/mercedes-benz/600sl
car,mercedes-benz,Mercedes-Benz,609-d,609 D,hatchback,fi|nl,eu,6.0,,car/mercedes-benz/609d
car,mercedes-benz,Mercedes-Benz,63-amg,63 AMG,sedan,fi|nl,eu,10.0,,
car,mercedes-benz,Mercedes-Benz,814-d,814 D,hatchback,fi|nl,eu,7.0,,
car,mercedes-benz,Mercedes-Benz,a-class,A-Class,hatchback|wagon,ar|ca|de|es|fi|gb|ie|lu|my|nl|nz|th|ua|us,as|eu|na|oc|sa,2.0,,car/mercedes-benz/a
car,mercedes-benz,Mercedes-Benz,adriatik,Adriatik,hatchback,fi|nl,eu,10.0,,
car,mercedes-benz,Mercedes-Benz,ambulance,Ambulance,hatchback,fi|nl,eu,8.0,,
car,mercedes-benz,Mercedes-Benz,amg,AMG,convertible,es|fi|lu|nl|nz,eu|oc,6.0,,
car,mercedes-benz,Mercedes-Benz,amg-gt,AMG GT,coupe,ar|ca|de|es|fi|gb|lu|my|nl|nz|th|ua|us,as|eu|na|oc|sa,5.0,,car/mercedes-benz/gt
car,mercedes-benz,Mercedes-Benz,atego,Atego,hatchback,ar|de|fi|nl,eu|sa,6.0,,
car,mercedes-benz,Mercedes-Benz,b-class,B-Class,hatchback|wagon,ca|de|es|fi|gb|ie|lu|my|nl|nz|ua|us,as|eu|na|oc,3.0,,car/mercedes-benz/b
car,mercedes-benz,Mercedes-Benz,benz,Benz,hatchback|wagon,es|fi|nl|nz,eu|oc,4.0,,
car,mercedes-benz,Mercedes-Benz,binz,Binz,sedan,fi|nl,eu,7.0,,
car,mercedes-benz,Mercedes-Benz,bm,Bm,hatchback,es|nl,eu,8.0,,
car,mercedes-benz,Mercedes-Benz,brabus,Brabus,sedan,nl|nz,eu|oc,8.0,,
car,mercedes-benz,Mercedes-Benz,bravia,Bravia,hatchback,fi|nl,eu,10.0,,
car,mercedes-benz,Mercedes-Benz,burstner,Burstner,hatchback,fi|nl,eu,9.0,,
car,mercedes-benz,Mercedes-Benz,c-class,C-Class,sedan|wagon,ar|ca|de|es|fi|gb|ie|lu|my|nl|nz|th|ua|us,as|eu|na|oc|sa,2.0,,car/mercedes-benz/c
car,mercedes-benz,Mercedes-Benz,cabriolet,Cabriolet,hatchback,nl,eu,10.0,,
car,mercedes-benz,Mercedes-Benz,carthago,Carthago,hatchback,fi|nl,eu,10.0,,
car,mercedes-benz,Mercedes-Benz,cl,Cl,coupe,ca|es|fi|gb|lu|nl|nz|ua|us,eu|na|oc,4.0,,
car,mercedes-benz,Mercedes-Benz,cla,CLA,sedan|wagon,ar|ca|de|es|fi|gb|ie|lu|my|nl|nz|th|ua|us,as|eu|na|oc|sa,2.0,,
car,mercedes-benz,Mercedes-Benz,clase,Clase,hatchback,es,eu,1.0,,
car,mercedes-benz,Mercedes-Benz,classe,Classe,hatchback|wagon,es|fi|lu|nl,eu,6.0,,
car,mercedes-benz,Mercedes-Benz,clc,Clc,coupe,es|fi|gb|lu|nl|nz|ua,eu|oc,4.0,,
car,mercedes-benz,Mercedes-Benz,cle,CLE,coupe,ar|ca|de|es|fi|gb|ie|lu|my|nl|nz|th|ua|us,as|eu|na|oc|sa,4.0,,
car,mercedes-benz,Mercedes-Benz,clk,CLK,coupe,ar|ca|de|es|fi|gb|lu|my|nl|nz|ua|us,as|eu|na|oc|sa,4.0,,car/mercedes-benz/320-clk
car,mercedes-benz,Mercedes-Benz,cls,CLS,sedan,ca|es|fi|gb|lu|my|nl|nz|th|ua|us,as|eu|na|oc,3.0,,
car,mercedes-benz,Mercedes-Benz,coupe,Coupe,hatchback,fi|nl|nz,eu|oc,8.0,,
car,mercedes-benz,Mercedes-Benz,d,D,sedan,fi|nl,eu,8.0,,
car,mercedes-benz,Mercedes-Benz,daimler,Daimler,sedan,fi|nl,eu,8.0,,
car,mercedes-benz,Mercedes-Benz,daimlerchrysler,Daimlerchrysler,sedan,fi|nl,eu,9.0,,
car,mercedes-benz,Mercedes-Benz,diesel,Diesel,hatchback,nl|nz,eu|oc,9.0,,
car,mercedes-benz,Mercedes-Benz,e-class,E-Class,sedan|wagon,ar|ca|de|es|fi|gb|ie|lu|my|nl|nz|th|ua|us,as|eu|na|oc|sa,2.0,,car/mercedes-benz/e
car,mercedes-benz,Mercedes-Benz,electric,Electric,hatchback|wagon,fi|nl|ua,eu,3.0,,
car,mercedes-benz,Mercedes-Benz,elnagh,Elnagh,hatchback,es|fi,eu,10.0,,
car,mercedes-benz,Mercedes-Benz,eqa,EQA,suv,es|fi|gb|ie|lu|my|nl|nz|ua,as|eu|oc,3.0,,
car,mercedes-benz,Mercedes-Benz,eqb,EQB,suv,ca|es|fi|gb|lu|my|nl|nz|th|ua|us,as|eu|na|oc,3.0,,
car,mercedes-benz,Mercedes-Benz,eqc,EQC,suv,es|fi|gb|ie|lu|my|nl|nz|ua,as|eu|oc,4.0,,
car,mercedes-benz,Mercedes-Benz,eqe,EQE,sedan|wagon,ca|es|fi|gb|ie|lu|my|nl|nz|th|ua|us,as|eu|na|oc,3.0,,
car,mercedes-benz,Mercedes-Benz,eqs,EQS,sedan|wagon,ca|es|fi|gb|lu|my|nl|nz|th|ua|us,as|eu|na|oc,3.0,,
car,mercedes-benz,Mercedes-Benz,eqt,Eqt,hatchback,es|fi|lu|nl,eu,5.0,,
car,mercedes-benz,Mercedes-Benz,eqv,EQV,mpv,es|fi|gb|lu|my|nl|ua,as|eu,4.0,,
car,mercedes-benz,Mercedes-Benz,esprinter,eSprinter,hatchback,fi|gb|lu|nl|ua,eu,6.0,,
car,mercedes-benz,Mercedes-Benz,esterel,Esterel,hatchback,es|nl,eu,9.0,,
car,mercedes-benz,Mercedes-Benz,eura,Eura,hatchback,fi|nl,eu,8.0,,
car,mercedes-benz,Mercedes-Benz,explorateur,Explorateur,hatchback,es|nl,eu,10.0,,
car,mercedes-benz,Mercedes-Benz,frankia,Frankia,hatchback,fi|nl,eu,8.0,,
car,mercedes-benz,Mercedes-Benz,g-class,G-Class,suv,ar|ca|de|es|fi|gb|lu|my|nl|nz|th|ua|us,as|eu|na|oc|sa,3.0,Geländewagen|G-Wagen,car/mercedes-benz/g|van/mercedes-benz/g|van/mercedes-benz/g-class
car,mercedes-benz,Mercedes-Benz,gl,GL,hatchback|wagon,ca|es|fi|gb|lu|my|nl|nz|ua|us,as|eu|na|oc,4.0,,
car,mercedes-benz,Mercedes-Benz,gla,GLA,suv,ar|ca|de|es|fi|gb|ie|lu|my|nl|nz|th|ua|us,as|eu|na|oc|sa,2.0,,
car,mercedes-benz,Mercedes-Benz,glb,GLB,suv,ar|ca|de|es|fi|gb|ie|lu|my|nl|nz|th|ua|us,as|eu|na|oc|sa,3.0,,
car,mercedes-benz,Mercedes-Benz,glc,GLC,suv,ar|ca|de|es|fi|gb|ie|lu|my|nl|nz|th|ua|us,as|eu|na|oc|sa,2.0,,
car,mercedes-benz,Mercedes-Benz,gle,GLE,suv,ar|ca|de|es|fi|gb|ie|lu|my|nl|nz|th|ua|us,as|eu|na|oc|sa,2.0,,
car,mercedes-benz,Mercedes-Benz,glk,GLK,suv,ca|es|fi|lu|nl|ua|us,eu|na,2.0,,
car,mercedes-benz,Mercedes-Benz,gls,GLS,suv,ca|de|es|fi|gb|lu|my|nl|nz|th|ua|us,as|eu|na|oc,3.0,,
car,mercedes-benz,Mercedes-Benz,hymer,Hymer,hatchback,fi|nl|ua,eu,7.0,,
car,mercedes-benz,Mercedes-Benz,hymermobil,Hymermobil,hatchback,fi|nl,eu,7.0,,
car,mercedes-benz,Mercedes-Benz,kompressor,Kompressor,convertible,nl|nz,eu|oc,7.0,,
car,mercedes-benz,Mercedes-Benz,l,L,hatchback|wagon,fi|nl|nz,eu|oc,6.0,,
car,mercedes-benz,Mercedes-Benz,la,La,hatchback,fi|nl,eu,7.0,,
car,mercedes-benz,Mercedes-Benz,liberty,Liberty,hatchback,fi|nl,eu,8.0,,
car,mercedes-benz,Mercedes-Benz,lmc,Lmc,hatchback,fi|nl,eu,7.0,,
car,mercedes-benz,Mercedes-Benz,lp,Lp,hatchback,fi|nl,eu,7.0,,
car,mercedes-benz,Mercedes-Benz,marco-polo,Marco Polo,hatchback|wagon,es|fi|lu|nl,eu,3.0,,car/mercedes-benz/marco
car,mercedes-benz,Mercedes-Benz,maybach,Maybach,hatchback|wagon,ca|es|fi|lu|my|nl|th|ua|us,as|eu|na,7.0,,
car,mercedes-benz,Mercedes-Benz,mb,Mb,sedan|wagon,fi|nl|nz|ua,eu|oc,5.0,,
car,mercedes-benz,Mercedes-Benz,mercedes,Mercedes,sedan|wagon,fi|nl,eu,5.0,,
car,mercedes-benz,Mercedes-Benz,metris,Metris,hatchback,ca|nl|ua|us,eu|na,6.0,,
car,mercedes-benz,Mercedes-Benz,ml,ML,suv,ar|ca|es|fi|gb|lu|my|nl|nz|ua|us,as|eu|na|oc|sa,3.0,,car/mercedes-benz/m
car,mercedes-benz,Mercedes-Benz,o,O,hatchback|wagon,ar|fi|nl,eu|sa,5.0,,
car,mercedes-benz,Mercedes-Benz,r-class,R-Class,hatchback|wagon,ca|es|fi|gb|lu|my|nl|nz|ua|us,as|eu|na|oc,4.0,,
car,mercedes-benz,Mercedes-Benz,rapido,Rapido,hatchback,es|fi|gb|nl,eu,7.0,,
car,mercedes-benz,Mercedes-Benz,rimor,Rimor,hatchback,fi|nl,eu,5.0,,
car,mercedes-benz,Mercedes-Benz,rmb,Rmb,hatchback,fi|nl,eu,9.0,,
car,mercedes-benz,Mercedes-Benz,roadster,Roadster,convertible,fi|nl,eu,8.0,,
car,mercedes-benz,Mercedes-Benz,s-class,S-Class,sedan,ar|ca|de|es|fi|gb|ie|lu|my|nl|nz|th|ua|us,as|eu|na|oc|sa,4.0,,car/mercedes-benz/s
car,mercedes-benz,Mercedes-Benz,sedan,Sedan,sedan,fi|nl|nz,eu|oc,6.0,,
car,mercedes-benz,Mercedes-Benz,sl,SL,roadster,ar|ca|de|es|fi|gb|lu|my|nl|nz|th|ua|us,as|eu|na|oc|sa,4.0,,
car,mercedes-benz,Mercedes-Benz,slc,SLC,roadster,ca|es|fi|gb|lu|my|nl|nz|ua|us,as|eu|na|oc,5.0,,
car,mercedes-benz,Mercedes-Benz,slk,SLK,roadster,ar|ca|es|fi|gb|lu|nl|nz|ua|us,eu|na|oc|sa,3.0,,car/mercedes-benz/230-slk
car,mercedes-benz,Mercedes-Benz,slr,Slr,coupe,ca|nl|ua|us,eu|na,7.0,,
car,mercedes-benz,Mercedes-Benz,sls,Sls,coupe,ca|es|fi|gb|lu|my|nl|nz|ua|us,as|eu|na|oc,7.0,,
car,mercedes-benz,Mercedes-Benz,t-class,T-Class,hatchback|wagon,es|fi|nl,eu,5.0,,
car,mercedes-benz,Mercedes-Benz,unimog,Unimog,convertible,de|fi|nl|nz,eu|oc,8.0,,car/mercedes-benz/u
car,mercedes-benz,Mercedes-Benz,v-class,V-Class,mpv,de|es|fi|gb|lu|my|nl|nz|th|ua,as|eu|oc,3.0,,car/mercedes-benz/v
car,mercedes-benz,Mercedes-Benz,vaneo,Vaneo,hatchback,es|fi|gb|lu|nl|ua,eu,5.0,,
car,mercedes-benz,Mercedes-Benz,vario,Vario,hatchback,fi|nl,eu,6.0,,
car,mercedes-benz,Mercedes-Benz,w,W,sedan,fi|nl|nz|ua,eu|oc,7.0,,
car,mercury,Mercury,caliente,Caliente,hatchback,nl|nz,eu|oc,9.0,,
car,mercury,Mercury,capri,Capri,convertible,nl|nz|us,eu|na|oc,7.0,,
car,mercury,Mercury,capri-ghia,Capri Ghia,hatchback,nl|nz,eu|oc,8.0,,
car,mercury,Mercury,colony-park,Colony Park,hatchback|wagon,fi|nl,eu,7.0,,
car,mercury,Mercury,comet,Comet,sedan,fi|nl|nz,eu|oc,5.0,,
car,mercury,Mercury,comet-caliente,Comet Caliente,convertible,fi|nl,eu,9.0,,
car,mercury,Mercury,commuter,Commuter,hatchback|wagon,nl|nz,eu|oc,9.0,,
car,mercury,Mercury,cougar,Cougar,coupe,ca|fi|nl|nz|us,eu|na|oc,3.0,,
car,mercury,Mercury,cougar-ls,Cougar LS,coupe,nl|nz,eu|oc,10.0,,
car,mercury,Mercury,cougar-xr-7,Cougar XR-7,coupe,fi|nl|nz,eu|oc,6.0,,car/mercury/cougar-xr7
car,mercury,Mercury,custom,Custom,hatchback,nl|nz,eu|oc,10.0,,
car,mercury,Mercury,cyclone,Cyclone,hatchback,fi|nz,eu|oc,7.0,,
car,mercury,Mercury,cyclone-gt,Cyclone GT,hatchback,fi|nl|nz,eu|oc,9.0,,
car,mercury,Mercury,eight,Eight,convertible,fi|nl|nz,eu|oc,7.0,,
car,mercury,Mercury,gougar,Gougar,hatchback,fi|nl,eu,10.0,,
car,mercury,Mercury,grand-marquis,Grand Marquis,sedan,ca|fi|nl|nz|us,eu|na|oc,5.0,,
car,mercury,Mercury,grand-marquis-ls,Grand Marquis LS,sedan|wagon,fi|nl,eu,7.0,,
car,mercury,Mercury,marauder,Marauder,hatchback,nz|us,na|oc,6.0,,
car,mercury,Mercury,mariner,Mariner,hatchback|wagon,fi|nl|ua|us,eu|na,10.0,,
car,mercury,Mercury,marquis,Marquis,sedan,fi|nl|nz|us,eu|na|oc,6.0,,
car,mercury,Mercury,marquis-brougham,Marquis Brougham,sedan,fi|nl,eu,6.0,,
car,mercury,Mercury,meteor,Meteor,coupe,fi|nl|nz,eu|oc,7.0,,
car,mercury,Mercury,monarch,Monarch,sedan,fi|nl|nz,eu|oc,7.0,,
car,mercury,Mercury,mont-clair,Mont Clair,sedan,fi|nl|nz,eu|oc,5.0,,car/mercury/montclair
car,mercury,Mercury,montclair-marauder,Montclair Marauder,coupe,fi|nl,eu,8.0,,
car,mercury,Mercury,monteclair,Monteclair,sedan,fi|nl,eu,10.0,,
car,mercury,Mercury,montego,Montego,coupe,fi|nl|nz|us,eu|na|oc,7.0,,
car,mercury,Mercury,montego-mx,Montego MX,hatchback|wagon,fi|nl,eu,6.0,,
car,mercury,Mercury,monterey,Monterey,sedan,fi|nl|nz,eu|oc,4.0,,
car,mercury,Mercury,monterey-s-55,Monterey S-55,hatchback,fi|nl,eu,10.0,,
car,mercury,Mercury,mystique,Mystique,hatchback,ca|ua|us,eu|na,10.0,,
car,mercury,Mercury,park-lane,Park Lane,sedan,fi|nl|nz,eu|oc,7.0,,
car,mercury,Mercury,sable,Sable,sedan,ca|fi|nl|us,eu|na,7.0,,
car,mercury,Mercury,sable-wagon,Sable Wagon,hatchback|wagon,ca|nl|us,eu|na,8.0,,
car,mercury,Mercury,tracer,Tracer,sedan,nl|us,eu|na,8.0,,
car,mercury,Mercury,villager,Villager,hatchback,ca|nl|ua,eu|na,10.0,,
car,mercury,Mercury,zephyr,Zephyr,sedan,nl|nz,eu|oc,7.0,,
car,merkur,Merkur,scorpio,Scorpio,sedan,nl|us,eu|na,10.0,,
car,merkur,Merkur,xr4ti,XR4TI,hatchback,nl|us,eu|na,8.0,,
car,mg,MG,1100,1100,sedan,fi|gb|lu|nl|nz,eu|oc,8.0,,
car,mg,MG,13,13,hatchback,nl|nz,eu|oc,9.0,,
car,mg,MG,1300,1300,sedan,gb|nl|nz,eu|oc,7.0,,
car,mg,MG,1500,1500,convertible,fi|nl,eu,9.0,,
car,mg,MG,350,350,sedan,nl|ua,eu,8.0,,
car,mg,MG,cyberster,Cyberster,convertible,de|es|fi|gb|lu|my|nl|nz|th|ua,as|eu|oc,5.0,,
car,mg,MG,ehs,EHS,hatchback,es|fi|lu|nl|ua,eu,4.0,,car/mg-roewe/mg-ehs
car,mg,MG,ep,EP,hatchback,th,as,2.0,,
car,mg,MG,gs,GS,hatchback,gb|nz,eu|oc,4.0,,
car,mg,MG,gt,GT,coupe,lu|nl|nz,eu|oc,6.0,,
car,mg,MG,hs,HS,suv,de|es|fi|gb|ie|lu|my|nl|nz|th|ua,as|eu|oc,3.0,,car/mg/rx6
car,mg,MG,im5,IM5,hatchback,de|gb,eu,8.0,,car/mg/im5-long-range
car,mg,MG,im6,IM6,hatchback,de|nz|th,as|eu|oc,5.0,,
car,mg,MG,j2,J2,convertible,nl|nz,eu|oc,6.0,,
car,mg,MG,k,K,convertible,nl|nz,eu|oc,10.0,,
car,mg,MG,l,L,convertible,nl|nz,eu|oc,10.0,,
car,mg,MG,m,M,convertible,nl|nz,eu|oc,7.0,,car/mg/m-midget
car,mg,MG,maestro,Maestro,hatchback,gb|nz,eu|oc,9.0,,
car,mg,MG,magna,Magna,convertible,nl|nz,eu|oc,8.0,,car/mg/l2-magna
car,mg,MG,magnette,Magnette,sedan,fi|gb|nl|nz,eu|oc,6.0,,car/mg/magnette-za|car/mg/magnette-zb|car/mg/za-magnette|car/mg/zb
car,mg,MG,marvel-r,Marvel R,hatchback,es|fi|lu|nl|ua,eu,5.0,,
car,mg,MG,metro,Metro,hatchback,fi|gb|nl|nz,eu|oc,6.0,,car/mg/metro-1300|car/mg/metro-turbo
car,mg,MG,mg3,MG3,hatchback,ar|de|es|fi|gb|ie|lu|nl|nz|th|ua,as|eu|oc|sa,3.0,,
car,mg,MG,mg4,MG4,hatchback,de|es|fi|gb|ie|lu|my|nl|nz|th|ua,as|eu|oc,2.0,,
car,mg,MG,mg5,MG5,wagon,de|es|fi|gb|lu|my|nl|nz|th|ua,as|eu|oc,4.0,,
car,mg,MG,mg6,MG6,hatchback,gb|nz|th|ua,as|eu|oc,6.0,,
car,mg,MG,mga,MGA,convertible,ar|es|fi|gb|nl|nz,eu|oc|sa,5.0,,car/mg/1600|car/mg/1600-mk|car/mg/1600-mkii|car/mg/a|car/mg/a-mk-2|car/mg/a-roadster|car/mg/a-twin-cam|car/mg/a1600|car/mg/m-g-a|car/mg/mga-1500-roadster|car/mg/mga-1600|car/mg/mga-1600-mk|car/mg/mga-roadster|car/mg/mga-twin-cam
car,mg,MG,mgb,MGB,convertible,es|fi|gb|lu|my|nl|nz,as|eu|oc,4.0,,car/mg/1800|car/mg/b|car/mg/b-g-t|car/mg/b-gt|car/mg/b-gt-v8|car/mg/b-roadstar|car/mg/b-roadster|car/mg/b-v8|car/mg/bgt|car/mg/bgt-sport|car/mg/bgt-v8|car/mg/bgtv8|car/mg/m-g-b|car/mg/mg-b|car/mg/mgb-1800|car/mg/mgb-b|car/mg/mgb-gt|car/mg/mgb-gt-v8|car/mg/mgb-roadster|car/mg/mgbgt
car,mg,MG,mgc,MGC,convertible,es|gb|nl|nz,eu|oc,6.0,,car/mg/c|car/mg/c-gt|car/mg/c-roadster|car/mg/cgt|car/mg/mgc-gt
car,mg,MG,mgf,MGF,convertible,fi|gb|lu|nl|nz,eu|oc,3.0,,car/mg/f|car/mg/mgf-1-8i|car/rover/mgf
car,mg,MG,mgs5-ev,MGS5 EV,hatchback,de|es|fi|gb|ie|lu|my|nl|nz|th|ua,as|eu|oc,3.0,,car/mg/mg-s5-se-ev|car/mg/mgs5|car/mg/s5|car/mg/s5-ev
car,mg,MG,mgs6-ev,MGS6 EV,hatchback,de|es|fi|lu|nl|ua,eu,6.0,,car/mg/s6-ev
car,mg,MG,mgs9-phev,MGS9 PHEV,hatchback,de|es|lu|nl,eu,6.0,,car/mg/s9
car,mg,MG,midget,Midget,convertible,fi|gb|lu|nl|nz,eu|oc,4.0,,car/mg/midget-1500|car/mg/midget-mark|car/mg/midget-mk|car/mg/midget-mk-11|car/mg/midget-mk-3|car/mg/midget-mk2|car/mg/midget-mk3|car/mg/midget-mkii|car/mg/midget-mkiii|car/mg/midget-sport
car,mg,MG,montego,Montego,sedan,gb|nl|nz,eu|oc,7.0,,car/mg/montego-efi|car/mg/montego-turbo
car,mg,MG,pb,PB,convertible,nl|nz,eu|oc,7.0,,
car,mg,MG,q-type,Q-Type,convertible,lu|nl,eu,10.0,,
car,mg,MG,roadster,Roadster,convertible,fi|gb|nl|nz,eu|oc,5.0,,
car,mg,MG,rv8,RV8,convertible,gb|nl|nz,eu|oc,5.0,,
car,mg,MG,sa,SA,sedan,nl|nz,eu|oc,7.0,,
car,mg,MG,t,T,convertible,nl|nz,eu|oc,10.0,,
car,mg,MG,t-f,T F,convertible,es|fi|gb|lu|nl|nz,eu|oc,5.0,,car/mg/mgtf|car/mg/tf|car/mg/tf-roadster
car,mg,MG,ta,TA,convertible,fi|nl,eu,7.0,,
car,mg,MG,tb,TB,convertible,nl|nz,eu|oc,8.0,,
car,mg,MG,tc,TC,convertible,lu|nl|nz,eu|oc,5.0,,
car,mg,MG,td,TD,convertible,fi|nl|nz,eu|oc,5.0,,car/mg/midget-td|car/mg/t-d-roadster|car/mg/td-roadster
car,mg,MG,td-tf,TD/TF,convertible,gb|nl,eu,7.0,,
car,mg,MG,tf-midget,TF Midget,convertible,es|fi|nl|nz,eu|oc,7.0,,car/mg/midget-tf|car/mg/tf-1250|car/mg/tf-1500|car/mg/tf1500
car,mg,MG,va,VA,sedan,nl|nz,eu|oc,6.0,,
car,mg,MG,ya,YA,sedan,nl|nz,eu|oc,6.0,,car/mg/y
car,mg,MG,yb,YB,sedan,nl|nz,eu|oc,8.0,,
car,mg,MG,yt,YT,convertible,nl|nz,eu|oc,8.0,,
car,mg,MG,zr,ZR,hatchback,fi|gb|nl,eu,5.0,,
car,mg,MG,zs,ZS,hatchback,ar|de|es|fi|gb|ie|lu|my|nl|th|ua,as|eu|sa,3.0,,car/mg/zs1
car,mg,MG,zs-ev,ZS EV,hatchback,es|fi|ie|lu|my|nl|nz|th|ua,as|eu|oc,5.0,,car/mg/roewe-zs-ev
car,mg,MG,zt,ZT,sedan|wagon,fi|gb|nl|nz,eu|oc,5.0,,car/mg/zt-t|car/rover/mg-zt
car,micro-compact-car,Micro Compact Car,smart,Smart,hatchback,lu|nl,eu,4.0,,
car,mini,Mini,1000,1000,convertible,es|fi|lu|nl,eu,7.0,,
car,mini,Mini,1000-special-deluxe,1000 Special Deluxe,hatchback,fi|nl,eu,10.0,,
car,mini,Mini,1100,1100,convertible,es|nl,eu,9.0,,
car,mini,Mini,1300-u9,1300 U9,sedan,lu|nl,eu,7.0,,
car,mini,Mini,aceman,Aceman,suv,ar|es|fi|gb|lu|my|nl|nz|th|ua,as|eu|oc|sa,4.0,,
car,mini,Mini,clubman,Clubman,wagon,ca|es|fi|gb|lu|my|nl|nz|th|ua|us,as|eu|na|oc,3.0,,
car,mini,Mini,convertible,Convertible,convertible,ca|es|fi|lu|my|nl|nz|th|ua|us,as|eu|na|oc,4.0,,
car,mini,Mini,cooper,Cooper,hatchback,ar|ca|de|es|fi|gb|lu|my|nl|nz|th|ua|us,as|eu|na|oc|sa,1.0,,car/mini/coopper-s|car/mini/hatch
car,mini,Mini,countryman,Countryman,suv,ar|ca|es|fi|gb|lu|my|nl|nz|th|ua|us,as|eu|na|oc|sa,2.0,,
car,mini,Mini,first,First,hatchback,gb,eu,3.0,,
car,mini,Mini,jcw,Jcw,hatchback,es|fi|lu|nl|ua,eu,4.0,,
car,mini,Mini,jcw-e,Jcw E,hatchback,es|fi|lu|nl|th,as|eu,5.0,,
car,mini,Mini,mayfair,Mayfair,sedan,nl|nz,eu|oc,9.0,,
car,mini,Mini,paceman,Paceman,suv,ca|fi|gb|nl|nz|ua|us,eu|na|oc,6.0,,
car,mini,Mini,roadster,Roadster,hatchback,es|gb,eu,7.0,,
car,mini,Mini,special,Special,sedan,es|nl,eu,9.0,,
car,mini,Mini,xn,Xn,sedan,fi|nl,eu,9.0,,
car,mitsubishi-fuso,Mitsubishi Fuso,canter,Canter,hatchback,gb|nl,eu,9.0,,
car,mitsubishi,Mitsubishi,3000-gt,3000 GT,coupe,es|fi|gb|lu|nl|nz|us,eu|na|oc,7.0,,car/mitsubishi/3000|car/mitsubishi/3000gt
car,mitsubishi,Mitsubishi,airtrek,Airtrek,hatchback|wagon,fi|nl|nz|ua,eu|oc,6.0,,
car,mitsubishi,Mitsubishi,asx,ASX,hatchback|wagon,de|es|fi|gb|lu|nl|nz|ua,eu|oc,3.0,,
car,mitsubishi,Mitsubishi,attrage,Attrage,sedan,lu|nl|nz|th|ua,as|eu|oc,7.0,,
car,mitsubishi,Mitsubishi,canter,Canter,hatchback,gb|nl|nz,eu|oc,9.0,,
car,mitsubishi,Mitsubishi,carisma,Carisma,sedan,fi|gb|lu|nl|nz|ua,eu|oc,4.0,,
car,mitsubishi,Mitsubishi,celeste,Celeste,coupe,fi|nl|nz,eu|oc,7.0,,
car,mitsubishi,Mitsubishi,challenger,Challenger,hatchback,gb|nz|ua,eu|oc,6.0,,
car,mitsubishi,Mitsubishi,chariot,Chariot,hatchback,gb|nz|ua,eu|oc,7.0,,
car,mitsubishi,Mitsubishi,colt,Colt,hatchback|wagon,de|es|fi|gb|lu|nl|nz|ua,eu|oc,3.0,,car/mitsubishi/colt-glx|car/mitsubishi/colt-ralliart|car/mitsubishi/z30
car,mitsubishi,Mitsubishi,cordia,Cordia,hatchback,fi|gb|nz|us,eu|na|oc,6.0,,
car,mitsubishi,Mitsubishi,delica,Delica,hatchback|wagon,fi|gb|my|nl|nz|ua,as|eu|oc,6.0,,
car,mitsubishi,Mitsubishi,diamante,Diamante,sedan,ca|gb|nl|nz|ua|us,eu|na|oc,6.0,,
car,mitsubishi,Mitsubishi,dion,Dion,hatchback,gb|nz,eu|oc,3.0,,
car,mitsubishi,Mitsubishi,eclipse,Eclipse,coupe,ca|es|fi|gb|lu|nl|nz|ua|us,eu|na|oc,5.0,,car/mitsubishi/eclipse-gs|car/mitsubishi/eclipse-gt-spyder|car/mitsubishi/eclipse-spyder
car,mitsubishi,Mitsubishi,eclipse-cross,Eclipse Cross,suv,ca|de|es|fi|lu|nl|nz|ua|us,eu|na|oc,3.0,,car/mitsubishi/eclipse-cross-es
car,mitsubishi,Mitsubishi,endeavor,Endeavor,hatchback,ca|ua|us,eu|na,9.0,,
car,mitsubishi,Mitsubishi,fto,FTO,coupe,gb|nl|nz,eu|oc,5.0,,
car,mitsubishi,Mitsubishi,galant,Galant,sedan,ca|es|fi|gb|my|nl|nz|ua|us,as|eu|na|oc,5.0,,
car,mitsubishi,Mitsubishi,galant-vr-4,Galant VR-4,sedan|wagon,fi|nl,eu,7.0,,car/mitsubishi/galant-vr4
car,mitsubishi,Mitsubishi,galloper,Galloper,hatchback,es|nl,eu,10.0,,
car,mitsubishi,Mitsubishi,grandis,Grandis,mpv,de|es|fi|gb|lu|my|nl|nz|ua,as|eu|oc,4.0,,
car,mitsubishi,Mitsubishi,gto,GTO,coupe,fi|nl|nz,eu|oc,5.0,,
car,mitsubishi,Mitsubishi,h60w,H60W,hatchback|wagon,es|nl,eu,9.0,,
car,mitsubishi,Mitsubishi,i-miev,i-MiEV,hatchback|wagon,ca|es|fi|gb|nl|nz|ua|us,eu|na|oc,5.0,,
car,mitsubishi,Mitsubishi,l300,L300,hatchback|wagon,es|fi|gb|nl|nz|ua,eu|oc,6.0,,car/mitsubishi/l-300|car/mitsubishi/l030p|car/mitsubishi/l300-wagon
car,mitsubishi,Mitsubishi,l400,L400,hatchback,nl|ua,eu,6.0,,car/mitsubishi/l-400
car,mitsubishi,Mitsubishi,lancer,Lancer,sedan|wagon,ca|es|fi|gb|lu|my|nl|nz|ua|us,as|eu|na|oc,3.0,,car/mitsubishi/colt-lancer|car/mitsubishi/lancer-glx|car/mitsubishi/lancer-ralliart|car/mitsubishi/lancer-wagon
car,mitsubishi,Mitsubishi,lancer-evolution,Lancer Evolution,sedan,ca|es|fi|nl|th|ua|us,as|eu|na,5.0,,car/mitsubishi/evo|car/mitsubishi/lancer-evo|car/mitsubishi/lancer-evo-ix|car/mitsubishi/lancer-evo-x|car/mitsubishi/lancer-evolution-4|car/mitsubishi/lancer-evolution-x
car,mitsubishi,Mitsubishi,legnum,Legnum,hatchback|wagon,fi|gb|nl|nz,eu|oc,6.0,,
car,mitsubishi,Mitsubishi,minica,Minica,hatchback,gb|nz,eu|oc,7.0,,
car,mitsubishi,Mitsubishi,minicab,Minicab,hatchback|wagon,fi|nl|nz,eu|oc,8.0,,
car,mitsubishi,Mitsubishi,mirage,Mirage,coupe,ca|de|gb|nl|nz|th|ua|us,as|eu|na|oc,5.0,,car/mitsubishi/mirage-g4
car,mitsubishi,Mitsubishi,montero,Montero,hatchback|wagon,ca|es|fi|gb|nl|nz|ua|us,eu|na|oc,6.0,,
car,mitsubishi,Mitsubishi,montero-sport,Montero Sport,hatchback|wagon,ca|nl|ua|us,eu|na,10.0,,
car,mitsubishi,Mitsubishi,nativa,Nativa,hatchback|wagon,nl|ua|us,eu|na,8.0,,
car,mitsubishi,Mitsubishi,outlander,Outlander,suv,ar|ca|de|es|fi|gb|lu|my|nl|nz|th|ua|us,as|eu|na|oc|sa,3.0,,car/mitsubishi/outlander-se
car,mitsubishi,Mitsubishi,outlander-sport,Outlander Sport,hatchback|wagon,fi|nl|ua|us,eu|na,5.0,,
car,mitsubishi,Mitsubishi,pajero,Pajero,hatchback|wagon,es|fi|gb|lu|my|nl|ua,as|eu,4.0,Montero|Shogun,car/mitsubishi/pajero-montero|car/mitsubishi/pajero-v6|car/mitsubishi/pajero-wagon
car,mitsubishi,Mitsubishi,pajero-junior,Pajero Junior,hatchback,fi|nl,eu,8.0,,
car,mitsubishi,Mitsubishi,pajero-mini,Pajero Mini,hatchback|wagon,fi|nl,eu,6.0,,
car,mitsubishi,Mitsubishi,pajero-pinin,Pajero Pinin,hatchback|wagon,es|fi|nl|ua,eu,4.0,,
car,mitsubishi,Mitsubishi,pajero-sport,Pajero Sport,hatchback|wagon,es|fi|nl|th|ua,as|eu,3.0,,
car,mitsubishi,Mitsubishi,proton,Proton,hatchback,nz|ua,eu|oc,8.0,,
car,mitsubishi,Mitsubishi,rvr,RVR,hatchback|wagon,ca|fi|gb|nl|ua,eu|na,9.0,,
car,mitsubishi,Mitsubishi,sapporo,Sapporo,sedan,fi|nl|nz,eu|oc,5.0,,car/mitsubishi/sapporo-2000-gsr|car/mitsubishi/sapporo-gsr
car,mitsubishi,Mitsubishi,shogun,Shogun,hatchback|wagon,gb|nl|nz|ua,eu|oc,6.0,,
car,mitsubishi,Mitsubishi,sigma,Sigma,sedan|wagon,gb|nl|nz|ua|us,eu|na|oc,6.0,,
car,mitsubishi,Mitsubishi,space-gear,Space Gear,hatchback,fi|nl|ua,eu,9.0,,
car,mitsubishi,Mitsubishi,space-runner,Space Runner,hatchback|wagon,fi|gb|nl|ua,eu,7.0,,
car,mitsubishi,Mitsubishi,space-star,Space Star,hatchback,es|fi|gb|lu|nl|ua,eu,3.0,,car/mitsubishi/space-star-mirage
car,mitsubishi,Mitsubishi,space-wagon,Space Wagon,hatchback|wagon,fi|gb|nl|ua|us,eu|na,4.0,,
car,mitsubishi,Mitsubishi,starion,Starion,coupe,fi|gb|nl|nz|ua|us,eu|na|oc,6.0,,car/mitsubishi/starion-turbo
car,mitsubishi,Mitsubishi,tredia,Tredia,sedan,fi|nl|us,eu|na,10.0,,
car,mitsubishi,Mitsubishi,triton,Triton,hatchback,my|th,as,1.0,,
car,mitsubishi,Mitsubishi,van,Van,hatchback,nz|us,na|oc,10.0,,
car,mitsubishi,Mitsubishi,xforce,Xforce,hatchback,my|th,as,2.0,,car/mitsubishi/xforce-hev
car,mitsubishi,Mitsubishi,xpander,Xpander,hatchback,my|th,as,2.0,,car/mitsubishi/xpander-hev
car,mitsubishi,Mitsubishi,xpander-cross,Xpander Cross,suv,th,as,1.0,,car/mitsubishi/xpander-cross-hev
car,morgan,Morgan,1600,1600,convertible,nl|nz,eu|oc,9.0,,
car,morgan,Morgan,3000,3000,hatchback,fi|lu,eu,9.0,,
car,morgan,Morgan,4-4-series,4/4 Series,convertible,nl|nz,eu|oc,9.0,,
car,morgan,Morgan,44,44,convertible,nl|nz,eu|oc,9.0,,
car,morgan,Morgan,aero,Aero,hatchback,gb|nz,eu|oc,7.0,,
car,morgan,Morgan,aero-8,Aero 8,convertible,gb|nl,eu,6.0,,
car,morgan,Morgan,plus-4,Plus 4,convertible,es|fi|gb|nl|nz,eu|oc,6.0,,
car,morgan,Morgan,plus-6,Plus 6,convertible,gb|nl,eu,6.0,,
car,morgan,Morgan,plus-8,Plus 8,convertible,es|fi|gb|lu|nl|nz,eu|oc,6.0,,car/morgan/plus8
car,morgan,Morgan,plus-8-pi,Plus 8 Pi,hatchback,fi|nz,eu|oc,10.0,,
car,morgan,Morgan,plus-eight,Plus Eight,hatchback,nz|us,na|oc,8.0,,
car,morgan,Morgan,plus-four,Plus Four,convertible,es|lu|my|nl|nz,as|eu|oc,8.0,,
car,morgan,Morgan,plus-six,Plus Six,convertible,lu|nl,eu,7.0,,
car,morgan,Morgan,plus-six-supersport,Plus Six Supersport,convertible,lu|nl|nz,eu|oc,9.0,,
car,morgan,Morgan,roadster,Roadster,convertible,es|gb|lu|nl|nz,eu|oc,7.0,,
car,morgan,Morgan,sports,Sports,convertible,gb|nl,eu,8.0,,
car,morris,Morris,1-4-ton,1/4 Ton,hatchback,nl|nz,eu|oc,10.0,,
car,morris,Morris,10,10,hatchback,gb|nl|nz,eu|oc,8.0,,
car,morris,Morris,1000,1000,hatchback,nl|nz,eu|oc,5.0,,
car,morris,Morris,1000-traveller,1000 Traveller,hatchback|wagon,nl|nz,eu|oc,7.0,,
car,morris,Morris,1100,1100,sedan,fi|gb|nl|nz,eu|oc,6.0,,
car,morris,Morris,1100-mk,1100 Mk,hatchback,nl|nz,eu|oc,9.0,,
car,morris,Morris,1300,1300,sedan,fi|gb|nl|nz,eu|oc,6.0,,
car,morris,Morris,1300-gt,1300 GT,sedan,nl|nz,eu|oc,7.0,,
car,morris,Morris,1800,1800,sedan,gb|nl|nz,eu|oc,7.0,,
car,morris,Morris,1800-mkii,1800 Mkii,hatchback,nl|nz,eu|oc,10.0,,
car,morris,Morris,2200,2200,hatchback,gb|nz,eu|oc,9.0,,
car,morris,Morris,8-series-e,8 Series E,hatchback,nl|nz,eu|oc,8.0,,
car,morris,Morris,850,850,sedan,nl|nz,eu|oc,8.0,,
car,morris,Morris,8cwt,8CWT,hatchback,gb|nz,eu|oc,8.0,,
car,morris,Morris,clubman,Clubman,hatchback|wagon,nl|nz,eu|oc,6.0,,
car,morris,Morris,cooper,Cooper,sedan,nl|nz,eu|oc,6.0,,
car,morris,Morris,cooper-s,Cooper S,sedan,nl|nz,eu|oc,6.0,,car/morris/coopers
car,morris,Morris,cowley,Cowley,convertible,es|gb|nl|nz,eu|oc,7.0,,
car,morris,Morris,cowley-six,Cowley Six,sedan,nl|nz,eu|oc,10.0,,
car,morris,Morris,eight,Eight,convertible,nl|nz,eu|oc,4.0,,
car,morris,Morris,eight-series,Eight Series,hatchback,fi|nz,eu|oc,9.0,,
car,morris,Morris,eight-series-i,Eight Series I,convertible,nl|nz,eu|oc,10.0,,
car,morris,Morris,isis,Isis,hatchback,gb|nz,eu|oc,7.0,,
car,morris,Morris,ital,Ital,hatchback,gb|nz,eu|oc,8.0,,
car,morris,Morris,m8,M8,convertible,nl|nz,eu|oc,6.0,,
car,morris,Morris,marina,Marina,coupe,fi|gb|nl|nz,eu|oc,6.0,,
car,morris,Morris,mini,Mini,sedan,fi|gb|nl|nz,eu|oc,4.0,,
car,morris,Morris,mini-1000,Mini 1000,sedan,fi|nl|nz,eu|oc,4.0,,car/morris/mini1000
car,morris,Morris,mini-1000-mk,Mini 1000 Mk,hatchback,fi|nz,eu|oc,8.0,,
car,morris,Morris,mini-1275gt,Mini 1275GT,sedan,nl|nz,eu|oc,9.0,,
car,morris,Morris,mini-850,Mini 850,sedan,fi|nl|nz,eu|oc,5.0,,
car,morris,Morris,mini-850-l,Mini 850 L,hatchback,fi|nl,eu,9.0,,
car,morris,Morris,mini-auto,Mini Auto,sedan,nl|nz,eu|oc,9.0,,
car,morris,Morris,mini-clubman,Mini Clubman,hatchback,fi|nl|nz,eu|oc,5.0,,
car,morris,Morris,mini-cooper,Mini Cooper,hatchback,nl|nz,eu|oc,5.0,,
car,morris,Morris,mini-cooper-s,Mini Cooper S,hatchback,lu|nl|nz,eu|oc,7.0,,
car,morris,Morris,mini-minor,Mini Minor,hatchback,nl|nz,eu|oc,6.0,,
car,morris,Morris,mini-mk-2,Mini Mk 2,sedan,nl|nz,eu|oc,10.0,,
car,morris,Morris,mini-moke,Mini Moke,convertible,es|nl|nz,eu|oc,7.0,,
car,morris,Morris,mini-special,Mini Special,hatchback,nl|nz,eu|oc,10.0,,
car,morris,Morris,minor,Minor,sedan,fi|gb|nl|nz,eu|oc,2.0,,
car,morris,Morris,minor-1000,Minor 1000,sedan,es|fi|nl|nz,eu|oc,5.0,,
car,morris,Morris,minor-1000-traveller,Minor 1000 Traveller,hatchback|wagon,nl|nz,eu|oc,6.0,,
car,morris,Morris,minor-8,Minor 8,hatchback,nl|nz,eu|oc,10.0,,
car,morris,Morris,minor-series,Minor Series,coupe,nl|nz,eu|oc,9.0,,
car,morris,Morris,minor-traveller,Minor Traveller,hatchback|wagon,nl|nz,eu|oc,6.0,,
car,morris,Morris,minor-van,Minor Van,hatchback,nl|nz,eu|oc,8.0,,
car,morris,Morris,mm8,MM8,hatchback,nl|nz,eu|oc,10.0,,
car,morris,Morris,moke,Moke,convertible,nl|nz,eu|oc,9.0,,
car,morris,Morris,oxford,Oxford,sedan,fi|gb|nl|nz,eu|oc,5.0,,
car,morris,Morris,oxford-series,Oxford Series,sedan,fi|nl|nz,eu|oc,7.0,,car/morris/oxford-serie
car,morris,Morris,ten,Ten,sedan,fi|nl|nz,eu|oc,8.0,,
car,morris,Morris,tourer,Tourer,convertible,nl|nz,eu|oc,8.0,,
car,moskvich,Moskvich,408,408,hatchback,gb|ua,eu,9.0,,
car,moskvich,Moskvich,412,412,hatchback,gb|ua,eu,8.0,,
car,nash,Nash,450,450,sedan,nl|nz,eu|oc,10.0,,
car,nash,Nash,600,600,suv,nl|nz,eu|oc,8.0,,
car,nash,Nash,ambassador,Ambassador,sedan,nl|nz,eu|oc,7.0,,
car,nash,Nash,ambassador-six,Ambassador Six,hatchback,nl|nz,eu|oc,10.0,,
car,nash,Nash,ambassador-super,Ambassador Super,sedan,fi|nl,eu,10.0,,
car,nash,Nash,lafayette,Lafayette,sedan,fi|nl|nz,eu|oc,8.0,,
car,nash,Nash,metropolitan,Metropolitan,sedan,fi|nl|nz,eu|oc,5.0,,
car,nash,Nash,metropolitan-1500,Metropolitan 1500,sedan,fi|nl,eu,10.0,,
car,nash,Nash,rambler,Rambler,sedan|wagon,nl|nz,eu|oc,7.0,,
car,nash,Nash,standard-six,Standard Six,hatchback,nl|nz,eu|oc,10.0,,
car,nash,Nash,statesman-super,Statesman Super,sedan,fi|nl,eu,10.0,,
car,neta,Neta,v,V,hatchback,my|th,as,5.0,,
car,neta,Neta,v-ii,V-II,hatchback,th,as,2.0,,
car,neta,Neta,x,X,hatchback,my|th,as,4.0,,
car,nilsson,Nilsson,hearse-3d,Hearse 3D,hatchback,fi|nl,eu,6.0,,
car,nilsson,Nilsson,hearse-5d,Hearse 5D,hatchback,fi|nl,eu,9.0,,
car,nilsson,Nilsson,s80,S80,sedan,fi|nl,eu,9.0,,
car,nilsson,Nilsson,volvo-s-80,Volvo S 80,sedan,fi|nl,eu,6.0,,car/nilsson/volvo-s80
car,nilsson,Nilsson,volvo-s80-hearse,Volvo S80 Hearse,hatchback,fi|nl,eu,9.0,,
car,nio,Nio,el6,EL6,hatchback|wagon,de|es|nl,eu,8.0,,
car,nio,Nio,el8,EL8,hatchback|wagon,de|nl,eu,7.0,,
car,nio,Nio,et5,ET5,sedan,de|nl,eu,7.0,,
car,nio,Nio,et7,ET7,sedan,fi|nl,eu,4.0,,
car,nio,Nio,firefly,Firefly,hatchback|wagon,de|es|lu|nl,eu,8.0,,
car,nissan,Nissan,100,100,hatchback,gb|nz,eu|oc,8.0,,
car,nissan,Nissan,100nx,100NX,coupe,fi|nl|ua,eu,7.0,,
car,nissan,Nissan,180sx,180SX,coupe,fi|my|nl|nz,as|eu|oc,7.0,,car/nissan/180-sx
car,nissan,Nissan,200,200,hatchback,fi|gb|nz|ua,eu|oc,9.0,,
car,nissan,Nissan,200sx,200SX,coupe,ca|fi|lu|nl|nz|ua|us,eu|na|oc,4.0,,car/nissan/200-sx
car,nissan,Nissan,240,240,coupe,fi|nl|nz,eu|oc,9.0,,
car,nissan,Nissan,2402,2402,coupe,nl|nz,eu|oc,10.0,,
car,nissan,Nissan,240sx,240SX,convertible,ca|nl|ua|us,eu|na,8.0,,
car,nissan,Nissan,240z,240Z,coupe,nl|nz,eu|oc,9.0,,
car,nissan,Nissan,280,280,hatchback,gb|nz,eu|oc,9.0,,
car,nissan,Nissan,300,300,hatchback,gb,eu,5.0,,
car,nissan,Nissan,300zx,300ZX,coupe,ca|fi|nl|us,eu|na,4.0,,car/nissan/300-zx-twin-turbo|car/nissan/300zx-2x2|car/nissan/300zx-turbo
car,nissan,Nissan,350,350,hatchback,gb,eu,3.0,,
car,nissan,Nissan,350-z,350 Z,coupe,ca|es|fi|lu|nl|nz|ua|us,eu|na|oc,4.0,,car/nissan/350z|car/nissan/350z-roadster|car/nissan/z-33|car/nissan/z33|car/nissan/z350
car,nissan,Nissan,370,370,hatchback,gb,eu,4.0,,
car,nissan,Nissan,370-z,370 Z,coupe,ca|es|fi|lu|nl|nz|ua|us,eu|na|oc,5.0,,car/nissan/370z|car/nissan/370z-roadster
car,nissan,Nissan,720,720,hatchback,gb|nz,eu|oc,9.0,,
car,nissan,Nissan,almera,Almera,sedan,fi|gb|lu|my|nl|nz|th|ua,as|eu|oc,2.0,,
car,nissan,Nissan,almera-classic,Almera Classic,hatchback,fi|ua,eu,7.0,,
car,nissan,Nissan,almera-tino,Almera Tino,mpv,es|fi|lu|nl|ua,eu,6.0,,
car,nissan,Nissan,altima,Altima,sedan,ca|es|fi|nl|nz|ua|us,eu|na|oc,4.0,,car/nissan/altima-s|car/nissan/altima-sr|car/nissan/altima-sr-platinum
car,nissan,Nissan,ariya,Ariya,suv,ca|de|es|fi|gb|ie|lu|nl|nz|ua,eu|na|oc,4.0,,car/nissan/ariya-engage|car/nissan/ariya-evolve
car,nissan,Nissan,armada,Armada,hatchback|wagon,ca|nl|ua|us,eu|na,7.0,,car/nissan/pathfinder-armada
car,nissan,Nissan,avenir,Avenir,hatchback,nz|ua,eu|oc,6.0,,
car,nissan,Nissan,axxess,Axxess,hatchback,ca|us,na,,,
car,nissan,Nissan,be-1,Be-1,hatchback,my|nl,as|eu,10.0,,
car,nissan,Nissan,bluebird,Bluebird,sedan,fi|gb|nl|nz|ua,eu|oc,4.0,,
car,nissan,Nissan,bolero,Bolero,hatchback,fi|nz,eu|oc,9.0,,
car,nissan,Nissan,cedric,Cedric,sedan,fi|nl|nz|ua,eu|oc,6.0,,
car,nissan,Nissan,cefiro,Cefiro,hatchback,fi|my|nz|ua,as|eu|oc,6.0,,
car,nissan,Nissan,cherry,Cherry,sedan,gb|nl|ua,eu,8.0,,
car,nissan,Nissan,cima,Cima,sedan,fi|nl|nz,eu|oc,5.0,,
car,nissan,Nissan,cube,Cube,hatchback,ca|fi|gb|nl|nz|ua|us,eu|na|oc,3.0,,
car,nissan,Nissan,dualis,Dualis,hatchback,nz,oc,1.0,,
car,nissan,Nissan,elgrand,Elgrand,hatchback,es|fi|gb|my|nl|nz|ua,as|eu|oc,5.0,,
car,nissan,Nissan,fairlady,Fairlady,hatchback,gb|my|nz,as|eu|oc,5.0,,
car,nissan,Nissan,fairlady-z,Fairlady Z,coupe,fi|my|nl|th,as|eu,7.0,,
car,nissan,Nissan,figaro,Figaro,convertible,fi|my|nl|nz,as|eu|oc,5.0,,
car,nissan,Nissan,frontier,Frontier,hatchback|wagon,ca|my|nl|ua|us,as|eu|na,9.0,,car/nissan/frontier-v6
car,nissan,Nissan,fuga,Fuga,sedan,fi|nl|nz,eu|oc,5.0,,
car,nissan,Nissan,gloria,Gloria,sedan,fi|nl|nz|ua,eu|oc,6.0,,
car,nissan,Nissan,gt-r,GT-R,coupe,ca|es|fi|gb|lu|my|nl|nz|th|ua|us,as|eu|na|oc,5.0,,car/nissan/gt-r-nismo|car/nissan/gtr
car,nissan,Nissan,infiniti,Infiniti,hatchback|wagon,fi|gb|nl|nz,eu|oc,6.0,,
car,nissan,Nissan,juke,Juke,suv,ca|de|es|fi|gb|ie|lu|nl|nz|ua|us,eu|na|oc,2.0,,car/nissan/juke-nismo
car,nissan,Nissan,kicks,Kicks,hatchback|wagon,ca|my|nl|nz|th|ua|us,as|eu|na|oc,3.0,,car/nissan/kicks-play
car,nissan,Nissan,kubistar,Kubistar,hatchback,gb|ua,eu,4.0,,
car,nissan,Nissan,lafesta,Lafesta,hatchback,fi|nz,eu|oc,6.0,,
car,nissan,Nissan,langley,Langley,hatchback,nz|ua,eu|oc,8.0,,
car,nissan,Nissan,latio,Latio,hatchback,my|nz|ua,as|eu|oc,7.0,,
car,nissan,Nissan,laurel,Laurel,sedan,fi|gb|nl|nz|ua,eu|oc,6.0,,
car,nissan,Nissan,leaf,Leaf,hatchback,ca|de|es|fi|gb|ie|lu|my|nl|nz|th|ua|us,as|eu|na|oc,4.0,,car/nissan/leaf-24kwh|car/nissan/leaf-30-kwh|car/nissan/leaf-30kwh|car/nissan/leaf-40-kwh|car/nissan/leaf-s-plus|car/nissan/leaf-sv|car/nissan/leaf-sv-plus
car,nissan,Nissan,leopard,Leopard,hatchback,nz|ua,eu|oc,7.0,,
car,nissan,Nissan,march,March,hatchback,fi|gb|my|nz|th|ua,as|eu|oc,7.0,,
car,nissan,Nissan,maxima,Maxima,sedan,ca|fi|gb|lu|nl|nz|ua|us,eu|na|oc,4.0,,car/nissan/maxima-qx
car,nissan,Nissan,micra,Micra,hatchback,ca|de|es|fi|gb|ie|lu|nl|nz|ua,eu|na|oc,2.0,,
car,nissan,Nissan,mistral,Mistral,hatchback,fi|nz,eu|oc,6.0,,
car,nissan,Nissan,mitsuoka,Mitsuoka,sedan,nl|nz,eu|oc,8.0,,
car,nissan,Nissan,murano,Murano,hatchback|wagon,ca|es|fi|gb|lu|nl|nz|ua|us,eu|na|oc,4.0,,car/nissan/murano-sl
car,nissan,Nissan,navara,Navara,sedan,es|fi|gb|my|nl|nz|th|ua,as|eu|oc,5.0,,
car,nissan,Nissan,note,Note,hatchback,es|fi|gb|lu|nl|nz|th|ua,as|eu|oc,3.0,,
car,nissan,Nissan,nx,NX,hatchback,nz|us,na|oc,4.0,,
car,nissan,Nissan,pao,Pao,hatchback,my|nl|nz,as|eu|oc,6.0,,
car,nissan,Nissan,pathfinder,Pathfinder,hatchback,ca|es|fi|gb|lu|nl|nz|ua|us,eu|na|oc,3.0,,
car,nissan,Nissan,patrol,Patrol,hatchback|wagon,es|fi|gb|nl|nz|ua,eu|oc,4.0,Safari,car/nissan/patrol-k160
car,nissan,Nissan,patrol-gr,Patrol Gr,hatchback|wagon,es|fi|lu|nl|ua,eu,7.0,,
car,nissan,Nissan,pixo,Pixo,hatchback,fi|gb|lu|nl|ua,eu,4.0,,
car,nissan,Nissan,prairie,Prairie,hatchback|wagon,gb|nl|nz|ua,eu|oc,6.0,,
car,nissan,Nissan,presage,Presage,hatchback,nz,oc,1.0,,
car,nissan,Nissan,presea,Presea,hatchback,nz|ua,eu|oc,7.0,,
car,nissan,Nissan,president,President,sedan,fi|gb|nl|nz,eu|oc,7.0,,
car,nissan,Nissan,primastar,Primastar,hatchback,de|es|fi|gb|lu|nl|nz|ua,eu|oc,5.0,,
car,nissan,Nissan,primera,Primera,sedan,es|fi|gb|lu|nl|nz|ua,eu|oc,3.0,,
car,nissan,Nissan,pulsar,Pulsar,hatchback,es|fi|gb|lu|nl|nz|ua,eu|oc,3.0,,
car,nissan,Nissan,pulsar-nx,Pulsar NX,coupe,nl|us,eu|na,8.0,,
car,nissan,Nissan,qashqai,Qashqai,suv,ca|de|es|fi|gb|ie|lu|nl|nz|ua,eu|na|oc,1.0,,car/nissan/qashqai-2|car/nissan/qashqai-n-tec
car,nissan,Nissan,quest,Quest,hatchback|wagon,ca|nl|ua|us,eu|na,7.0,,
car,nissan,Nissan,rasheen,Rasheen,hatchback|wagon,nl|nz,eu|oc,7.0,,
car,nissan,Nissan,rogue,Rogue,hatchback|wagon,ca|es|fi|nl|nz|ua|us,eu|na|oc,5.0,,car/nissan/rogue-sl
car,nissan,Nissan,rogue-sport,Rogue Sport,hatchback,es|nl|ua|us,eu|na,6.0,,car/nissan/rogue-sport-sv
car,nissan,Nissan,s-cargo,S-Cargo,hatchback|wagon,nl|nz,eu|oc,7.0,,
car,nissan,Nissan,safari,Safari,hatchback,gb|nz|ua,eu|oc,7.0,,
car,nissan,Nissan,sakura,Sakura,hatchback,my|nz,as|oc,8.0,,
car,nissan,Nissan,sentra,Sentra,sedan,ar|ca|es|fi|nl|nz|ua|us,eu|na|oc|sa,5.0,,car/nissan/sentra-200sx|car/nissan/sentra-nismo|car/nissan/sentra-sl-sr|car/nissan/sentra-sr
car,nissan,Nissan,serena,Serena,hatchback,fi|gb|my|nl|nz|th|ua,as|eu|oc,4.0,,
car,nissan,Nissan,silvia,Silvia,coupe,fi|gb|nl|nz|ua,eu|oc,4.0,,
car,nissan,Nissan,skyline,Skyline,coupe,es|fi|gb|my|nl|nz|ua,as|eu|oc,4.0,,car/nissan/skyline-350-gt|car/nissan/skyline-350gt|car/nissan/skyline-370-gt|car/nissan/skyline-gt|car/nissan/skyline-gt-s|car/nissan/skyline-gt-t|car/nissan/skyline-r33
car,nissan,Nissan,skyline-gt-r,Skyline GT R,coupe,es|fi|my|nl,as|eu,7.0,,
car,nissan,Nissan,stagea,Stagea,hatchback|wagon,fi|gb|nl|nz,eu|oc,5.0,,
car,nissan,Nissan,stanza,Stanza,sedan,gb|nl|ua|us,eu|na,9.0,,
car,nissan,Nissan,sunny,Sunny,hatchback|wagon,fi|gb|lu|nl|nz|ua,eu|oc,4.0,,
car,nissan,Nissan,sylphy,Sylphy,hatchback,nz|ua,eu|oc,5.0,,
car,nissan,Nissan,teana,Teana,sedan,my|nl|nz|th|ua,as|eu|oc,5.0,,
car,nissan,Nissan,terra,Terra,hatchback,my|th|ua,as|eu,7.0,,
car,nissan,Nissan,terrano,Terrano,hatchback|wagon,es|fi|gb|lu|nl|nz|ua,eu|oc,4.0,,
car,nissan,Nissan,tiida,Tiida,hatchback,fi|lu|nl|nz|ua,eu|oc,3.0,,
car,nissan,Nissan,tino,Tino,hatchback,fi|nl|nz,eu|oc,7.0,,
car,nissan,Nissan,titan,Titan,hatchback,ca|nl|nz|ua|us,eu|na|oc,8.0,,
car,nissan,Nissan,truck,Truck,hatchback,ca|us,na,,,
car,nissan,Nissan,urvan,Urvan,hatchback,gb|nz|ua,eu|oc,8.0,,
car,nissan,Nissan,vanette,Vanette,hatchback|wagon,gb|nl|nz|ua,eu|oc,6.0,,car/nissan/c22|car/nissan/vanette-cargo
car,nissan,Nissan,versa,Versa,hatchback,ca|es|fi|nl|ua|us,eu|na,7.0,,
car,nissan,Nissan,versa-note,Versa Note,hatchback|wagon,nl|ua,eu,6.0,,
car,nissan,Nissan,wingroad,Wingroad,hatchback,nz|ua,eu|oc,5.0,,
car,nissan,Nissan,x-trail,X-Trail,suv,ar|ca|de|es|fi|gb|ie|lu|my|nl|nz|th|ua,as|eu|na|oc|sa,3.0,,car/nissan/x-trial|car/nissan/xtrail
car,nissan,Nissan,xterra,Xterra,hatchback,ca|fi|nl|nz|ua|us,eu|na|oc,9.0,,car/nissan/xterra-v6
car,nissan,Nissan,z,Z,coupe,ca|nl|nz|ua|us,eu|na|oc,6.0,Fairlady Z,car/nissan/z-nismo
car,nsu,NSU,1000,1000,coupe,gb|nl|nz,eu|oc,9.0,,
car,nsu,NSU,110,110,hatchback,fi|nl,eu,10.0,,
car,nsu,NSU,1200,1200,sedan,gb|nl,eu,7.0,,
car,nsu,NSU,prinz,Prinz,sedan,gb|nl|nz,eu|oc,8.0,,
car,nsu,NSU,prinz-1000,Prinz 1000,hatchback,nl|nz,eu|oc,10.0,,
car,nsu,NSU,prinz-4,Prinz 4,sedan,lu|nl,eu,6.0,,
car,nsu,NSU,r080,R080,hatchback,nl|nz,eu|oc,9.0,,
car,nsu,NSU,r080-wankel,R080 Wankel,hatchback,fi|nz,eu|oc,10.0,,
car,nsu,NSU,ro-80,Ro 80,sedan,fi|gb|lu|nl|nz,eu|oc,7.0,,car/nsu/ro80
car,nsu,NSU,spider,Spider,convertible,nl|nz,eu|oc,8.0,,
car,oakland,Oakland,34b,34B,sedan,nl|nz,eu|oc,10.0,,
car,oldsmobile,Oldsmobile,442,442,coupe,fi|nl|nz,eu|oc,5.0,,
car,oldsmobile,Oldsmobile,66,66,coupe,nl|nz,eu|oc,9.0,,
car,oldsmobile,Oldsmobile,88,88,sedan,fi|nl|nz,eu|oc,5.0,,
car,oldsmobile,Oldsmobile,98,98,sedan,fi|nl|nz,eu|oc,4.0,,
car,oldsmobile,Oldsmobile,98-regency,98 Regency,sedan,nl|nz,eu|oc,10.0,,
car,oldsmobile,Oldsmobile,achieva,Achieva,hatchback,ca|us,na,,,
car,oldsmobile,Oldsmobile,alero,Alero,hatchback,ca|us,na,,,
car,oldsmobile,Oldsmobile,aurora,Aurora,sedan,ca|nl|us,eu|na,10.0,,
car,oldsmobile,Oldsmobile,bravada,Bravada,hatchback|wagon,ca|fi|nl|nz|us,eu|na|oc,9.0,,
car,oldsmobile,Oldsmobile,business,Business,hatchback,fi|nl,eu,8.0,,
car,oldsmobile,Oldsmobile,ciera-sl,Ciera SL,hatchback,ca|us,na,,,
car,oldsmobile,Oldsmobile,ciera-sl-wagon,Ciera SL Wagon,hatchback,ca|us,na,,,
car,oldsmobile,Oldsmobile,club,Club,coupe,fi|nl,eu,10.0,,
car,oldsmobile,Oldsmobile,custom-cruiser,Custom Cruiser,hatchback|wagon,fi|nl|nz|us,eu|na|oc,6.0,,
car,oldsmobile,Oldsmobile,custom-cruiser-wagon,Custom Cruiser Wagon,hatchback,nl|us,eu|na,8.0,,
car,oldsmobile,Oldsmobile,cutlas,Cutlas,coupe,nl|nz,eu|oc,9.0,,
car,oldsmobile,Oldsmobile,cutlass,Cutlass,coupe,fi|nl|nz|us,eu|na|oc,3.0,,
car,oldsmobile,Oldsmobile,cutlass-4-4-2,Cutlass 4-4-2,coupe,fi|nl,eu,10.0,,
car,oldsmobile,Oldsmobile,cutlass-brougham,Cutlass Brougham,sedan,nl|nz,eu|oc,8.0,,
car,oldsmobile,Oldsmobile,cutlass-calais,Cutlass Calais,coupe,nl|us,eu|na,7.0,,
car,oldsmobile,Oldsmobile,cutlass-ciera,Cutlass Ciera,coupe,ca|nl|nz|us,eu|na|oc,10.0,,
car,oldsmobile,Oldsmobile,cutlass-cruiser,Cutlass Cruiser,hatchback|wagon,fi|nl|us,eu|na,9.0,,
car,oldsmobile,Oldsmobile,cutlass-cruiser-wagon,Cutlass Cruiser Wagon,hatchback,ca|us,na,,,
car,oldsmobile,Oldsmobile,cutlass-s,Cutlass S,coupe,fi|nl,eu,6.0,,
car,oldsmobile,Oldsmobile,cutlass-salon-brougham,Cutlass Salon Brougham,sedan,fi|nl,eu,8.0,,
car,oldsmobile,Oldsmobile,cutlass-supreme,Cutlass Supreme,coupe,ca|fi|nl|nz|us,eu|na|oc,6.0,,
car,oldsmobile,Oldsmobile,cutlass-supreme-brougham,Cutlass Supreme Brougham,coupe,fi|nl,eu,8.0,,
car,oldsmobile,Oldsmobile,delmont,Delmont,convertible,gb|nl|nz,eu|oc,10.0,,
car,oldsmobile,Oldsmobile,delmont-88,Delmont 88,coupe,fi|nl|nz,eu|oc,9.0,,
car,oldsmobile,Oldsmobile,delta,Delta,sedan,gb|nl|nz,eu|oc,8.0,,
car,oldsmobile,Oldsmobile,delta-88,Delta 88,sedan,fi|nl|nz|us,eu|na|oc,4.0,,
car,oldsmobile,Oldsmobile,delta-88-royale,Delta 88 Royale,sedan,fi|nl|nz|us,eu|na|oc,7.0,,
car,oldsmobile,Oldsmobile,delta-88-royale-brougham,Delta 88 Royale Brougham,sedan,fi|nl,eu,6.0,,
car,oldsmobile,Oldsmobile,delta-98,Delta 98,convertible,fi|nl,eu,9.0,,
car,oldsmobile,Oldsmobile,deluxe,Deluxe,hatchback,fi|nz,eu|oc,10.0,,
car,oldsmobile,Oldsmobile,dynamic-88,Dynamic 88,sedan,fi|nl|nz,eu|oc,6.0,,
car,oldsmobile,Oldsmobile,eighty-eight,Eighty-Eight,sedan,ca|nl|us,eu|na,6.0,,
car,oldsmobile,Oldsmobile,f35,F35,hatchback,nl|nz,eu|oc,10.0,,
car,oldsmobile,Oldsmobile,f37,F37,sedan,nl|nz,eu|oc,9.0,,
car,oldsmobile,Oldsmobile,f38,F38,hatchback,fi|nz,eu|oc,9.0,,
car,oldsmobile,Oldsmobile,f85,F85,coupe,gb|nl|nz,eu|oc,9.0,,
car,oldsmobile,Oldsmobile,holiday,Holiday,hatchback,fi|nl,eu,9.0,,
car,oldsmobile,Oldsmobile,intrigue,Intrigue,hatchback,ca|us,na,,,
car,oldsmobile,Oldsmobile,ninety-eight,Ninety-Eight,sedan,ca|fi|nl|nz|us,eu|na|oc,4.0,,
car,oldsmobile,Oldsmobile,ninety-eight-regency,Ninety Eight Regency,sedan,fi|nl|us,eu|na,8.0,,
car,oldsmobile,Oldsmobile,omega,Omega,sedan,lu|nl|nz|us,eu|na|oc,8.0,,
car,oldsmobile,Oldsmobile,regency,Regency,sedan,nl|nz,eu|oc,8.0,,
car,oldsmobile,Oldsmobile,rocket,Rocket,sedan,nl|nz,eu|oc,9.0,,
car,oldsmobile,Oldsmobile,rocket-88,Rocket 88,sedan,nl|nz,eu|oc,9.0,,
car,oldsmobile,Oldsmobile,runabout,Runabout,hatchback,fi|nz,eu|oc,9.0,,
car,oldsmobile,Oldsmobile,series-66,Series 66,coupe,nl|nz,eu|oc,10.0,,
car,oldsmobile,Oldsmobile,silhouette,Silhouette,hatchback|wagon,ca|nl|us,eu|na,8.0,,
car,oldsmobile,Oldsmobile,starfire,Starfire,coupe,fi|nl|nz,eu|oc,6.0,,
car,oldsmobile,Oldsmobile,starfire-98-holiday,Starfire 98 Holiday,coupe,fi|nl,eu,10.0,,
car,oldsmobile,Oldsmobile,super-88,Super 88,sedan,fi|nl|nz,eu|oc,5.0,,car/oldsmobile/super88
car,oldsmobile,Oldsmobile,super-88-holiday,Super 88 Holiday,sedan,fi|nl,eu,9.0,,
car,oldsmobile,Oldsmobile,tornado,Tornado,coupe,nl|nz,eu|oc,8.0,,
car,oldsmobile,Oldsmobile,toronado,Toronado,coupe,fi|gb|nl|nz|us,eu|na|oc,6.0,,
car,oldsmobile,Oldsmobile,vista-cruiser,Vista Cruiser,hatchback|wagon,fi|nl|nz,eu|oc,8.0,,
car,omoda,Omoda,omoda-5,Omoda 5,hatchback,de|es|gb|lu|nl|nz|th,as|eu|oc,3.0,,car/omoda/5-comfort-auto|car/omoda/5-knight-auto|car/omoda/5-noble-auto|car/omoda/c5|car/omoda/c5-ev-long-range-max|car/omoda/omoda5|car/omoda/omoda5-ev|car/omoda/omoda5-hev
car,omoda,Omoda,omoda-7,Omoda 7,hatchback,es|gb,eu,4.0,,car/omoda/omoda7
car,omoda,Omoda,omoda-9,Omoda 9,hatchback,de|es|gb|lu|nl,eu,4.0,,car/omoda/9-noble|car/omoda/omoda9
car,omoda,Omoda,omoda-e5,Omoda E5,hatchback,gb,eu,3.0,,car/omoda/e5-comfort
car,opel,Opel,adam,Adam,hatchback,es|fi|lu|nl|ua,eu,4.0,,
car,opel,Opel,admiral,Admiral,sedan,fi|nl,eu,5.0,,
car,opel,Opel,agila,Agila,hatchback|wagon,es|fi|gb|lu|nl|ua,eu,5.0,,
car,opel,Opel,ampera,Ampera,hatchback,es|fi|nl|ua,eu,4.0,,
car,opel,Opel,ampera-e,Ampera-e,hatchback,es|fi|nl|ua,eu,4.0,,car/opel/ampera-ev
car,opel,Opel,antara,Antara,suv,es|fi|lu|nl|ua,eu,3.0,,
car,opel,Opel,ascona,Ascona,sedan,es|fi|gb|lu|nl|nz|ua,eu|oc,6.0,,car/opel/ascona-400|car/opel/ascona-b
car,opel,Opel,astra,Astra,hatchback|wagon,de|es|fi|gb|ie|lu|nl|nz|ua,eu|oc,3.0,,car/opel/astra-cabrio|car/opel/astra-cabrio-gl|car/opel/astra-cabriolet|car/opel/astra-coupe|car/opel/astra-f|car/opel/astra-g|car/opel/astra-g-cc|car/opel/astra-notchback|car/opel/astra-sedan|car/opel/astra-sport|car/opel/astra-twintop
car,opel,Opel,calibra,Calibra,coupe,fi|lu|nl|nz|ua,eu|oc,5.0,,car/opel/calibra-a
car,opel,Opel,cascada,Cascada,convertible,es|fi|lu|nl,eu,4.0,,
car,opel,Opel,city,City,hatchback,gb|nl,eu,6.0,,
car,opel,Opel,commodore,Commodore,sedan,fi|gb|nl|nz,eu|oc,7.0,,
car,opel,Opel,corsa,Corsa,hatchback,de|es|fi|gb|ie|lu|nl|nz|ua,eu|oc,2.0,,car/opel/corsa-1|car/opel/corsa-1-2s|car/opel/corsa-c|car/opel/corsa-e|car/opel/corsa-edition-1-2t-xhl|car/opel/corsa-gs-1-2t-xhl-hybr|car/opel/corsa-gs-1-2t-xhl-mt6
car,opel,Opel,crossland,Crossland,suv,es|fi|ie|lu|nl|ua,eu,3.0,,
car,opel,Opel,diplomat,Diplomat,sedan,fi|gb|nl|ua,eu,7.0,,car/opel/diplomat-b
car,opel,Opel,frontera,Frontera,suv,de|es|fi|ie|lu|nl|ua,eu,3.0,,car/opel/frontera-b
car,opel,Opel,grandland,Grandland,suv,de|es|fi|ie|lu|nl|nz|ua,eu|oc,3.0,,
car,opel,Opel,gt,GT,roadster,fi|gb|lu|nl|nz,eu|oc,6.0,,
car,opel,Opel,insignia,Insignia,sedan|wagon,de|es|fi|gb|lu|nl|nz|ua,eu|oc,4.0,,car/opel/insigna|car/opel/insignia-opc|car/opel/insignia-sport
car,opel,Opel,kadett,Kadett,hatchback,es|fi|gb|lu|nl|nz|ua,eu|oc,5.0,,car/opel/kadet|car/opel/kadett-a|car/opel/kadett-b|car/opel/kadett-c|car/opel/kadett-coupe|car/opel/kadett-d|car/opel/kadett-e|car/opel/kadett-gsi
car,opel,Opel,kapitan,Kapitan,sedan,gb|nl|nz,eu|oc,8.0,,
car,opel,Opel,karl,Karl,hatchback,es|fi|lu|nl|ua,eu,4.0,,
car,opel,Opel,manta,Manta,coupe,fi|gb|lu|nl|nz|ua,eu|oc,5.0,,car/opel/manta-200|car/opel/manta-400|car/opel/manta-gsi|car/opel/manta-gt-e
car,opel,Opel,meriva,Meriva,mpv,es|fi|lu|nl|nz|ua,eu|oc,3.0,,car/opel/meriva-a
car,opel,Opel,mokka,Mokka,suv,de|es|fi|ie|lu|nl|nz|ua,eu|oc,2.0,,
car,opel,Opel,mokka-electric,Mokka Electric,hatchback,fi|ua,eu,8.0,,
car,opel,Opel,monterey,Monterey,hatchback|wagon,fi|nl|nz|ua,eu|oc,7.0,,
car,opel,Opel,monza,Monza,coupe,fi|gb|nl|nz,eu|oc,6.0,,car/opel/monza-gse
car,opel,Opel,olympia,Olympia,sedan,fi|gb|nl,eu,6.0,,
car,opel,Opel,omega,Omega,sedan|wagon,fi|gb|lu|nl|nz|ua,eu|oc,5.0,,car/opel/omega-caravan|car/opel/omega-gl
car,opel,Opel,rekord,Rekord,sedan|wagon,fi|gb|nl|nz|ua,eu|oc,5.0,,car/opel/olympia-record|car/opel/olympia-rekord|car/opel/olympia-rekord-1700|car/opel/olympia-rekord-r3|car/opel/record|car/opel/rekord-c|car/opel/rekord-d|car/opel/rekord-olympia
car,opel,Opel,roadster,Roadster,convertible,nl|nz,eu|oc,9.0,,
car,opel,Opel,senator,Senator,sedan,fi|gb|nl|nz|ua,eu|oc,6.0,,
car,opel,Opel,signum,Signum,hatchback,fi|lu|nl|nz|ua,eu|oc,4.0,,car/opel/vectra-signum
car,opel,Opel,sintra,Sintra,hatchback,fi|nl|ua,eu,6.0,,
car,opel,Opel,speedster,Speedster,convertible,es|fi|gb|nl|nz,eu|oc,8.0,,car/opel/speedster-turbo
car,opel,Opel,tigra,Tigra,coupe,es|fi|lu|nl|nz|ua,eu|oc,5.0,,
car,opel,Opel,vectra,Vectra,sedan|wagon,es|fi|gb|lu|nl|nz|ua,eu|oc,4.0,,car/opel/vectra-2000|car/opel/vectra-caravan|car/opel/vectra-cc|car/opel/vectra-gl|car/opel/vectra-gls|car/opel/vectra-gt|car/opel/vectra-lim|car/opel/vectra-station-wagon|car/opel/vectra-sw
car,opel,Opel,zafira,Zafira,mpv,es|fi|gb|lu|nl|nz|ua,eu|oc,3.0,,car/opel/zafira-1
car,opel,Opel,zafira-life,Zafira Life,hatchback,de|es|fi|lu|nl|ua,eu,5.0,,
car,ora,Ora,good-cat,Good Cat,hatchback,th|ua,as|eu,5.0,,
car,packard,Packard,110,110,coupe,nl|nz,eu|oc,7.0,,
car,packard,Packard,120,120,convertible,nl|nz,eu|oc,6.0,,
car,packard,Packard,250,250,convertible,fi|nl|nz,eu|oc,9.0,,
car,packard,Packard,400,400,hatchback,fi|nz,eu|oc,9.0,,
car,packard,Packard,526,526,hatchback,nl|nz,eu|oc,9.0,,
car,packard,Packard,626,626,sedan,nl|nz,eu|oc,10.0,,
car,packard,Packard,640,640,convertible,fi|nl|nz,eu|oc,9.0,,
car,packard,Packard,733,733,convertible,fi|nl,eu,9.0,,
car,packard,Packard,caribbean,Caribbean,convertible,fi|nl|nz,eu|oc,9.0,,
car,packard,Packard,clipper,Clipper,sedan,fi|nl|nz,eu|oc,6.0,,
car,packard,Packard,clipper-super,Clipper Super,sedan,fi|nl,eu,10.0,,
car,packard,Packard,custom-eight,Custom Eight,sedan,fi|nl|nz,eu|oc,7.0,,
car,packard,Packard,mayfair,Mayfair,convertible,fi|nl,eu,10.0,,
car,packard,Packard,patrician,Patrician,sedan,fi|nl,eu,8.0,,
car,packard,Packard,super-8,Super 8,hatchback,nl|nz,eu|oc,10.0,,
car,packard,Packard,super-clipper,Super Clipper,sedan,fi|nl,eu,10.0,,
car,packard,Packard,super-eight,Super Eight,convertible,fi|nl|nz,eu|oc,9.0,,
car,packard,Packard,touring,Touring,hatchback,fi|nl|nz,eu|oc,9.0,,
car,packard,Packard,twelve,Twelve,convertible,nl|nz,eu|oc,8.0,,
car,packard,Packard,twin-six,Twin Six,convertible,nl|nz,eu|oc,8.0,,
car,pagani,Pagani,huayra,Huayra,hatchback,nz|us,na|oc,10.0,,
car,panhard,Panhard,24bt,24BT,sedan,es|nl,eu,9.0,,
car,panhard,Panhard,dyna,Dyna,sedan,fi|nl,eu,8.0,,
car,panhard,Panhard,pl17,PL17,sedan,fi|nl,eu,6.0,,car/panhard/pl-17
car,panhard,Panhard,pl17-tigre,PL17 Tigre,sedan,fi|nl,eu,10.0,,
car,panther,Panther,kallista,Kallista,convertible,gb|nl|nz,eu|oc,8.0,,
car,panther,Panther,kallista-1-6l,Kallista 1.6L,convertible,fi|nl|nz,eu|oc,9.0,,
car,panther,Panther,kallista-2-8l,Kallista 2.8L,convertible,nl|nz,eu|oc,8.0,,
car,panther,Panther,lima,Lima,convertible,nl|nz,eu|oc,8.0,,
car,perodua,Perodua,alza,Alza,hatchback,my,as,1.0,,
car,perodua,Perodua,aruz,Aruz,hatchback,my,as,1.0,,
car,perodua,Perodua,ativa,Ativa,hatchback,my,as,1.0,,
car,perodua,Perodua,axia,Axia,hatchback,my,as,1.0,,
car,perodua,Perodua,bezza,Bezza,hatchback,my,as,1.0,,
car,perodua,Perodua,myvi,Myvi,hatchback,gb|my,as|eu,3.0,,
car,perodua,Perodua,traz,Traz,hatchback,my,as,1.0,,
car,peugeot,Peugeot,1007,1007,hatchback,es|fi|gb|lu|nl|nz|ua,eu|oc,5.0,,
car,peugeot,Peugeot,104,104,hatchback,fi|gb|nl,eu,8.0,,car/peugeot/104-sr
car,peugeot,Peugeot,106,106,hatchback,es|fi|gb|lu|nl|nz|ua,eu|oc,4.0,,car/peugeot/106-xr
car,peugeot,Peugeot,107,107,hatchback,es|fi|gb|lu|nl|nz|ua,eu|oc,3.0,,car/peugeot/107-1-0i
car,peugeot,Peugeot,108,108,hatchback,es|fi|gb|lu|nl|nz|ua,eu|oc,4.0,,
car,peugeot,Peugeot,2008,2008,suv,de|es|fi|gb|ie|lu|my|nl|nz|ua,as|eu|oc,2.0,,car/peugeot/2008-allure|car/peugeot/2008-allure-turbo-100
car,peugeot,Peugeot,2008-gt-premium-ev,2008 GT Premium EV,hatchback,gb,eu,4.0,,
car,peugeot,Peugeot,201,201,sedan,lu|nl,eu,7.0,,
car,peugeot,Peugeot,202,202,sedan,fi|nl|nz,eu|oc,8.0,,
car,peugeot,Peugeot,203,203,sedan,fi|nl|nz,eu|oc,5.0,,car/peugeot/203-a|car/peugeot/203c
car,peugeot,Peugeot,204,204,sedan,es|fi|gb|lu|nl|nz,eu|oc,8.0,,
car,peugeot,Peugeot,205,205,hatchback,es|fi|gb|lu|nl|nz|ua,eu|oc,4.0,,car/peugeot/205-cj|car/peugeot/205-cj-roland-garros|car/peugeot/205-cti|car/peugeot/205-cti-1|car/peugeot/205-gl|car/peugeot/205-gr|car/peugeot/205-gt|car/peugeot/205-rallye|car/peugeot/205-xe|car/peugeot/205gr
car,peugeot,Peugeot,206,206,hatchback,es|fi|gb|lu|nl|nz|ua,eu|oc,2.0,,car/peugeot/206-1-4i|car/peugeot/206-cc|car/peugeot/206-xr|car/peugeot/206cc
car,peugeot,Peugeot,207,207,hatchback,es|fi|gb|lu|nl|nz|ua,eu|oc,2.0,,car/peugeot/207-sw
car,peugeot,Peugeot,208,208,hatchback,de|es|fi|gb|ie|lu|nl|nz|ua,eu|oc,2.0,,car/peugeot/208-5p-allure|car/peugeot/208-5p-allure-turbo-10|car/peugeot/208-5p-style|car/peugeot/208-allure|car/peugeot/208-gt-premium-auto
car,peugeot,Peugeot,222,222,hatchback,nl|ua,eu,9.0,,
car,peugeot,Peugeot,230l,230L,hatchback,nl|ua,eu,7.0,,
car,peugeot,Peugeot,3008,3008,suv,de|es|fi|gb|ie|lu|my|nl|nz|ua,as|eu|oc,2.0,,car/peugeot/3008-allure|car/peugeot/3008-gt
car,peugeot,Peugeot,301,301,sedan,es|fi|lu|nl|ua,eu,6.0,,car/peugeot/301-d
car,peugeot,Peugeot,302,302,sedan,nl|nz,eu|oc,8.0,,
car,peugeot,Peugeot,304,304,convertible,fi|gb|nl|nz,eu|oc,6.0,,
car,peugeot,Peugeot,305,305,sedan|wagon,fi|gb|nl|nz|ua,eu|oc,6.0,,car/peugeot/305-grd|car/peugeot/305-sr|car/peugeot/305sr
car,peugeot,Peugeot,306,306,hatchback,fi|gb|lu|nl|nz|ua,eu|oc,3.0,,
car,peugeot,Peugeot,307,307,hatchback|wagon,es|fi|gb|lu|nl|nz|ua,eu|oc,2.0,,car/peugeot/307-1-6i|car/peugeot/307-2-0i|car/peugeot/307-cc|car/peugeot/307-sw|car/peugeot/307-xt-1|car/peugeot/307cc|car/peugeot/307sw
car,peugeot,Peugeot,308,308,hatchback,de|es|fi|gb|ie|lu|nl|nz|ua,eu|oc,2.0,,car/peugeot/308-1-2i-stt|car/peugeot/308-1-6i|car/peugeot/308-cc|car/peugeot/308-gt|car/peugeot/308-sw|car/peugeot/308-sw-style
car,peugeot,Peugeot,309,309,hatchback,fi|gb|lu|nl|nz|ua,eu|oc,5.0,,car/peugeot/309-gl-profil|car/peugeot/309-gr|car/peugeot/309-sr
car,peugeot,Peugeot,4007,4007,hatchback,es|fi|gb|lu|nl|nz|ua,eu|oc,4.0,,
car,peugeot,Peugeot,4008,4008,hatchback,es|fi|nl|nz|ua,eu|oc,5.0,,
car,peugeot,Peugeot,403,403,sedan,fi|gb|nl|nz,eu|oc,5.0,,car/peugeot/403-b5|car/peugeot/403b|car/peugeot/403u5
car,peugeot,Peugeot,404,404,sedan,es|fi|gb|lu|nl|nz,eu|oc,6.0,,car/peugeot/404c
car,peugeot,Peugeot,405,405,sedan,fi|gb|lu|nl|nz|ua|us,eu|na|oc,5.0,,car/peugeot/405-gr|car/peugeot/405-mi-16|car/peugeot/405-mi16|car/peugeot/405-srdt|car/peugeot/405-sri|car/peugeot/405sri
car,peugeot,Peugeot,406,406,sedan|wagon,es|fi|gb|lu|nl|nz|ua,eu|oc,3.0,,
car,peugeot,Peugeot,407,407,sedan|wagon,es|fi|gb|lu|nl|nz|ua,eu|oc,3.0,,
car,peugeot,Peugeot,408,408,hatchback,de|fi|gb|ie|lu|my|nl|nz|ua,as|eu|oc,3.0,,
car,peugeot,Peugeot,5008,5008,suv,de|es|fi|gb|ie|lu|my|nl|nz|ua,as|eu|oc,2.0,,car/peugeot/5008-gt
car,peugeot,Peugeot,504,504,convertible,fi|gb|lu|nl|nz|ua,eu|oc,6.0,,car/peugeot/504-gl|car/peugeot/504-ti|car/peugeot/504d|car/peugeot/504gl|car/peugeot/504ti
car,peugeot,Peugeot,505,505,sedan,fi|gb|lu|nl|nz|ua|us,eu|na|oc,6.0,,car/peugeot/505-gr|car/peugeot/505-gr-family|car/peugeot/505-v6|car/peugeot/505gr|car/peugeot/505v6
car,peugeot,Peugeot,508,508,hatchback|wagon,de|es|fi|gb|ie|lu|nl|nz|ua,eu|oc,4.0,,car/peugeot/508-rxh|car/peugeot/508-sw
car,peugeot,Peugeot,604,604,sedan,fi|gb|nl|nz|us,eu|na|oc,6.0,,car/peugeot/604-d-turbo|car/peugeot/604-sl|car/peugeot/604-sti
car,peugeot,Peugeot,605,605,sedan,fi|gb|nl|nz|ua,eu|oc,5.0,,car/peugeot/605-sld
car,peugeot,Peugeot,607,607,sedan,es|fi|gb|lu|nl|nz|ua,eu|oc,5.0,,
car,peugeot,Peugeot,806,806,hatchback,es|gb|nl|nz|ua,eu|oc,7.0,,
car,peugeot,Peugeot,807,807,hatchback,es|fi|gb|lu|nl|nz|ua,eu|oc,4.0,,
car,peugeot,Peugeot,bipper,Bipper,hatchback,es|gb|lu|nl|ua,eu,5.0,,
car,peugeot,Peugeot,e-2008,E-2008,hatchback,es|fi|nz,eu|oc,8.0,,
car,peugeot,Peugeot,e-208,E-208,hatchback,nl|nz|ua,eu|oc,5.0,,
car,peugeot,Peugeot,e-5008,E-5008,hatchback,gb,eu,3.0,,car/peugeot/e-5008-allure
car,peugeot,Peugeot,horizon,Horizon,hatchback,gb,eu,3.0,,
car,peugeot,Peugeot,independence,Independence,hatchback,gb,eu,5.0,,
car,peugeot,Peugeot,ion,Ion,hatchback,fi|gb|lu|nl|nz|ua,eu|oc,6.0,,
car,peugeot,Peugeot,j5,J5,hatchback,de|es|fi|nl|ua,eu,7.0,,car/peugeot/280|car/peugeot/280l|car/peugeot/290|car/peugeot/290-g-52-8-kampeerauto
car,peugeot,Peugeot,landtrek,Landtrek,hatchback,my|ua,as|eu,6.0,,
car,peugeot,Peugeot,ranch,Ranch,hatchback|wagon,fi|nl,eu,6.0,,
car,peugeot,Peugeot,rcz,RCZ,coupe,ar|es|fi|gb|lu|nl|nz|ua,eu|oc|sa,5.0,,
car,peugeot,Peugeot,traveller,Traveller,hatchback,fi|gb|lu|nl|ua,eu,4.0,,
car,pgo,PGO,cevennes,Cevennes,convertible,lu|nl,eu,10.0,,
car,piaggio,Piaggio,ape,Ape,hatchback,gb|nz,eu|oc,9.0,,
car,pininfarina,Pininfarina,spider,Spider,convertible,nl|us,eu|na,10.0,,
car,plymouth,Plymouth,acclaim,Acclaim,hatchback,ca|us,na,,,
car,plymouth,Plymouth,baracuda,Baracuda,hatchback,nl|nz,eu|oc,10.0,,
car,plymouth,Plymouth,barracuda,Barracuda,coupe,fi|lu|nl|nz,eu|oc,5.0,,
car,plymouth,Plymouth,barracuda-formula-s,Barracuda Formula S,coupe,fi|nl,eu,9.0,,
car,plymouth,Plymouth,barracuda-gran,Barracuda Gran,hatchback,fi|nl,eu,8.0,,
car,plymouth,Plymouth,barracuda-notchback,Barracuda Notchback,hatchback,fi|nl,eu,9.0,,
car,plymouth,Plymouth,belvedere,Belvedere,sedan,fi|nl|nz,eu|oc,4.0,,
car,plymouth,Plymouth,belverdere,Belverdere,coupe,nl|nz,eu|oc,9.0,,
car,plymouth,Plymouth,breeze,Breeze,hatchback,ca|fi|ua|us,eu|na,9.0,,
car,plymouth,Plymouth,business,Business,coupe,fi|nl|nz,eu|oc,8.0,,
car,plymouth,Plymouth,colt,Colt,hatchback,ca|us,na,,,
car,plymouth,Plymouth,cranbrook,Cranbrook,sedan,nl|nz,eu|oc,6.0,,
car,plymouth,Plymouth,cuda,Cuda,coupe,fi|nl|nz,eu|oc,4.0,,
car,plymouth,Plymouth,custom-suburban,Custom Suburban,hatchback|wagon,fi|nl,eu,9.0,,
car,plymouth,Plymouth,de-luxe,De Luxe,convertible,nl|nz,eu|oc,8.0,,
car,plymouth,Plymouth,duster,Duster,suv,fi|nl|nz,eu|oc,5.0,,
car,plymouth,Plymouth,duster-340,Duster 340,coupe,fi|nl,eu,10.0,,
car,plymouth,Plymouth,fury,Fury,sedan,fi|nl|nz,eu|oc,3.0,,
car,plymouth,Plymouth,fury-2,Fury 2,hatchback,fi|nz,eu|oc,10.0,,
car,plymouth,Plymouth,fury-3,Fury 3,sedan,fi|nl|nz,eu|oc,9.0,,
car,plymouth,Plymouth,fury-gran,Fury Gran,hatchback,fi|nl,eu,7.0,,
car,plymouth,Plymouth,fury-vip,Fury Vip,coupe,fi|nl,eu,9.0,,
car,plymouth,Plymouth,gran-fury,Gran Fury,sedan,nl|us,eu|na,10.0,,
car,plymouth,Plymouth,grand-voyager,Grand Voyager,mpv,ca|nl,eu|na,8.0,,
car,plymouth,Plymouth,gtx,Gtx,coupe,fi|nl|nz,eu|oc,5.0,,
car,plymouth,Plymouth,horizon,Horizon,hatchback,nl|us,eu|na,8.0,,
car,plymouth,Plymouth,laser,Laser,hatchback,nl|ua|us,eu|na,9.0,,
car,plymouth,Plymouth,neon,Neon,hatchback,ca|fi|ua|us,eu|na,8.0,,
car,plymouth,Plymouth,p15,P15,coupe,nl|nz,eu|oc,10.0,,
car,plymouth,Plymouth,p7,P7,hatchback,fi|nz,eu|oc,8.0,,
car,plymouth,Plymouth,p8,P8,coupe,nl|nz,eu|oc,10.0,,
car,plymouth,Plymouth,pf,Pf,hatchback,nl|nz,eu|oc,9.0,,
car,plymouth,Plymouth,pj,Pj,convertible,nl|nz,eu|oc,10.0,,
car,plymouth,Plymouth,plaza,Plaza,hatchback|wagon,nl|nz,eu|oc,8.0,,
car,plymouth,Plymouth,prowler,Prowler,convertible,ca|fi|gb|lu|nl|nz|us,eu|na|oc,8.0,,
car,plymouth,Plymouth,road-runner,Road Runner,coupe,es|fi|nl|nz,eu|oc,5.0,,car/plymouth/roadrunner
car,plymouth,Plymouth,satelite,Satelite,coupe,fi|nl|nz,eu|oc,7.0,,
car,plymouth,Plymouth,satellite,Satellite,coupe,fi|nl|nz,eu|oc,4.0,,
car,plymouth,Plymouth,satellite-sebring-plus,Satellite Sebring Plus,coupe,fi|nl,eu,8.0,,
car,plymouth,Plymouth,savoy,Savoy,sedan,fi|nl|nz,eu|oc,6.0,,
car,plymouth,Plymouth,scamp,Scamp,sedan,fi|nl|nz,eu|oc,8.0,,
car,plymouth,Plymouth,special-de-luxe,Special De Luxe,sedan,fi|nl|nz,eu|oc,6.0,,car/plymouth/special-deluxe
car,plymouth,Plymouth,sport-fury,Sport Fury,convertible,fi|nl|nz,eu|oc,5.0,,
car,plymouth,Plymouth,suburban,Suburban,hatchback,nl|nz,eu|oc,8.0,,
car,plymouth,Plymouth,trail-duster,Trail Duster,hatchback|wagon,nl|nz,eu|oc,9.0,,
car,plymouth,Plymouth,u,U,hatchback,nl|nz,eu|oc,9.0,,
car,plymouth,Plymouth,valiant,Valiant,sedan,fi|nl|nz,eu|oc,5.0,,
car,plymouth,Plymouth,valiant-100,Valiant 100,sedan,fi|nl,eu,8.0,,
car,plymouth,Plymouth,valiant-duster,Valiant Duster,coupe,fi|nl,eu,6.0,,
car,plymouth,Plymouth,valiant-scamp,Valiant Scamp,sedan,fi|nl,eu,8.0,,
car,plymouth,Plymouth,valiant-signet,Valiant Signet,convertible,fi|nl,eu,6.0,,
car,plymouth,Plymouth,volare,Volare,sedan,fi|nl|nz,eu|oc,8.0,,
car,plymouth,Plymouth,voyager,Voyager,hatchback,ca|fi|nl|ua,eu|na,8.0,,
car,polaris,Polaris,rzr-pro-r,Rzr Pro R,hatchback,ar|es,eu|sa,7.0,,
car,polestar,Polestar,polestar-2,Polestar 2,sedan,ca|de|es|fi|gb|ie|lu|my|nl|nz|ua|us,as|eu|na|oc,4.0,,car/polestar/2-bst-edition|car/polestar/2-dual-motor|car/polestar/2-dual-motor-performance-pack|car/polestar/2-single-motor
car,polestar,Polestar,polestar-3,Polestar 3,hatchback|wagon,ca|de|es|fi|gb|lu|nl|nz|ua|us,eu|na|oc,5.0,,car/polestar/3-long-range-dual-motor-performance-pack
car,polestar,Polestar,polestar-4,Polestar 4,hatchback,ca|de|es|fi|gb|ie|lu|nl|nz|ua|us,eu|na|oc,3.0,,car/polestar/4-long-range-dual-motor|car/polestar/4-long-range-dual-motor-performance|car/polestar/4-long-range-single-motor
car,polski-fiat,Polski-Fiat,126p,126P,hatchback,fi|nl,eu,6.0,,
car,pontiac,Pontiac,6000,6000,hatchback,nl|ua|us,eu|na,9.0,,
car,pontiac,Pontiac,acadian,Acadian,hatchback,gb|nz,eu|oc,9.0,,
car,pontiac,Pontiac,astre,Astre,hatchback,nl|nz,eu|oc,9.0,,
car,pontiac,Pontiac,aztek,Aztek,hatchback,ca|us,na,,,
car,pontiac,Pontiac,beaumont,Beaumont,coupe,nl|nz,eu|oc,8.0,,
car,pontiac,Pontiac,bonneville,Bonneville,sedan,ca|fi|gb|nl|nz|ua|us,eu|na|oc,5.0,,car/pontiac/bonnevile|car/pontiac/bonville
car,pontiac,Pontiac,catalina,Catalina,sedan,fi|gb|nl|nz,eu|oc,5.0,,car/pontiac/catalina-400|car/pontiac/catalina-safari
car,pontiac,Pontiac,chief,Chief,hatchback,nl|nz,eu|oc,9.0,,
car,pontiac,Pontiac,chieftain,Chieftain,sedan,fi|nl|nz,eu|oc,5.0,,
car,pontiac,Pontiac,executive,Executive,coupe,gb|nl|nz,eu|oc,8.0,,
car,pontiac,Pontiac,fiero,Fiero,coupe,es|fi|nl|nz|us,eu|na|oc,5.0,,car/pontiac/fiero-2m4|car/pontiac/fiero-gt|car/pontiac/fiero-se
car,pontiac,Pontiac,fire-bird,Fire Bird,coupe,ca|fi|gb|lu|nl|nz|ua|us,eu|na|oc,4.0,,car/pontiac/firebird|car/pontiac/firebird-350|car/pontiac/firebird-400|car/pontiac/firebird-esprit|car/pontiac/firebird-formula|car/pontiac/firebird-formula-350|car/pontiac/firebird-se|car/pontiac/firebird-sport|car/pontiac/firebird-trans-am|car/pontiac/firebird-transam|car/pontiac/firebird-transam-gta|car/pontiac/formula|car/pontiac/trans-am|car/pontiac/trans-am-firebird|car/pontiac/trans-am-gta|car/pontiac/transam
car,pontiac,Pontiac,firefly,Firefly,hatchback,ca|us,na,,,
car,pontiac,Pontiac,g3,G3,hatchback,ca|us,na,,,car/pontiac/g3-wave|car/pontiac/g3-wave-5
car,pontiac,Pontiac,g5,G5,hatchback,ca|us,na,,,car/pontiac/g5-xfe
car,pontiac,Pontiac,g6,G6,suv,ca|fi|nl|nz|us,eu|na|oc,8.0,,
car,pontiac,Pontiac,g8,G8,sedan,ca|fi|nl|us,eu|na,10.0,,
car,pontiac,Pontiac,grand-am,Grand Am,sedan,ca|fi|nl|nz|ua|us,eu|na|oc,8.0,,car/pontiac/grand-am-se
car,pontiac,Pontiac,grand-prix,Grand Prix,sedan,ca|fi|nl|nz|us,eu|na|oc,4.0,,car/pontiac/grand-prix-gtp|car/pontiac/grand-prix-sj
car,pontiac,Pontiac,grand-safari,Grand Safari,hatchback|wagon,nl|nz,eu|oc,8.0,,car/pontiac/grandsafari
car,pontiac,Pontiac,grand-ville,Grand Ville,convertible,fi|my|nl|nz,as|eu|oc,6.0,,car/pontiac/grand-ville-brougham|car/pontiac/grande-ville|car/pontiac/grandville
car,pontiac,Pontiac,gto,Gto,coupe,fi|lu|nl|nz|us,eu|na|oc,5.0,,car/pontiac/gto-judge|car/pontiac/le-mans-gto
car,pontiac,Pontiac,laurentian,Laurentian,sedan|wagon,nl|nz,eu|oc,5.0,,
car,pontiac,Pontiac,le-mans,Le Mans,coupe,fi|nl|nz|us,eu|na|oc,3.0,,car/pontiac/lemans
car,pontiac,Pontiac,montana,Montana,hatchback,ca|fi|nl|us,eu|na,10.0,,car/pontiac/montana-sv6
car,pontiac,Pontiac,parisienne,Parisienne,sedan|wagon,fi|nl|nz|us,eu|na|oc,5.0,,car/pontiac/parissienne
car,pontiac,Pontiac,phoenix,Phoenix,sedan,nl|us,eu|na,5.0,,
car,pontiac,Pontiac,safari,Safari,hatchback|wagon,nl|nz|us,eu|na|oc,7.0,,car/pontiac/safari-wagon
car,pontiac,Pontiac,silver-streak,Silver Streak,sedan,fi|nl|nz,eu|oc,6.0,,car/pontiac/silverstreak
car,pontiac,Pontiac,six,Six,hatchback,fi|nl|nz,eu|oc,9.0,,
car,pontiac,Pontiac,solstice,Solstice,convertible,ca|fi|nl|nz|ua|us,eu|na|oc,7.0,,
car,pontiac,Pontiac,star-chief,Star Chief,sedan,fi|nl|nz,eu|oc,5.0,,car/pontiac/starchief
car,pontiac,Pontiac,strato-chief,Strato Chief,hatchback,nl|nz,eu|oc,9.0,,
car,pontiac,Pontiac,streamliner,Streamliner,coupe,fi|nl|nz,eu|oc,8.0,,
car,pontiac,Pontiac,sunbird,Sunbird,convertible,nl|us,eu|na,4.0,,
car,pontiac,Pontiac,sunfire,Sunfire,coupe,ca|nl|us,eu|na,8.0,,
car,pontiac,Pontiac,super-chief,Super Chief,hatchback,fi|nl|nz,eu|oc,9.0,,
car,pontiac,Pontiac,tempest,Tempest,coupe,fi|gb|nl|nz,eu|oc,6.0,,
car,pontiac,Pontiac,tempest-le-mans,Tempest Le Mans,coupe,fi|nl,eu,6.0,,car/pontiac/tempest-lemans
car,pontiac,Pontiac,torpedo,Torpedo,sedan,fi|nl|nz,eu|oc,10.0,,
car,pontiac,Pontiac,torrent,Torrent,hatchback|wagon,ca|nl|us,eu|na,8.0,,
car,pontiac,Pontiac,trans-sport,Trans Sport,hatchback|wagon,ca|fi|nl|ua,eu|na,6.0,,
car,pontiac,Pontiac,ventura,Ventura,coupe,fi|nl|nz,eu|oc,6.0,,
car,pontiac,Pontiac,vibe,Vibe,hatchback|wagon,ca|es|fi|nl|ua|us,eu|na,9.0,,car/pontiac/vibe-gt
car,pontiac,Pontiac,wave,Wave,hatchback,ca|us,na,,,car/pontiac/wave-5
car,porsche,Porsche,356,356,coupe,es|fi|lu|nl|nz,eu|oc,6.0,,car/porsche/1500|car/porsche/1600|car/porsche/356a|car/porsche/356b|car/porsche/356b-1600|car/porsche/356c|car/porsche/356sc|car/porsche/365a|car/porsche/speedster|car/porsche/super
car,porsche,Porsche,718,718,convertible,ca|es|fi|gb|lu|my|nl|nz|th|ua|us,as|eu|na|oc,3.0,,
car,porsche,Porsche,904,904,coupe,nl|nz,eu|oc,10.0,,
car,porsche,Porsche,911,911,coupe,ar|ca|de|es|fi|gb|ie|lu|my|nl|nz|th|ua|us,as|eu|na|oc|sa,3.0,,car/porsche/911carrera|car/porsche/911carrera4|car/porsche/911e|car/porsche/911gt3|car/porsche/911s|car/porsche/911sc|car/porsche/911t|car/porsche/930|car/porsche/964|car/porsche/991|car/porsche/993|car/porsche/996|car/porsche/997|car/porsche/carrera|car/porsche/carrera-targa|car/porsche/gt3|car/porsche/sc|car/porsche/targa|car/porsche/turbo
car,porsche,Porsche,912,912,coupe,es|fi|nl|nz,eu|oc,5.0,,
car,porsche,Porsche,914,914,convertible,es|fi|lu|nl|nz,eu|oc,7.0,,car/volkswagen/porsche-914
car,porsche,Porsche,918,918,convertible,ca|fi|gb|my|nl|us,as|eu|na,7.0,,
car,porsche,Porsche,924,924,coupe,es|fi|gb|lu|nl|nz|ua|us,eu|na|oc,5.0,,car/porsche/924-s|car/porsche/924s|car/porsche/924t
car,porsche,Porsche,928,928,coupe,ca|es|fi|gb|lu|nl|nz|us,eu|na|oc,5.0,,car/porsche/928s|car/porsche/928s4
car,porsche,Porsche,944,944,coupe,es|fi|gb|lu|my|nl|nz|us,as|eu|na|oc,4.0,,car/porsche/944s|car/porsche/944s2|car/porsche/944turbo
car,porsche,Porsche,968,968,coupe,ca|fi|gb|lu|nl|nz|us,eu|na|oc,5.0,,
car,porsche,Porsche,boxster,Boxster,roadster,ca|de|es|fi|gb|lu|nl|nz|ua|us,eu|na|oc,4.0,,car/porsche/986|car/porsche/987|car/porsche/boxter|car/porsche/boxters
car,porsche,Porsche,cayenne,Cayenne,suv,ar|ca|de|es|fi|gb|ie|lu|my|nl|nz|th|ua|us,as|eu|na|oc|sa,2.0,,car/porsche/cayanne
car,porsche,Porsche,cayman,Cayman,coupe,ca|de|es|fi|gb|lu|nl|nz|ua|us,eu|na|oc,4.0,,
car,porsche,Porsche,gt,GT,coupe,gb|nl,eu,8.0,,
car,porsche,Porsche,macan,Macan,suv,ar|ca|de|es|fi|gb|ie|lu|my|nl|nz|th|ua|us,as|eu|na|oc|sa,3.0,,
car,porsche,Porsche,panamera,Panamera,sedan|wagon,ca|de|es|fi|gb|ie|lu|my|nl|nz|th|ua|us,as|eu|na|oc,3.0,,
car,porsche,Porsche,taycan,Taycan,sedan|wagon,ca|de|es|fi|gb|ie|lu|my|nl|nz|th|ua|us,as|eu|na|oc,3.0,,
car,prince,Prince,gloria-6,Gloria 6,sedan,nl|nz,eu|oc,10.0,,
car,princess,Princess,1800-hl,1800 Hl,sedan,fi|nl,eu,8.0,,
car,proton,Proton,e-mas-5,E.mas 5,hatchback,my,as,1.0,,
car,proton,Proton,e-mas-7,E.mas 7,hatchback,my,as,1.0,,
car,proton,Proton,gen-2,Gen 2,hatchback,gb|nz,eu|oc,9.0,,
car,proton,Proton,iriz,Iriz,hatchback,my,as,1.0,,
car,proton,Proton,persona,Persona,hatchback,gb|my|nl|nz,as|eu|oc,7.0,,
car,proton,Proton,s70,S70,hatchback,my,as,1.0,,
car,proton,Proton,saga,Saga,hatchback,my|nz,as|oc,3.0,,
car,proton,Proton,satria,Satria,hatchback,gb|nz,eu|oc,7.0,,
car,proton,Proton,suprima,Suprima,hatchback,gb|nz,eu|oc,10.0,,
car,proton,Proton,x50,X50,hatchback,my,as,1.0,,
car,proton,Proton,x70,X70,hatchback,my,as,1.0,,
car,proton,Proton,x90,X90,hatchback,my,as,1.0,,
car,puch,Puch,230-ge,230 GE,convertible,fi|lu|nl,eu,8.0,,car/puch/230ge
car,puch,Puch,g320,G320,hatchback|wagon,fi|nl,eu,10.0,,
car,ram,Ram,1500,1500,hatchback,ca|nl|nz|ua|us,eu|na|oc,6.0,,
car,ram,Ram,1500-classic,1500 Classic,hatchback,ca|us,na,,,
car,ram,Ram,promaster,Promaster,hatchback,nl|ua,eu,9.0,,
car,ram,Ram,promaster-city,Promaster City,hatchback,ca|ua|us,eu|na,9.0,,
car,rambler,Rambler,770-classic,770 Classic,hatchback|wagon,nl|nz,eu|oc,10.0,,
car,rambler,Rambler,ambassador,Ambassador,sedan,fi|nl|nz,eu|oc,6.0,,
car,rambler,Rambler,ambassador-990,Ambassador 990,hatchback,fi|nl,eu,10.0,,
car,rambler,Rambler,american,American,sedan,fi|nl|nz,eu|oc,7.0,,
car,rambler,Rambler,american-220,American 220,hatchback,fi|nz,eu|oc,8.0,,
car,rambler,Rambler,classic,Classic,hatchback,fi|nl|nz,eu|oc,7.0,,
car,rambler,Rambler,classic-6,Classic 6,sedan,nl|nz,eu|oc,9.0,,
car,rambler,Rambler,classic-660,Classic 660,hatchback,fi|nl|nz,eu|oc,9.0,,
car,rambler,Rambler,classic-770,Classic 770,hatchback|wagon,fi|nl|nz,eu|oc,8.0,,
car,rambler,Rambler,custom,Custom,hatchback,nl|nz,eu|oc,10.0,,
car,rambler,Rambler,javelin,Javelin,coupe,nl|nz,eu|oc,8.0,,
car,rambler,Rambler,rebel,Rebel,hatchback,nl|nz,eu|oc,7.0,,
car,rambler,Rambler,rebel-770,Rebel 770,hatchback,nl|nz,eu|oc,9.0,,
car,rambler,Rambler,super,Super,hatchback,fi|nz,eu|oc,10.0,,
car,ravon,Ravon,r2,R2,hatchback,fi|nl|ua,eu,7.0,,
car,ravon,Ravon,r4,R4,sedan,nl|ua,eu,6.0,,
car,reliant,Reliant,kitten,Kitten,convertible,gb|nl,eu,5.0,,
car,reliant,Reliant,rebel,Rebel,hatchback,gb|nl,eu,9.0,,
car,reliant,Reliant,regal,Regal,hatchback,gb|nz,eu|oc,8.0,,
car,reliant,Reliant,robin,Robin,hatchback,gb|nz,eu|oc,8.0,,
car,reliant,Reliant,scimitar,Scimitar,coupe,fi|gb|nl|nz,eu|oc,5.0,,
car,reliant,Reliant,scimitar-ss1,Scimitar SS1,convertible,nl|nz,eu|oc,9.0,,
car,reliant,Reliant,supervan,Supervan,hatchback,gb|nz,eu|oc,10.0,,
car,renault,Renault,10,10,sedan,gb|nl|nz,eu|oc,7.0,,car/renault/r10
car,renault,Renault,11,11,hatchback,fi|gb|nl|nz|ua,eu|oc,7.0,Renault Encore,car/renault/r11
car,renault,Renault,12,12,sedan|wagon,fi|gb|lu|nl|nz,eu|oc,6.0,,car/renault/12-tl|car/renault/12tl|car/renault/r-12|car/renault/r12
car,renault,Renault,14,14,hatchback,fi|gb|nl,eu,9.0,,car/renault/r14
car,renault,Renault,16,16,hatchback,fi|gb|nl|nz,eu|oc,6.0,,car/renault/16-ts|car/renault/16ts|car/renault/r-16-tl|car/renault/r16|car/renault/r16tx
car,renault,Renault,17,17,convertible,fi|gb|nl|nz,eu|oc,8.0,,car/renault/17ts
car,renault,Renault,18,18,sedan|wagon,fi|gb|nl|nz|ua,eu|oc,7.0,,car/renault/18gts|car/renault/r18
car,renault,Renault,19,19,convertible,fi|gb|lu|nl|nz|ua,eu|oc,5.0,,car/renault/19-gtx|car/renault/r-19|car/renault/r19
car,renault,Renault,20,20,hatchback,gb|nl|nz|ua,eu|oc,8.0,,car/renault/20ts
car,renault,Renault,21,21,sedan|wagon,fi|gb|lu|nl|nz|ua,eu|oc,6.0,Eagle Medallion|Renault Medallion,car/renault/21-nevada|car/renault/21-rx|car/renault/21-turbo|car/renault/21-turbo-quadra|car/renault/r21
car,renault,Renault,25,25,hatchback,fi|gb|nl|nz|ua,eu|oc,6.0,,car/renault/25-gtx|car/renault/25-txi|car/renault/25-v6-turbo|car/renault/r25
car,renault,Renault,30,30,hatchback,gb|nl|nz,eu|oc,8.0,,car/renault/30tx
car,renault,Renault,4,4,hatchback,de|es|fi|gb|ie|lu|nl|nz,eu|oc,4.0,,car/renault/4-gtl|car/renault/4-iconic|car/renault/4-l|car/renault/4gtl|car/renault/r-4|car/renault/r-4-gtl|car/renault/r4|car/renault/r4-gtl|car/renault/r4-tl|car/renault/r4l
car,renault,Renault,4cv,4CV,sedan,fi|lu|nl|nz,eu|oc,5.0,,car/renault/4-cv
car,renault,Renault,5,5,hatchback,de|es|fi|gb|ie|lu|nl|nz|ua,eu|oc,3.0,,car/renault/5-gt-turbo|car/renault/5-gtl|car/renault/5-gtx|car/renault/5-iconic|car/renault/5-techno|car/renault/5gtl|car/renault/5tl|car/renault/r-5|car/renault/r5|car/renault/r5-alpine-turbo|car/renault/r5-gt-turbo|car/renault/r5-gtl|car/renault/r5gtl
car,renault,Renault,5-turbo,5 Turbo,hatchback,es|nl,eu,8.0,,
car,renault,Renault,6,6,hatchback,gb|nl|nz,eu|oc,8.0,,
car,renault,Renault,8,8,sedan,fi|gb|nl|nz,eu|oc,7.0,,car/renault/r-1135-gordini|car/renault/r08|car/renault/r8
car,renault,Renault,9,9,sedan,fi|gb|nl|ua,eu,6.0,Renault Alliance,car/renault/r9
car,renault,Renault,adriatik,Adriatik,hatchback,fi|nl,eu,10.0,,
car,renault,Renault,alliance,Alliance,convertible,nl|nz|us,eu|na|oc,8.0,,
car,renault,Renault,alpine,Alpine,coupe,fi|nl|nz,eu|oc,6.0,,
car,renault,Renault,arkana,Arkana,suv,ar|de|es|fi|gb|ie|lu|nl|nz|ua,eu|oc|sa,3.0,,car/renault/arkana-megane-conquest|car/renault/megane-conquest
car,renault,Renault,austral,Austral,suv,de|es|fi|gb|ie|lu|nl,eu,2.0,,
car,renault,Renault,avantime,Avantime,hatchback|wagon,gb|nl|nz,eu|oc,6.0,,
car,renault,Renault,ax,Ax,convertible,nl|nz,eu|oc,7.0,,
car,renault,Renault,burstner-t625,Burstner T625,hatchback,fi|nl,eu,10.0,,
car,renault,Renault,captur,Captur,suv,de|es|fi|gb|ie|lu|nl|nz|ua,eu|oc,2.0,,car/renault/capture
car,renault,Renault,caravelle,Caravelle,convertible,fi|gb|nl|nz,eu|oc,6.0,,car/renault/caravelle-1100|car/renault/r-1133-caravelle
car,renault,Renault,clio,Clio,hatchback,ar|de|es|fi|gb|ie|lu|nl|nz|ua,eu|oc|sa,2.0,,car/renault/clio-societe|car/renault/clio-sport
car,renault,Renault,clio-v6,Clio V6,hatchback,es|fi|nl,eu,8.0,,
car,renault,Renault,cv545bc,CV545BC,hatchback,lu|nl,eu,10.0,,
car,renault,Renault,dauphine,Dauphine,sedan,fi|lu|nl|nz,eu|oc,6.0,,car/renault/dauphine-gordini|car/renault/dauphine-r1090
car,renault,Renault,delfin-performance-625,Delfin Performance 625,hatchback,es|nl,eu,10.0,,
car,renault,Renault,duster,Duster,suv,es|fi|nl|nz|ua,eu|oc,5.0,Dacia Duster,
car,renault,Renault,espace,Espace,mpv,de|es|fi|gb|lu|nl|nz|ua,eu|oc,3.0,,car/renault/grand-espace
car,renault,Renault,floride,Floride,convertible,fi|nl|nz,eu|oc,7.0,,car/renault/floride-s
car,renault,Renault,fluence,Fluence,sedan,fi|gb|lu|nl|nz|ua,eu|oc,6.0,,car/renault/fluence-z-e
car,renault,Renault,fuego,Fuego,coupe,fi|gb|lu|nl|nz|us,eu|na|oc,6.0,,car/renault/fuego-gtx|car/renault/fuego-turbo
car,renault,Renault,gordini,Gordini,sedan,fi|gb|nl|nz,eu|oc,9.0,,
car,renault,Renault,gta,Gta,hatchback,gb|us,eu|na,7.0,,
car,renault,Renault,kadjar,Kadjar,suv,es|fi|gb|lu|nl|nz|ua,eu|oc,2.0,,
car,renault,Renault,koleos,Koleos,hatchback|wagon,es|fi|gb|lu|my|nl|nz|ua,as|eu|oc,4.0,,
car,renault,Renault,laguna,Laguna,hatchback|wagon,es|fi|gb|lu|nl|nz|ua,eu|oc,2.0,,
car,renault,Renault,latitude,Latitude,sedan,es|fi|lu|nl|nz|ua,eu|oc,8.0,,
car,renault,Renault,logan,Logan,sedan|wagon,es|fi|nl|ua,eu,5.0,Dacia Logan,
car,renault,Renault,mascott,Mascott,hatchback,nl|ua,eu,9.0,,
car,renault,Renault,megane,Megane,hatchback|wagon,de|es|fi|gb|ie|lu|my|nl|nz|ua,as|eu|oc,3.0,,car/renault/megane-break|car/renault/megane-sport
car,renault,Renault,modus,Modus,mpv,es|fi|gb|lu|nl|nz|ua,eu|oc,4.0,,car/renault/grand-modus
car,renault,Renault,mt,MT,convertible,nl|nz,eu|oc,9.0,,
car,renault,Renault,nn,Nn,convertible,nl|nz,eu|oc,8.0,,
car,renault,Renault,r44,R44,hatchback,fi|nl,eu,10.0,,
car,renault,Renault,rafale,Rafale,suv,de|es|fi|gb|lu|nl,eu,3.0,,
car,renault,Renault,rodeo,Rodeo,convertible,es|lu|nl,eu,9.0,,car/renault/rodeo-6
car,renault,Renault,rt-6844,Rt 6844,hatchback,fi|nl,eu,7.0,,
car,renault,Renault,safrane,Safrane,hatchback,fi|gb|lu|nl|nz|ua,eu|oc,7.0,,
car,renault,Renault,samsung-qm6,Samsung QM6,hatchback|wagon,nl|ua,eu,7.0,,
car,renault,Renault,sandero,Sandero,hatchback,fi|lu|nl|ua,eu,5.0,Dacia Sandero,
car,renault,Renault,sandero-stepway,Sandero Stepway,hatchback,fi|nl,eu,10.0,,
car,renault,Renault,scenic,Scenic,mpv,de|es|fi|gb|ie|lu|nl|nz|ua,eu|oc,2.0,,car/renault/meganescenic
car,renault,Renault,spider,Spider,convertible,fi|gb|lu|nl|nz,eu|oc,9.0,,
car,renault,Renault,symbioz,Symbioz,suv,de|es|fi|gb|ie|lu|nl|ua,eu,3.0,,
car,renault,Renault,symbol,Symbol,sedan,es|fi|nl|ua,eu,7.0,,car/renault/clio-symbol
car,renault,Renault,talisman,Talisman,sedan|wagon,es|fi|lu|nl|ua,eu,3.0,,
car,renault,Renault,thalia,Thalia,sedan,es|fi|nl|ua,eu,7.0,,
car,renault,Renault,twingo,Twingo,hatchback,de|es|fi|gb|lu|nl|nz|ua,eu|oc,3.0,,
car,renault,Renault,twizy,Twizy,hatchback,gb|my|ua,as|eu,8.0,,
car,renault,Renault,vel-satis,Vel Satis,hatchback,es|fi|gb|lu|nl|nz|ua,eu|oc,6.0,,car/renault/velsatis
car,renault,Renault,wind,Wind,convertible,es|fi|gb|lu|nl|ua,eu,6.0,,car/renault/wind-roadster
car,renault,Renault,zoe,Zoe,hatchback,es|fi|gb|ie|lu|nl|nz|ua,eu|oc,3.0,,
car,reo,Reo,flying-cloud,Flying Cloud,sedan,es|nl|nz,eu|oc,9.0,,
car,reo,Reo,runabout,Runabout,convertible,fi|nl|nz,eu|oc,9.0,,
car,reo,Reo,wolverine,Wolverine,hatchback,fi|nz,eu|oc,9.0,,
car,riley,Riley,1-1-2-litre,1 1/2 Litre,hatchback,nl|nz,eu|oc,10.0,,
car,riley,Riley,1300,1300,hatchback,nl|nz,eu|oc,9.0,,
car,riley,Riley,2-1-2-ltr,2 1/2 Ltr,hatchback,nl|nz,eu|oc,9.0,,
car,riley,Riley,adelphi,Adelphi,hatchback,nl|nz,eu|oc,9.0,,
car,riley,Riley,brooklands,Brooklands,convertible,nl|nz,eu|oc,9.0,,
car,riley,Riley,elf,Elf,sedan,gb|nl|nz,eu|oc,5.0,,
car,riley,Riley,elf-mk,Elf Mk,sedan,fi|nl|nz,eu|oc,9.0,,
car,riley,Riley,elf-mkii,Elf Mkii,sedan,nl|nz,eu|oc,9.0,,
car,riley,Riley,falcon,Falcon,convertible,nl|nz,eu|oc,8.0,,
car,riley,Riley,gamecock,Gamecock,convertible,nl|nz,eu|oc,9.0,,
car,riley,Riley,imp,Imp,convertible,nl|nz,eu|oc,10.0,,
car,riley,Riley,kestrel,Kestrel,sedan,gb|nl|nz,eu|oc,6.0,,
car,riley,Riley,lynx,Lynx,convertible,gb|nl|nz,eu|oc,7.0,,
car,riley,Riley,mentone,Mentone,sedan,nl|nz,eu|oc,10.0,,
car,riley,Riley,merlin,Merlin,convertible,nl|nz,eu|oc,9.0,,
car,riley,Riley,monaco,Monaco,sedan,nl|nz,eu|oc,8.0,,
car,riley,Riley,nine,Nine,convertible,nl|nz,eu|oc,10.0,,
car,riley,Riley,one-point-five,One-Point-Five,hatchback,fi|nl|nz,eu|oc,9.0,,
car,riley,Riley,pathfinder,Pathfinder,sedan,gb|nl|nz,eu|oc,7.0,,
car,riley,Riley,r-m-a,R M A,sedan,nl|nz,eu|oc,6.0,,car/riley/rma
car,riley,Riley,rmb,Rmb,sedan,nl|nz,eu|oc,6.0,,
car,riley,Riley,sports,Sports,convertible,nl|nz,eu|oc,8.0,,
car,rivian,Rivian,r1s,R1S,hatchback,ca|nl|ua|us,eu|na,6.0,,
car,rivian,Rivian,r1t,R1T,pickup,ca|fi|nl|ua|us,eu|na,6.0,,
car,rolls-royce,Rolls-Royce,20,20,sedan,nl|nz,eu|oc,7.0,,
car,rolls-royce,Rolls-Royce,20-hp,20 Hp,sedan,nl|nz,eu|oc,8.0,,
car,rolls-royce,Rolls-Royce,2025,2025,convertible,nl|nz,eu|oc,9.0,,
car,rolls-royce,Rolls-Royce,40-50-hp-phantom,40/50 Hp Phantom,convertible,fi|nl,eu,10.0,,
car,rolls-royce,Rolls-Royce,40-50-silver-ghost,40/50 Silver Ghost,convertible,nl|nz,eu|oc,9.0,,
car,rolls-royce,Rolls-Royce,black-badge-cullinan,Black Badge Cullinan,sedan,ca|nl|th|ua,as|eu|na,8.0,,
car,rolls-royce,Rolls-Royce,black-badge-ghost,Black Badge Ghost,sedan,ca|nl,eu|na,10.0,,
car,rolls-royce,Rolls-Royce,black-badge-spectre,Black Badge Spectre,coupe,nl|ua,eu,9.0,,
car,rolls-royce,Rolls-Royce,camargue,Camargue,sedan,nl|nz|us,eu|na|oc,7.0,,
car,rolls-royce,Rolls-Royce,cloud,Cloud,sedan,nl|nz,eu|oc,7.0,,
car,rolls-royce,Rolls-Royce,corniche,Corniche,convertible,ca|fi|gb|nl|nz|us,eu|na|oc,5.0,,
car,rolls-royce,Rolls-Royce,corniche-2,Corniche 2,convertible,nl|nz,eu|oc,9.0,,
car,rolls-royce,Rolls-Royce,cullinan,Cullinan,sedan,ca|de|es|gb|my|nl|nz|th|ua|us,as|eu|na|oc,7.0,,
car,rolls-royce,Rolls-Royce,cullinan-black-badge,Cullinan Black Badge,sedan,ca|nl|us,eu|na,5.0,,
car,rolls-royce,Rolls-Royce,dawn,Dawn,convertible,ca|gb|lu|my|nl|nz|us,as|eu|na|oc,6.0,,
car,rolls-royce,Rolls-Royce,dawn-black-badge,Dawn Black Badge,hatchback,ca|us,na,,,
car,rolls-royce,Rolls-Royce,flying-spur,Flying Spur,sedan,gb|nl|nz|us,eu|na|oc,9.0,,
car,rolls-royce,Rolls-Royce,ghost,Ghost,sedan,ca|fi|gb|my|nl|nz|th|ua|us,as|eu|na|oc,6.0,,
car,rolls-royce,Rolls-Royce,ghost-black-badge,Ghost Black Badge,sedan,ca|nl|th|us,as|eu|na,9.0,,
car,rolls-royce,Rolls-Royce,ghost-ewb,Ghost Ewb,sedan,ca|nl|us,eu|na,8.0,,
car,rolls-royce,Rolls-Royce,ghost-extended,Ghost Extended,hatchback,ca|th|us,as|na,8.0,,
car,rolls-royce,Rolls-Royce,park-ward,Park Ward,sedan,ca|gb|nl|us,eu|na,9.0,,
car,rolls-royce,Rolls-Royce,phantom,Phantom,sedan,ca|fi|gb|lu|my|nl|nz|th|ua|us,as|eu|na|oc,6.0,,
car,rolls-royce,Rolls-Royce,phantom-1,Phantom 1,convertible,ar|nl|nz,eu|oc|sa,9.0,,
car,rolls-royce,Rolls-Royce,phantom-2,Phantom 2,hatchback,nl|nz,eu|oc,9.0,,
car,rolls-royce,Rolls-Royce,phantom-drophead,Phantom Drophead,convertible,ca|my|nl|us,as|eu|na,8.0,,
car,rolls-royce,Rolls-Royce,phantom-ewb,Phantom Ewb,sedan,ca|nl|us,eu|na,10.0,,
car,rolls-royce,Rolls-Royce,phantom-extended,Phantom Extended,hatchback,ca|th|us,as|na,10.0,,
car,rolls-royce,Rolls-Royce,phantom-i,Phantom I,sedan,nl|nz,eu|oc,8.0,,
car,rolls-royce,Rolls-Royce,royce,Royce,sedan,gb|nl|nz,eu|oc,8.0,,
car,rolls-royce,Rolls-Royce,seraph,Seraph,sedan,nl|nz,eu|oc,9.0,,
car,rolls-royce,Rolls-Royce,silver,Silver,sedan,nl|nz,eu|oc,8.0,,
car,rolls-royce,Rolls-Royce,silver-cloud,Silver Cloud,sedan,fi|nl|nz|th,as|eu|oc,6.0,,
car,rolls-royce,Rolls-Royce,silver-cloud-1,Silver Cloud 1,sedan,nl|nz,eu|oc,8.0,,
car,rolls-royce,Rolls-Royce,silver-cloud-11,Silver Cloud 11,sedan,nl|nz,eu|oc,10.0,,
car,rolls-royce,Rolls-Royce,silver-cloud-2,Silver Cloud 2,sedan,fi|nl,eu,9.0,,
car,rolls-royce,Rolls-Royce,silver-cloud-3,Silver Cloud 3,sedan,fi|nl|nz,eu|oc,9.0,,
car,rolls-royce,Rolls-Royce,silver-cloud-i,Silver-Cloud I,sedan,fi|nl,eu,8.0,,
car,rolls-royce,Rolls-Royce,silver-dawn,Silver Dawn,sedan,ca|gb|nl|nz|us,eu|na|oc,7.0,,
car,rolls-royce,Rolls-Royce,silver-ghost,Silver Ghost,convertible,fi|nl|nz,eu|oc,7.0,,
car,rolls-royce,Rolls-Royce,silver-seraph,Silver Seraph,sedan,ca|gb|nl|nz|us,eu|na|oc,7.0,,
car,rolls-royce,Rolls-Royce,silver-shadow,Silver Shadow,sedan,es|fi|gb|lu|nl|nz|ua,eu|oc,7.0,,car/rolls-royce/silvershadow
car,rolls-royce,Rolls-Royce,silver-shadow-1,Silver Shadow 1,sedan,nl|nz,eu|oc,9.0,,
car,rolls-royce,Rolls-Royce,silver-shadow-2,Silver Shadow 2,sedan,fi|nl|nz,eu|oc,9.0,,
car,rolls-royce,Rolls-Royce,silver-shadow-i,Silver Shadow I,sedan,fi|nl|nz,eu|oc,8.0,,
car,rolls-royce,Rolls-Royce,silver-shadow-lwb,Silver Shadow Lwb,sedan,nl|nz,eu|oc,8.0,,
car,rolls-royce,Rolls-Royce,silver-spirit,Silver Spirit,sedan,ca|fi|gb|nl|nz|ua|us,eu|na|oc,6.0,,
car,rolls-royce,Rolls-Royce,silver-spirit-2,Silver Spirit 2,sedan,nl|nz,eu|oc,9.0,,
car,rolls-royce,Rolls-Royce,silver-spur,Silver Spur,sedan,ca|fi|gb|nl|nz|ua|us,eu|na|oc,6.0,,
car,rolls-royce,Rolls-Royce,silver-wraith,Silver Wraith,sedan,es|fi|nl|nz,eu|oc,7.0,,
car,rolls-royce,Rolls-Royce,spectre,Spectre,coupe,de|lu|my|nl|nz|th|ua|us,as|eu|na|oc,7.0,,
car,rolls-royce,Rolls-Royce,spirit,Spirit,hatchback,nz|us,na|oc,7.0,,
car,rolls-royce,Rolls-Royce,wraith,Wraith,coupe,ca|es|fi|gb|lu|my|nl|nz|ua|us,as|eu|na|oc,6.0,,
car,rolls-royce,Rolls-Royce,wraith-black-badge,Wraith Black Badge,hatchback,ca|us,na,,,
car,rover,Rover,10,10,hatchback,nl|nz,eu|oc,7.0,,car/rover/10-hp
car,rover,Rover,100,100,sedan,fi|gb|nl|nz,eu|oc,5.0,,car/rover/100-series
car,rover,Rover,109,109,hatchback|wagon,nl|nz,eu|oc,10.0,,
car,rover,Rover,110,110,sedan,nl|nz,eu|oc,5.0,,
car,rover,Rover,114,114,hatchback,lu|nl|nz,eu|oc,6.0,,
car,rover,Rover,12,12,convertible,nl|nz,eu|oc,6.0,,car/rover/12hp
car,rover,Rover,14,14,sedan|wagon,nl|nz,eu|oc,9.0,,
car,rover,Rover,16,16,sedan,nl|nz,eu|oc,7.0,,
car,rover,Rover,200,200,hatchback,fi|gb|nl|nz,eu|oc,4.0,,car/rover/200-series
car,rover,Rover,2000,2000,sedan,fi|gb|lu|nl|nz,eu|oc,5.0,,car/rover/2000-sc|car/rover/2000-series|car/rover/2000-tc|car/rover/tc-2000
car,rover,Rover,214,214,hatchback,nl|nz|ua,eu|oc,6.0,,car/rover/214-i
car,rover,Rover,216,216,convertible,nl|nz|ua,eu|oc,5.0,,car/rover/216-sli
car,rover,Rover,218,218,hatchback,fi|lu,eu,9.0,,
car,rover,Rover,220,220,coupe,nl|nz,eu|oc,4.0,,car/rover/220-turbo
car,rover,Rover,2200,2200,sedan,fi|nl|nz,eu|oc,5.0,,car/rover/2200-tc
car,rover,Rover,2300,2300,hatchback,nl|nz,eu|oc,7.0,,car/rover/2300-s|car/rover/2300s
car,rover,Rover,25,25,hatchback,fi|gb|nl|nz|ua,eu|oc,5.0,,
car,rover,Rover,2600,2600,hatchback,fi|nl|nz,eu|oc,6.0,,car/rover/2600-automatic|car/rover/2600-s|car/rover/2600-van-den-plas|car/rover/2600s|car/rover/2600se
car,rover,Rover,3-5-litre,3.5 Litre,sedan,fi|gb|nl|nz,eu|oc,5.0,,
car,rover,Rover,3-litre,3 Litre,sedan,gb|nl|nz,eu|oc,5.0,,
car,rover,Rover,3500,3500,sedan,fi|nl|nz,eu|oc,3.0,,car/rover/3500-auto|car/rover/3500-s|car/rover/3500-sdi|car/rover/3500-van-den-plas|car/rover/3500-vanden-plas|car/rover/3500-vitesse|car/rover/3500s
car,rover,Rover,35l,35L,sedan,nl|nz,eu|oc,10.0,,
car,rover,Rover,400,400,sedan,fi|gb|nl|nz|ua,eu|oc,5.0,,car/rover/400-series
car,rover,Rover,414,414,hatchback,nz|ua,eu|oc,10.0,,
car,rover,Rover,416,416,hatchback,nl|nz|ua,eu|oc,5.0,,car/rover/416-si|car/rover/416-sli
car,rover,Rover,420,420,sedan,nl|nz|ua,eu|oc,8.0,,car/rover/420-d
car,rover,Rover,45,45,sedan,fi|gb|nl|nz|ua,eu|oc,5.0,,
car,rover,Rover,60,60,sedan,gb|nl,eu,7.0,,
car,rover,Rover,600,600,suv,fi|gb|nl|nz,eu|oc,5.0,,car/rover/600-series
car,rover,Rover,618,618,sedan,nl|nz,eu|oc,8.0,,
car,rover,Rover,620,620,sedan,fi|nl|nz|ua,eu|oc,7.0,,car/rover/620-si
car,rover,Rover,75,75,sedan,es|fi|gb|lu|nl|nz|ua,eu|oc,5.0,,car/rover/p4-75
car,rover,Rover,80,80,sedan,fi|gb|nl,eu,8.0,,
car,rover,Rover,800,800,coupe,gb|nl|nz,eu|oc,6.0,,car/rover/800-series
car,rover,Rover,820,820,sedan,nl|nz,eu|oc,7.0,,
car,rover,Rover,825,825,sedan,nl|nz,eu|oc,6.0,,car/rover/825i
car,rover,Rover,827,827,coupe,fi|nl|nz|ua,eu|oc,7.0,,car/rover/827-sterling
car,rover,Rover,90,90,sedan,gb|nl|nz,eu|oc,5.0,,
car,rover,Rover,95,95,sedan,gb|nl|nz,eu|oc,5.0,,
car,rover,Rover,mark,Mark,hatchback,fi|nl|nz,eu|oc,9.0,,
car,rover,Rover,metro,Metro,hatchback,gb|nl|nz,eu|oc,8.0,,
car,rover,Rover,mini,Mini,hatchback,fi|gb|lu|nl|nz|th,as|eu|oc,5.0,,
car,rover,Rover,mini-cooper,Mini Cooper,sedan,es|fi|nl|nz,eu|oc,6.0,,car/rover/mini-cooper-1-3i
car,rover,Rover,mini-mk,Mini Mk,sedan,fi|nl,eu,5.0,,
car,rover,Rover,mini-mkii,Mini Mkii,sedan,fi|nl,eu,6.0,,
car,rover,Rover,p2,P2,sedan,nl|nz,eu|oc,9.0,,
car,rover,Rover,p4,P4,sedan,nl|nz,eu|oc,9.0,,
car,rover,Rover,p6,P6,sedan,nl|nz,eu|oc,10.0,,
car,rover,Rover,range-rover-auto,Range Rover Auto,hatchback|wagon,nl|nz,eu|oc,8.0,,
car,rover,Rover,range-rover-efi,Range Rover Efi,hatchback|wagon,nl|nz,eu|oc,8.0,,
car,rover,Rover,range-rover-efi-auto,Range Rover Efi Auto,hatchback|wagon,nl|nz,eu|oc,8.0,,
car,rover,Rover,range-rover-hse,Range Rover Hse,hatchback|wagon,nl|nz,eu|oc,8.0,,
car,rover,Rover,range-rover-vogue,Range Rover Vogue,hatchback,nl|nz,eu|oc,10.0,,
car,rover,Rover,sd1,SD1,sedan,gb|nl|nz,eu|oc,6.0,,
car,rover,Rover,sterling,Sterling,sedan,gb|nl|nz,eu|oc,6.0,,
car,rover,Rover,streetwise,Streetwise,hatchback,gb|nl,eu,5.0,,
car,rover,Rover,van-den-plas,Van Den Plas,hatchback,fi|nl|nz,eu|oc,5.0,,car/rover/vanden-plas
car,rover,Rover,vitesse,Vitesse,sedan,gb|lu|nl|nz,eu|oc,6.0,,
car,saab,Saab,9-2x,9-2X,hatchback|wagon,ca|nl|us,eu|na,10.0,,car/saab/9-2x-wagon
car,saab,Saab,9-3,9-3,convertible,ca|es|fi|gb|lu|nl|nz|ua|us,eu|na|oc,3.0,,car/saab/9-3-1-8t|car/saab/9-3-aero|car/saab/9-3-aero-sportsedan|car/saab/9-3-arc|car/saab/9-3-linear|car/saab/9-3-linear-sportcom|car/saab/9-3-linearplus-spor|car/saab/9-3-se|car/saab/9-3-sport|car/saab/9-3-sportcombi|car/saab/9-3-sportsedan|car/saab/9-3-turbo|car/saab/9-3-turbo-x|car/saab/9-3-vector|car/saab/9-3-viggen|car/saab/9-3x|car/saab/9-3x-2-0t-xwd
car,saab,Saab,9-4-x,9-4 X,hatchback|wagon,fi|nl|us,eu|na,5.0,,car/saab/9-4x|car/saab/9-4x-premium|car/saab/94x
car,saab,Saab,9-5,9-5,hatchback|wagon,ca|es|fi|gb|lu|nl|nz|ua|us,eu|na|oc,4.0,,car/saab/9-5-2-3ts|car/saab/9-5-aero|car/saab/9-5-aero-2|car/saab/9-5-linear|car/saab/9-5-linear-sportcom|car/saab/9-5-s|car/saab/9-5-se|car/saab/9-5-se-4d-2-0t|car/saab/9-5-sportcombi|car/saab/9-5-vector|car/saab/9-5-wagon|car/saab/95-aero
car,saab,Saab,9-7-x,9-7 X,hatchback|wagon,ca|fi|nl|ua|us,eu|na,6.0,,car/saab/9-7x|van/saab/9-7x
car,saab,Saab,90,90,sedan,fi|gb|nl,eu,5.0,,
car,saab,Saab,900,900,convertible,ca|es|fi|gb|lu|nl|nz|ua|us,eu|na|oc,4.0,,car/saab/900-c|car/saab/900-i|car/saab/900-i-16v|car/saab/900-s|car/saab/900-s-turbo|car/saab/900-se|car/saab/900-se-turbo|car/saab/900-t-16|car/saab/900-t-16-s|car/saab/900-t16|car/saab/900-ts|car/saab/900-turbo|car/saab/900i|car/saab/900i-16v|car/saab/900s|car/saab/900se|car/saab/900t
car,saab,Saab,9000,9000,hatchback,ca|es|fi|gb|lu|nl|nz|ua|us,eu|na|oc,5.0,,car/saab/9000-aero|car/saab/9000-cd|car/saab/9000-cde|car/saab/9000-cs|car/saab/9000-cse|car/saab/9000-turbo|car/saab/9000-turbo-16v
car,saab,Saab,92,92,sedan,fi|nl,eu,7.0,,car/saab/92-b|car/saab/92-de-luxe
car,saab,Saab,93,93,convertible,nl|nz,eu|oc,4.0,,
car,saab,Saab,95,95,hatchback|wagon,fi|gb|nl|nz,eu|oc,6.0,,car/saab/95-v4
car,saab,Saab,96,96,sedan,es|fi|gb|lu|nl|nz|ua,eu|oc,7.0,,car/saab/96-gl|car/saab/96-v4|car/saab/96l|car/saab/96v4
car,saab,Saab,99,99,sedan,fi|gb|nl|nz|ua,eu|oc,5.0,,car/saab/99-ems|car/saab/99-turbo|car/saab/99gl|car/saab/99l
car,saab,Saab,sonett,Sonett,coupe,es|fi|gb|nl|nz,eu|oc,7.0,,car/saab/97-sonett|car/saab/sonet|car/saab/sonett-3|car/saab/sonett-v4|car/saab/sonnett
car,saab,Saab,v4,V4,sedan,nl|nz,eu|oc,9.0,,
car,sachsenring,Sachsenring,trabant,Trabant,hatchback,nl|nz,eu|oc,9.0,,
car,saturn,Saturn,astra,Astra,hatchback,ca|nl|us,eu|na,10.0,,
car,saturn,Saturn,aura,Aura,hatchback,ca|us,na,,,
car,saturn,Saturn,ion,Ion,hatchback,ca|us,na,,,
car,saturn,Saturn,l100-200,L100/200,hatchback,ca|us,na,,,
car,saturn,Saturn,l200,L200,hatchback,ca|us,na,,,
car,saturn,Saturn,l300,L300,hatchback,ca|us,na,,,
car,saturn,Saturn,ls,LS,hatchback,ca|us,na,,,
car,saturn,Saturn,outlook,Outlook,hatchback,ca|nl|us,eu|na,10.0,,
car,saturn,Saturn,relay,Relay,hatchback,ca|us,na,,,
car,saturn,Saturn,sc,Sc,hatchback,ca|us,na,,,
car,saturn,Saturn,sc2,SC2,coupe,nl|nz,eu|oc,9.0,,
car,saturn,Saturn,sky,Sky,convertible,ca|nl|nz|us,eu|na|oc,8.0,,
car,saturn,Saturn,sky-roadster,Sky Roadster,convertible,nl|ua,eu,10.0,,
car,saturn,Saturn,sl,SL,hatchback,ca|us,na,,,
car,saturn,Saturn,vue,Vue,hatchback,ca|nl|ua|us,eu|na,9.0,,
car,scion,Scion,fr-s,Fr-S,coupe,ca|nl|ua|us,eu|na,7.0,,
car,scion,Scion,ia,Ia,hatchback,ua|us,eu|na,8.0,,
car,scion,Scion,im,Im,hatchback,ca|ua|us,eu|na,7.0,,
car,scion,Scion,iq,iQ,hatchback,ca|ua|us,eu|na,10.0,,
car,scion,Scion,tc,Tc,coupe,ca|fi|nl|ua|us,eu|na,8.0,,car/toyota/scion-tc
car,scion,Scion,xa,Xa,hatchback|wagon,nl|ua|us,eu|na,8.0,,car/toyota/xa
car,scion,Scion,xb,Xb,hatchback|wagon,ca|fi|nl|ua|us,eu|na,8.0,,car/toyota/scion-xb
car,scion,Scion,xd,XD,hatchback,ca|ua|us,eu|na,9.0,,
car,seat,SEAT,127,127,hatchback,es|nl,eu,8.0,,car/seat/127-sport
car,seat,SEAT,600,600,sedan,es|nl,eu,8.0,Seiscientos|Seílla,
car,seat,SEAT,800,800,sedan,fi|nl,eu,9.0,,
car,seat,SEAT,alhambra,Alhambra,mpv,es|fi|gb|lu|nl|nz|ua,eu|oc,3.0,,
car,seat,SEAT,altea,Altea,mpv,es|fi|gb|lu|nl|ua,eu,2.0,,car/seat/altea-4-freetrack|car/seat/altea-freetrack
car,seat,SEAT,arona,Arona,suv,de|es|fi|gb|ie|lu|nl|nz|ua,eu|oc,2.0,,
car,seat,SEAT,arosa,Arosa,hatchback,fi|gb|lu|nl|ua,eu,5.0,,
car,seat,SEAT,ateca,Ateca,suv,de|es|fi|gb|ie|lu|nl|nz|ua,eu|oc,2.0,,
car,seat,SEAT,cordoba,Cordoba,sedan,es|fi|gb|lu|nl|nz|ua,eu|oc,6.0,Córdoba,
car,seat,SEAT,exeo,Exeo,sedan|wagon,es|fi|gb|lu|nl|ua,eu,4.0,,
car,seat,SEAT,ibiza,Ibiza,hatchback,de|es|fi|gb|ie|lu|nl|nz|ua,eu|oc,2.0,,car/seat/ibiza-cupra
car,seat,SEAT,leon,Leon,hatchback|wagon,de|es|fi|gb|ie|lu|nl|nz|ua,eu|oc,2.0,León,car/seat/leon-1|car/seat/leon-cupra|car/seat/leon-sc|car/seat/leon-sportourer|car/seat/leon-x-perience
car,seat,SEAT,malaga,Malaga,sedan,fi|gb|nl|ua,eu,9.0,Málaga|Gredos,
car,seat,SEAT,marbella,Marbella,hatchback,fi|gb|nl|ua,eu,8.0,,
car,seat,SEAT,mii,Mii,hatchback,es|fi|gb|lu|nl|ua,eu,4.0,,
car,seat,SEAT,tarraco,Tarraco,suv,es|fi|gb|ie|lu|nl|nz|ua,eu|oc,4.0,,
car,seat,SEAT,toledo,Toledo,sedan,es|fi|gb|lu|nl|ua,eu,3.0,,
car,shelby,Shelby,cobra,Cobra,convertible,nl|nz,eu|oc,9.0,,
car,shineray,Shineray,ex5,EX5,hatchback,gb,eu,5.0,,
car,simca,Simca,1000,1000,sedan,fi|gb|nl|nz,eu|oc,8.0,,
car,simca,Simca,1000-gl,1000 GL,sedan,nl|nz,eu|oc,9.0,,
car,simca,Simca,1000-ls,1000 LS,sedan,fi|nl,eu,7.0,,
car,simca,Simca,1000-special,1000 Special,hatchback,es|nl|nz,eu|oc,9.0,,
car,simca,Simca,1100,1100,hatchback|wagon,fi|gb|nl|nz,eu|oc,8.0,,
car,simca,Simca,1100-grand-luxe-super,1100 Grand Luxe Super,hatchback,fi|nl,eu,8.0,,
car,simca,Simca,1200,1200,sedan,gb|nl,eu,10.0,,
car,simca,Simca,1300,1300,sedan,gb|nl,eu,9.0,,
car,simca,Simca,1301,1301,sedan,fi|gb|nl,eu,9.0,,
car,simca,Simca,1500,1500,sedan,fi|gb|nl,eu,9.0,,
car,simca,Simca,1501,1501,sedan|wagon,gb|nl|nz,eu|oc,9.0,,
car,simca,Simca,1501-special,1501 Special,sedan,nl|nz,eu|oc,8.0,,
car,simca,Simca,ariane,Ariane,sedan,fi|nl|nz,eu|oc,8.0,,
car,simca,Simca,aronde,Aronde,sedan,fi|nl,eu,6.0,,
car,simca,Simca,chambord,Chambord,hatchback,nl|nz,eu|oc,10.0,,
car,simca,Simca,etoile,Etoile,hatchback,nl|nz,eu|oc,9.0,,
car,simca,Simca,vedette,Vedette,hatchback,fi|nz,eu|oc,7.0,,
car,simca,Simca,vedette-beaulieu,Vedette Beaulieu,sedan,fi|nl,eu,9.0,,
car,singer,Singer,1500,1500,hatchback,gb|nl|nz,eu|oc,10.0,,
car,singer,Singer,bantam,Bantam,hatchback,nl|nz,eu|oc,9.0,,
car,singer,Singer,chamois,Chamois,hatchback,fi|gb|nl|nz,eu|oc,9.0,,
car,singer,Singer,gazelle,Gazelle,convertible,gb|nl|nz,eu|oc,5.0,,
car,singer,Singer,hunter,Hunter,hatchback,fi|gb|nz,eu|oc,8.0,,
car,singer,Singer,junior,Junior,suv,nl|nz,eu|oc,7.0,,
car,singer,Singer,le-mans,Le Mans,convertible,nl|nz,eu|oc,6.0,,
car,singer,Singer,nine,Nine,convertible,nl|nz,eu|oc,8.0,,
car,singer,Singer,roadster,Roadster,convertible,nl|nz,eu|oc,5.0,,
car,singer,Singer,sm-roadster,Sm Roadster,convertible,nl|nz,eu|oc,10.0,,
car,singer,Singer,sm1500,SM1500,hatchback,nl|nz,eu|oc,10.0,,
car,singer,Singer,sport,Sport,hatchback,nl|nz,eu|oc,7.0,,
car,singer,Singer,sports,Sports,convertible,nl|nz,eu|oc,10.0,,
car,singer,Singer,vogue,Vogue,hatchback,gb|nz,eu|oc,5.0,,
car,singer,Singer,vogue-series,Vogue Series,sedan,nl|nz,eu|oc,10.0,,
car,skoda,Škoda,100,100,sedan,fi|gb|nl|nz|ua,eu|oc,9.0,,car/skoda/s100
car,skoda,Škoda,105,105,sedan,fi|gb|nl,eu,8.0,,
car,skoda,Škoda,110,110,hatchback,fi|gb|nz,eu|oc,10.0,,car/skoda/s110
car,skoda,Škoda,110-l,110 L,sedan,fi|nl|nz,eu|oc,6.0,,car/skoda/110l|car/skoda/s110l
car,skoda,Škoda,1100,1100,hatchback,nl|nz,eu|oc,10.0,,
car,skoda,Škoda,1100-mb,1100 MB,sedan,nl|nz,eu|oc,10.0,,
car,skoda,Škoda,1102,1102,sedan,fi|nl,eu,6.0,,
car,skoda,Škoda,110r,110R,coupe,fi|nl|nz,eu|oc,6.0,,
car,skoda,Škoda,120,120,hatchback,fi|gb|nz,eu|oc,7.0,,
car,skoda,Škoda,120-gls,120 GLS,sedan,fi|nl,eu,10.0,,
car,skoda,Škoda,120-l,120 L,sedan,fi|nl|nz,eu|oc,7.0,,car/skoda/120l
car,skoda,Škoda,120-ls,120 LS,sedan,fi|nl|nz,eu|oc,8.0,,
car,skoda,Škoda,1200,1200,hatchback,fi|nl,eu,8.0,,
car,skoda,Škoda,1202,1202,hatchback,fi|nl,eu,10.0,,
car,skoda,Škoda,130,130,hatchback,fi|gb,eu,7.0,,
car,skoda,Škoda,440,440,hatchback,nl|nz,eu|oc,10.0,,
car,skoda,Škoda,citigo,Citigo,hatchback,es|fi|gb|lu|nl|nz|ua,eu|oc,3.0,,
car,skoda,Škoda,elroq,Elroq,suv,de|es|fi|gb|ie|lu|nl|nz,eu|oc,2.0,,car/skoda/elroq-85x|car/skoda/elroq-edition
car,skoda,Škoda,enyaq,Enyaq,suv,de|es|fi|gb|ie|lu|nl|nz|ua,eu|oc,2.0,,car/skoda/enyaq-50|car/skoda/enyaq-80x|car/skoda/enyaq-85x
car,skoda,Škoda,epiq,Epiq,hatchback|wagon,de|es|nl,eu,9.0,,
car,skoda,Škoda,fabia,Fabia,hatchback|wagon,de|es|fi|gb|ie|lu|nl|nz|ua,eu|oc,1.0,,car/skoda/fabia-1|car/skoda/fabia-1-2tsi|car/skoda/fabia-combi
car,skoda,Škoda,favorit,Favorit,hatchback,fi|gb|nl|ua,eu,5.0,,
car,skoda,Škoda,felicia,Felicia,hatchback,fi|gb|nl|nz|ua,eu|oc,4.0,,car/skoda/felica
car,skoda,Škoda,forman,Forman,hatchback|wagon,fi|nl|ua,eu,6.0,,
car,skoda,Škoda,kamiq,Kamiq,suv,de|es|fi|gb|ie|lu|nl|nz|ua,eu|oc,2.0,,
car,skoda,Škoda,karoq,Karoq,suv,de|es|fi|gb|ie|lu|nl|nz|ua,eu|oc,1.0,,
car,skoda,Škoda,kodiaq,Kodiaq,suv,de|es|fi|gb|ie|lu|nl|nz|ua,eu|oc,1.0,,
car,skoda,Škoda,octavia,Octavia,hatchback|wagon,de|es|fi|gb|ie|lu|nl|nz|ua,eu|oc,1.0,,car/skoda/octavia-a5|car/skoda/octavia-a7|car/skoda/octavia-combi|car/skoda/octavia-scout|car/skoda/octavia-super|car/skoda/octavia-tour
car,skoda,Škoda,rapid,Rapid,sedan,es|fi|gb|lu|nl|nz|ua,eu|oc,2.0,,car/skoda/spaceback
car,skoda,Škoda,roomster,Roomster,hatchback,es|fi|gb|lu|nl|nz|ua,eu|oc,3.0,,
car,skoda,Škoda,scala,Scala,hatchback,de|es|fi|gb|ie|lu|nl|nz|ua,eu|oc,2.0,,
car,skoda,Škoda,superb,Superb,sedan|wagon,de|es|fi|gb|ie|lu|nl|nz|ua,eu|oc,1.0,,car/skoda/suberb
car,skoda,Škoda,yeti,Yeti,suv,es|fi|gb|lu|nl|nz|ua,eu|oc,2.0,,
car,skywell,Skywell,be11,BE11,hatchback,fi|nl,eu,8.0,,
car,skywell,Skywell,et5,ET5,hatchback,fi|nl|ua,eu,9.0,,
car,skyworth,Skyworth,k,K,hatchback,fi|nz,eu|oc,10.0,,
car,smart,Smart,1,#1,hatchback,de|es|fi|gb|lu|nl|nz|ua,eu|oc,4.0,,car/smart/1-premium|car/smart/1-pro
car,smart,Smart,3,#3,hatchback,de|es|fi|lu|nl|nz|ua,eu|oc,5.0,,
car,smart,Smart,5,#5,hatchback,de|es|fi|lu|nl|nz|ua,eu|oc,5.0,,
car,smart,Smart,brabus,Brabus,convertible,my|nl|nz,as|eu|oc,6.0,,
car,smart,Smart,cabrio,Cabrio,convertible,nl|nz|ua,eu|oc,8.0,,
car,smart,Smart,city,City,hatchback,fi|gb|nl|nz|ua,eu|oc,6.0,,
car,smart,Smart,coupe,Coupe,hatchback,nz|ua,eu|oc,6.0,,
car,smart,Smart,crossblade,Crossblade,convertible,gb|nl,eu,8.0,,
car,smart,Smart,electric-drive,Electric Drive,coupe,lu|nl,eu,5.0,,
car,smart,Smart,eq-forfour,EQ Forfour,sedan,es|fi|lu|nl|ua,eu,4.0,,
car,smart,Smart,eq-fortwo,EQ Fortwo,coupe,es|fi|lu|nl|ua|us,eu|na,4.0,,
car,smart,Smart,forfour,Forfour,hatchback,es|fi|gb|lu|nl|nz|ua,eu|oc,3.0,,
car,smart,Smart,forfour-brabus,Forfour Brabus,sedan|wagon,es|fi|lu|nl,eu,6.0,,
car,smart,Smart,forfour-ed,Forfour Ed,sedan,fi|nl|ua,eu,6.0,,
car,smart,Smart,fortwo,Fortwo,hatchback,ca|de|es|fi|gb|lu|nl|nz|ua|us,eu|na|oc,3.0,,car/smart/for-two
car,smart,Smart,fortwo-brabus,Fortwo Brabus,hatchback,es|lu,eu,9.0,,
car,smart,Smart,fourtwo,Fourtwo,hatchback,es|fi,eu,10.0,,
car,smart,Smart,mc01,MC01,convertible,fi|nl|ua,eu,4.0,,car/smart/mc-01
car,smart,Smart,mcc,Mcc,convertible,fi|nl|ua,eu,7.0,,
car,smart,Smart,mcc-smart,Mcc Smart,hatchback,fi|nl,eu,9.0,,
car,smart,Smart,passion,Passion,hatchback,fi|ua,eu,9.0,,
car,smart,Smart,roadster,Roadster,convertible,es|fi|gb|lu|nl|nz|ua,eu|oc,4.0,,
car,smart,Smart,roadster-brabus,Roadster Brabus,convertible,fi|nl,eu,5.0,,
car,smart,Smart,roadster-coupe,Roadster-Coupe,convertible,fi|lu|nl,eu,5.0,,
car,spartan,Spartan,sports,Sports,convertible,nl|nz,eu|oc,9.0,,
car,spyker,Spyker,c8,C8,convertible,nl|us,eu|na,7.0,,
car,spyker,Spyker,c8-aileron,C8 Aileron,coupe,nl|us,eu|na,10.0,,
car,spyker,Spyker,c8-double-12-s,C8 Double 12 S,coupe,nl|us,eu|na,10.0,,
car,spyker,Spyker,c8-laviolette,C8 Laviolette,coupe,nl|us,eu|na,9.0,,
car,spyker,Spyker,c8-spyder,C8 Spyder,convertible,nl|us,eu|na,7.0,,
car,srt,Srt,viper,Viper,hatchback,ca|us,na,,,
car,ssangyong,SsangYong,actyon,Actyon,hatchback,fi|nl|nz|th,as|eu|oc,8.0,,
car,ssangyong,SsangYong,g4-rexton,G4 Rexton,hatchback,nz,oc,2.0,,
car,ssangyong,SsangYong,korando,Korando,hatchback|wagon,es|fi|gb|lu|nl|nz,eu|oc,3.0,,
car,ssangyong,SsangYong,korando-e-motion,Korando E-Motion,hatchback|wagon,fi|nl,eu,4.0,,
car,ssangyong,SsangYong,kyron,Kyron,hatchback|wagon,fi|gb|nl|nz,eu|oc,5.0,,
car,ssangyong,SsangYong,musso,Musso,hatchback|wagon,fi|gb|nl|nz,eu|oc,6.0,,
car,ssangyong,SsangYong,rexton,Rexton,hatchback|wagon,es|fi|gb|lu|nl|nz,eu|oc,3.0,,
car,ssangyong,SsangYong,rodius,Rodius,hatchback|wagon,es|fi|gb|lu|nl,eu,6.0,,
car,ssangyong,SsangYong,tivoli,Tivoli,hatchback|wagon,es|fi|gb|ie|lu|nl|nz,eu|oc,4.0,,
car,ssangyong,SsangYong,torres,Torres,hatchback|wagon,lu|nl,eu,9.0,,
car,ssangyong,SsangYong,xlv,Xlv,hatchback|wagon,es|lu|nl,eu,7.0,,
car,standard,Standard,10,10,hatchback,nl|nz,eu|oc,7.0,,
car,standard,Standard,eight,Eight,sedan,nl|nz,eu|oc,8.0,,
car,standard,Standard,flying,Flying,convertible,nl|nz,eu|oc,10.0,,
car,standard,Standard,flying-12,Flying 12,sedan,nl|nz,eu|oc,10.0,,
car,standard,Standard,flying-eight,Flying Eight,sedan,nl|nz,eu|oc,10.0,,
car,standard,Standard,little-9,Little 9,sedan,nl|nz,eu|oc,10.0,,
car,standard,Standard,ten,Ten,sedan,nl|nz,eu|oc,7.0,,
car,standard,Standard,vanguard,Vanguard,hatchback,fi|my|nl|nz,as|eu|oc,8.0,,
car,steyr-puch,Steyr-Puch,500-dl,500 DL,sedan,fi|nl,eu,9.0,,
car,steyr-puch,Steyr-Puch,pinzgauer-710-m,Pinzgauer 710 M,convertible,fi|nl,eu,9.0,,
car,stuart-taylor,Stuart Taylor,loco-blade,Loco Blade,convertible,gb|nl,eu,10.0,,
car,studebaker,Studebaker,avanti,Avanti,coupe,fi|nl|nz,eu|oc,7.0,,
car,studebaker,Studebaker,champion,Champion,sedan,fi|nl|nz,eu|oc,6.0,,
car,studebaker,Studebaker,commander,Commander,sedan,fi|nl|nz,eu|oc,6.0,,
car,studebaker,Studebaker,conestoga,Conestoga,hatchback|wagon,nl|nz,eu|oc,10.0,,
car,studebaker,Studebaker,daytona,Daytona,convertible,nl|nz,eu|oc,9.0,,
car,studebaker,Studebaker,dictator,Dictator,sedan,fi|nl|nz,eu|oc,7.0,,
car,studebaker,Studebaker,director,Director,hatchback,fi|nz,eu|oc,9.0,,
car,studebaker,Studebaker,erskine,Erskine,hatchback,nl|nz,eu|oc,8.0,,
car,studebaker,Studebaker,golden-hawk,Golden Hawk,coupe,nl|nz|ua,eu|oc,9.0,,
car,studebaker,Studebaker,gt-hawk,GT Hawk,coupe,nl|nz,eu|oc,10.0,,
car,studebaker,Studebaker,hawk,Hawk,hatchback,fi|nl|nz,eu|oc,7.0,,
car,studebaker,Studebaker,lark,Lark,hatchback,fi|nl|nz,eu|oc,6.0,,
car,studebaker,Studebaker,lark-8,Lark 8,convertible,nl|nz,eu|oc,10.0,,
car,studebaker,Studebaker,lark-daytona,Lark Daytona,hatchback,fi|nl,eu,10.0,,
car,studebaker,Studebaker,president,President,sedan,fi|nl|nz,eu|oc,7.0,,
car,studebaker,Studebaker,president-speedster,President Speedster,coupe,fi|nl,eu,8.0,,
car,studebaker,Studebaker,silver-hawk,Silver Hawk,coupe,nl|nz,eu|oc,7.0,,
car,studebaker,Studebaker,starlite,Starlite,hatchback,nl|nz,eu|oc,10.0,,
car,stutz,Stutz,bearcat,Bearcat,convertible,fi|nl,eu,9.0,,
car,subaru,Subaru,1400,1400,hatchback,nl|nz,eu|oc,9.0,,
car,subaru,Subaru,1800,1800,hatchback|wagon,fi|nl|nz,eu|oc,6.0,,
car,subaru,Subaru,360,360,sedan,nl|nz,eu|oc,9.0,,
car,subaru,Subaru,4wd,4WD,hatchback,gb|nz,eu|oc,7.0,,
car,subaru,Subaru,700,700,hatchback,gb|nz,eu|oc,10.0,,
car,subaru,Subaru,ascent,Ascent,hatchback|wagon,ca|my|nl|ua|us,as|eu|na,7.0,,
car,subaru,Subaru,baja,Baja,hatchback|wagon,ca|nl|us,eu|na,10.0,,
car,subaru,Subaru,brz,Brz,coupe,ca|es|fi|gb|lu|my|nl|nz|ua|us,as|eu|na|oc,5.0,,car/subaru/brz-ts
car,subaru,Subaru,crosstrek,Crosstrek,hatchback|wagon,ca|de|es|fi|gb|lu|my|nl|nz|ua|us,as|eu|na|oc,5.0,,car/subaru/c-trek-toring-ebxr-sym|car/subaru/crosstrek-wilderness|car/subaru/xv-crosstrek
car,subaru,Subaru,dl,DL,hatchback,gb|nz,eu|oc,9.0,,
car,subaru,Subaru,e-outback,E-Outback,hatchback|wagon,lu|nl,eu,8.0,,
car,subaru,Subaru,e12,E12,hatchback,fi|nl|ua,eu,7.0,,car/subaru/libero-e12
car,subaru,Subaru,exiga,Exiga,hatchback|wagon,fi|my|nl|nz,as|eu|oc,7.0,,
car,subaru,Subaru,forester,Forester,suv,ca|de|es|fi|gb|ie|lu|my|nl|nz|ua|us,as|eu|na|oc,3.0,,car/subaru/forester-2-5x|car/subaru/forester-2-5xt|car/subaru/forester-pzev|car/subaru/forester-sport|car/subaru/forester-sti|car/subaru/forester-wilderness|car/subaru/forester-xt|car/subaru/forrester
car,subaru,Subaru,gft,Gft,hatchback,gb|nz,eu|oc,9.0,,
car,subaru,Subaru,gl,GL,hatchback,gb|nz,eu|oc,10.0,,
car,subaru,Subaru,glf,Glf,hatchback,gb|nz,eu|oc,9.0,,
car,subaru,Subaru,gsr,Gsr,hatchback,nl|nz,eu|oc,8.0,,
car,subaru,Subaru,impreza,Impreza,sedan|wagon,ca|de|es|fi|gb|lu|my|nl|nz|ua|us,as|eu|na|oc,3.0,,car/subaru/impreza-2|car/subaru/impreza-2-0gt|car/subaru/impreza-4|car/subaru/impreza-5|car/subaru/impreza-gt-turbo|car/subaru/impreza-r-sport|car/subaru/impreza-sti|car/subaru/impreza-turbo-2000|car/subaru/impreza-wagon|car/subaru/impreza-wrx|car/subaru/impreza-wrx-sti|car/subaru/impreza-wrx-sti-type-uk|car/subaru/impreza-wrx-turbo|car/subaru/outback-sport
car,subaru,Subaru,justy,Justy,hatchback,fi|gb|lu|nl|nz|ua|us,eu|na|oc,5.0,,car/subaru/justy-g3x
car,subaru,Subaru,legacy,Legacy,sedan|wagon,ca|es|fi|gb|lu|my|nl|nz|ua|us,as|eu|na|oc,4.0,,car/subaru/legacy-2|car/subaru/legacy-3-0r|car/subaru/legacy-b4|car/subaru/legacy-b4-rsk|car/subaru/legacy-gt|car/subaru/legacy-wagon
car,subaru,Subaru,leone,Leone,hatchback,nz|ua,eu|oc,7.0,,
car,subaru,Subaru,levorg,Levorg,hatchback|wagon,fi|gb|lu|my|nl|nz|ua,as|eu|oc,5.0,,
car,subaru,Subaru,outback,Outback,hatchback|wagon,ar|ca|de|es|fi|gb|lu|my|nl|nz|ua|us,as|eu|na|oc|sa,4.0,,car/subaru/legacy-outback|car/subaru/outback-2-5i|car/subaru/outback-3-0r|car/subaru/outback-3-6r|car/subaru/outback-pzev|car/subaru/outback-touring|car/subaru/outback-wagon|car/subaru/outback-wilderness
car,subaru,Subaru,r2,R2,hatchback,nl|nz,eu|oc,8.0,,
car,subaru,Subaru,rx-turbo,RX Turbo,hatchback,nz|us,na|oc,8.0,,
car,subaru,Subaru,sambar,Sambar,hatchback,fi|nl|nz,eu|oc,9.0,,
car,subaru,Subaru,sedan,Sedan,hatchback,nz|us,na|oc,10.0,,
car,subaru,Subaru,solterra,Solterra,hatchback|wagon,ca|de|fi|gb|lu|nl|nz|ua|us,eu|na|oc,4.0,,
car,subaru,Subaru,svx,Svx,coupe,ca|fi|gb|lu|nl|nz|us,eu|na|oc,7.0,,
car,subaru,Subaru,trezia,Trezia,hatchback,nl|nz|ua,eu|oc,4.0,,
car,subaru,Subaru,tribeca,Tribeca,hatchback|wagon,ca|es|fi|nl|nz|ua|us,eu|na|oc,4.0,,car/subaru/b9-tribeca
car,subaru,Subaru,uncharted,Uncharted,hatchback|wagon,de|lu|nl|us,eu|na,6.0,,
car,subaru,Subaru,vivio,Vivio,hatchback,fi|gb|nl|nz|ua,eu|oc,7.0,,
car,subaru,Subaru,wagon,Wagon,hatchback,nz|us,na|oc,10.0,,
car,subaru,Subaru,wrx,Wrx,sedan,ca|es|fi|gb|lu|my|nl|nz|ua|us,as|eu|na|oc,5.0,,car/subaru/wrx-sti
car,subaru,Subaru,xt,Xt,coupe,fi|nl|us,eu|na,9.0,,
car,subaru,Subaru,xv,Xv,suv,es|fi|gb|lu|my|nl|nz,as|eu|oc,3.0,,
car,sunbeam,Sunbeam,12-16hp,12-16HP,hatchback,nl|nz,eu|oc,9.0,,
car,sunbeam,Sunbeam,alpine,Alpine,convertible,gb|nl|nz,eu|oc,4.0,,
car,sunbeam,Sunbeam,alpine-gt,Alpine GT,hatchback,fi|nz|ua,eu|oc,10.0,,
car,sunbeam,Sunbeam,alpine-roadster,Alpine Roadster,convertible,fi|nl,eu,9.0,,
car,sunbeam,Sunbeam,alpine-series,Alpine Series,convertible,fi|nl|nz,eu|oc,8.0,,car/sunbeam/alpine-serie
car,sunbeam,Sunbeam,hunter,Hunter,hatchback,fi|nl,eu,10.0,,
car,sunbeam,Sunbeam,imp,Imp,hatchback,fi|gb|nl|nz,eu|oc,6.0,,
car,sunbeam,Sunbeam,imp-sport,Imp Sport,sedan,nl|nz,eu|oc,9.0,,
car,sunbeam,Sunbeam,mk,Mk,convertible,nl|nz,eu|oc,9.0,,
car,sunbeam,Sunbeam,rapier,Rapier,convertible,fi|gb|nl|nz,eu|oc,6.0,,
car,sunbeam,Sunbeam,sceptre,Sceptre,sedan,nl|nz,eu|oc,8.0,,
car,sunbeam,Sunbeam,stiletto,Stiletto,coupe,fi|gb|nl|nz,eu|oc,7.0,,
car,sunbeam,Sunbeam,talbot,Talbot,convertible,gb|nl|nz,eu|oc,7.0,,
car,sunbeam,Sunbeam,talbot-90,Talbot 90,hatchback,fi|nl|nz,eu|oc,9.0,,
car,sunbeam,Sunbeam,tiger,Tiger,convertible,gb|nl|nz,eu|oc,5.0,,
car,sunbeam,Sunbeam,tourer,Tourer,convertible,nl|nz,eu|oc,9.0,,
car,sunbeam,Sunbeam,vogue,Vogue,sedan,gb|nl,eu,9.0,,
car,superior,Superior,cadillac-brougham-begrafenisauto,Cadillac Brougham Begrafenisauto,hatchback,fi|nl,eu,9.0,,
car,suzuki,Suzuki,across,Across,hatchback|wagon,de|es|fi|gb|nl,eu,5.0,,
car,suzuki,Suzuki,aerio,Aerio,hatchback|wagon,ca|nl|nz|us,eu|na|oc,6.0,,car/suzuki/aerio-sx
car,suzuki,Suzuki,alto,Alto,hatchback,es|fi|gb|lu|my|nl|nz|ua,as|eu|oc,4.0,,
car,suzuki,Suzuki,alto-works,Alto Works,hatchback,fi|nl,eu,7.0,,
car,suzuki,Suzuki,baleno,Baleno,hatchback,es|fi|gb|lu|nl|nz|ua,eu|oc,4.0,,
car,suzuki,Suzuki,cappuccino,Cappuccino,convertible,fi|gb|nl|nz,eu|oc,5.0,,
car,suzuki,Suzuki,celerio,Celerio,hatchback,fi|gb|lu|nl|nz|ua,eu|oc,4.0,,
car,suzuki,Suzuki,ciaz,Ciaz,sedan,nl|th,as|eu,9.0,,
car,suzuki,Suzuki,e-vitara,E Vitara,hatchback,es|gb|lu|nl|nz,eu|oc,4.0,,
car,suzuki,Suzuki,equator,Equator,hatchback,ca|us,na,,,
car,suzuki,Suzuki,escudo,Escudo,hatchback,gb|nz,eu|oc,6.0,,
car,suzuki,Suzuki,esteem,Esteem,hatchback,ca|us,na,,,car/suzuki/esteem-wagon
car,suzuki,Suzuki,every,Every,hatchback,fi|nl|nz,eu|oc,7.0,,
car,suzuki,Suzuki,every-wagon,Every Wagon,hatchback,fi|nl,eu,7.0,,
car,suzuki,Suzuki,forenza,Forenza,hatchback,ua|us,eu|na,10.0,,
car,suzuki,Suzuki,fronte,Fronte,hatchback,nl|nz,eu|oc,7.0,,
car,suzuki,Suzuki,fronx,Fronx,hatchback,my|nz,as|oc,4.0,,
car,suzuki,Suzuki,grand-vitara,Grand Vitara,suv,ca|es|fi|gb|lu|nl|nz|ua|us,eu|na|oc,2.0,,
car,suzuki,Suzuki,grand-vitara-v6,Grand Vitara V6,hatchback|wagon,fi|nl,eu,7.0,,
car,suzuki,Suzuki,hustler,Hustler,hatchback,gb|my|nz|th,as|eu|oc,7.0,,
car,suzuki,Suzuki,ignis,Ignis,suv,es|fi|gb|ie|lu|nl|nz|ua,eu|oc,3.0,,
car,suzuki,Suzuki,jimny,Jimny,suv,de|es|fi|gb|lu|my|nl|nz|th|ua,as|eu|oc,4.0,,car/suzuki/jimmy
car,suzuki,Suzuki,jimny-sierra,Jimny Sierra,hatchback,my|th,as,4.0,,
car,suzuki,Suzuki,kei,Kei,hatchback,fi|nz,eu|oc,10.0,,
car,suzuki,Suzuki,kizashi,Kizashi,sedan,ca|es|gb|lu|nl|nz|ua|us,eu|na|oc,6.0,,
car,suzuki,Suzuki,kizashi-s,Kizashi S,hatchback,ca|us,na,,,
car,suzuki,Suzuki,liana,Liana,hatchback|wagon,fi|gb|lu|nl|nz|ua,eu|oc,4.0,,
car,suzuki,Suzuki,lj,Lj,convertible,gb|nl,eu,10.0,,
car,suzuki,Suzuki,lj80,LJ80,convertible,es|nl|nz,eu|oc,7.0,,
car,suzuki,Suzuki,s-cross,S-Cross,suv,de|es|fi|gb|ie|lu|nl|nz|ua,eu|oc,3.0,,
car,suzuki,Suzuki,sa310,SA310,hatchback,fi|us,eu|na,5.0,,
car,suzuki,Suzuki,samurai,Samurai,convertible,fi|gb|lu|nl|nz|ua|us,eu|na|oc,5.0,,
car,suzuki,Suzuki,samurai-j,Samurai J,convertible,es|nl,eu,10.0,,
car,suzuki,Suzuki,sc,Sc,hatchback,gb|nz,eu|oc,8.0,,
car,suzuki,Suzuki,sidekick,Sidekick,convertible,ca|nl|nz|ua|us,eu|na|oc,9.0,,
car,suzuki,Suzuki,sidekick-sport,Sidekick Sport,hatchback,ca|us,na,,,
car,suzuki,Suzuki,sj,Sj,convertible,gb|nl|nz,eu|oc,6.0,,
car,suzuki,Suzuki,sj-40,Sj 40,convertible,fi|nl,eu,10.0,,
car,suzuki,Suzuki,sj-410v,Sj 410V,hatchback,nz|us,na|oc,9.0,,
car,suzuki,Suzuki,sj410,SJ410,convertible,fi|nl|nz|us,eu|na|oc,4.0,,car/suzuki/sj-410
car,suzuki,Suzuki,sj410q,SJ410Q,hatchback,nl|nz,eu|oc,8.0,,
car,suzuki,Suzuki,sj413,SJ413,convertible,es|fi|lu|nl|nz,eu|oc,6.0,,car/suzuki/sj-413|car/suzuki/sj413-jx|car/suzuki/sj413jx|car/suzuki/sj413vjx
car,suzuki,Suzuki,solio,Solio,hatchback,nz|ua,eu|oc,6.0,,
car,suzuki,Suzuki,spacia,Spacia,hatchback,my|nz,as|oc,8.0,,
car,suzuki,Suzuki,splash,Splash,hatchback|wagon,es|fi|gb|lu|nl|nz|ua,eu|oc,4.0,,
car,suzuki,Suzuki,st90v,ST90V,hatchback,nl|nz,eu|oc,7.0,,
car,suzuki,Suzuki,super-carry,Super Carry,hatchback|wagon,nl|ua,eu,8.0,,
car,suzuki,Suzuki,swace,Swace,hatchback|wagon,de|es|fi|gb|lu|nl,eu,4.0,,
car,suzuki,Suzuki,swift,Swift,hatchback,ar|ca|de|es|fi|gb|ie|lu|my|nl|nz|th|ua|us,as|eu|na|oc|sa,2.0,,car/suzuki/swift-gl
car,suzuki,Suzuki,swift-sport,Swift Sport,hatchback,es|fi|lu|nl|th,as|eu,7.0,,
car,suzuki,Suzuki,sx,Sx,hatchback,gb|nz,eu|oc,7.0,,
car,suzuki,Suzuki,sx4,SX4,hatchback,ca|es|fi|gb|ie|lu|nl|nz|ua|us,eu|na|oc,2.0,,car/suzuki/sx-4
car,suzuki,Suzuki,sx4-s-cross,SX4 S-Cross,suv,fi|nl|ua,eu,7.0,,
car,suzuki,Suzuki,verona,Verona,hatchback,ca|us,na,,,
car,suzuki,Suzuki,vitara,Vitara,suv,ca|de|es|fi|gb|ie|lu|nl|nz|ua|us,eu|na|oc,2.0,,car/suzuki/vitara-2|car/suzuki/vitara-4|car/suzuki/vitara-jlx
car,suzuki,Suzuki,wagon,Wagon,hatchback,nl|ua,eu,9.0,,
car,suzuki,Suzuki,wagon-r,Wagon R,hatchback|wagon,es|fi|gb|lu|nl|nz|ua,eu|oc,5.0,,
car,suzuki,Suzuki,x-90,X-90,sedan,ca|fi|gb|lu|nl|nz|ua|us,eu|na|oc,7.0,,car/suzuki/vitara-x-90|car/suzuki/x90
car,suzuki,Suzuki,xbee,Xbee,hatchback,my|nz,as|oc,7.0,,
car,suzuki,Suzuki,xl7,XL7,hatchback|wagon,ca|fi|nl|ua|us,eu|na,7.0,,car/suzuki/grand-vitara-xl7|car/suzuki/xl-7
car,swallow,Swallow,doretti,Doretti,convertible,nl|nz,eu|oc,8.0,,
car,swm,SWM,g01f,G01F,hatchback,es|lu,eu,8.0,,
car,swm,SWM,g03f,G03F,hatchback,es|lu,eu,6.0,,
car,sylva,Sylva,striker,Striker,convertible,nl|nz,eu|oc,7.0,,
car,talbot,Talbot,105,105,convertible,nl|nz,eu|oc,10.0,,
car,talbot,Talbot,1510,1510,hatchback,fi|ua,eu,7.0,,
car,talbot,Talbot,90,90,convertible,nl|nz,eu|oc,10.0,,
car,talbot,Talbot,alpine,Alpine,hatchback,gb|nz,eu|oc,8.0,,
car,talbot,Talbot,horizon,Horizon,hatchback,fi|gb|nl,eu,6.0,,
car,talbot,Talbot,samba,Samba,convertible,fi|gb|nl,eu,7.0,,
car,talbot,Talbot,simca-sunbeam-lotus,Simca Sunbeam Lotus,hatchback,fi|nl,eu,8.0,,
car,talbot,Talbot,solara,Solara,sedan,fi|gb|nl,eu,7.0,,
car,talbot,Talbot,sunbeam,Sunbeam,hatchback,gb|nz,eu|oc,7.0,,
car,talbot,Talbot,sunbeam-lotus,Sunbeam Lotus,hatchback,nl|nz,eu|oc,9.0,,
car,talbot,Talbot,tagora,Tagora,sedan,gb|nl|nz,eu|oc,10.0,,
car,tata,Tata,safari,Safari,hatchback,gb|ua,eu,8.0,,
car,tesla,Tesla,cybertruck,Cybertruck,hatchback,ca|ua|us,eu|na,9.0,,
car,tesla,Tesla,model-3,Model 3,sedan,ca|de|es|fi|gb|ie|lu|my|nl|nz|th|ua|us,as|eu|na|oc,1.0,,
car,tesla,Tesla,model-s,Model S,sedan,ca|de|es|fi|gb|lu|nl|nz|ua|us,eu|na|oc,3.0,,
car,tesla,Tesla,model-x,Model X,suv,ca|de|es|fi|gb|lu|my|nl|nz|ua|us,as|eu|na|oc,4.0,,
car,tesla,Tesla,model-y,Model Y,suv,ca|de|es|fi|gb|ie|lu|my|nl|nz|th|ua|us,as|eu|na|oc,1.0,,car/tesla/y
car,tesla,Tesla,roadster,Roadster,convertible,gb|nl|nz,eu|oc,7.0,,
car,think,Think,city,City,hatchback,fi|nl,eu,8.0,,
car,tiger,Tiger,six,Six,convertible,es|nl,eu,7.0,,
car,togg,Togg,t10x,T10X,hatchback,de|my|nl,as|eu,8.0,,
car,toth-es-fiai,Toth Es Fiai,clever,Clever,hatchback,es|fi|lu|nl,eu,7.0,,
car,toyota,Toyota,1000,1000,sedan,gb|nl|nz,eu|oc,8.0,,
car,toyota,Toyota,2000gt,2000GT,coupe,fi|nl,eu,10.0,,
car,toyota,Toyota,4-runner,4-Runner,hatchback|wagon,ca|es|fi|gb|nl|nz|ua|us,eu|na|oc,5.0,,car/toyota/4runner
car,toyota,Toyota,86,86,coupe,ca|es|fi|lu|my|nl|nz|ua|us,as|eu|na|oc,5.0,,
car,toyota,Toyota,allex,Allex,hatchback,nz,oc,1.0,,
car,toyota,Toyota,allion,Allion,hatchback,nz,oc,1.0,,
car,toyota,Toyota,alphard,Alphard,hatchback,fi|gb|my|nl|nz|th|ua,as|eu|oc,4.0,,
car,toyota,Toyota,altezza,Altezza,sedan,fi|gb|nl|nz,eu|oc,4.0,,car/toyota/altezza-gita|car/toyota/altezza-rs200
car,toyota,Toyota,aqua,Aqua,hatchback,fi|gb|my|nl|nz|ua,as|eu|oc,6.0,,
car,toyota,Toyota,aristo,Aristo,sedan,fi|gb|lu|nl|nz|ua,eu|oc,6.0,,car/toyota/aristo-3-0v|car/toyota/aristo-v300
car,toyota,Toyota,aurion,Aurion,hatchback,nz|ua,eu|oc,4.0,,
car,toyota,Toyota,auris,Auris,hatchback,es|fi|gb|lu|nl|nz|ua,eu|oc,1.0,,
car,toyota,Toyota,avalon,Avalon,sedan,ca|fi|gb|nl|nz|ua|us,eu|na|oc,5.0,,car/toyota/avalon-xle
car,toyota,Toyota,avensis,Avensis,sedan|wagon,es|fi|gb|lu|nl|nz|ua,eu|oc,2.0,,
car,toyota,Toyota,aygo,Aygo,hatchback,de|es|fi|gb|ie|lu|nl|nz|ua,eu|oc,3.0,,car/toyota/aygo-cross
car,toyota,Toyota,aygo-x,Aygo X,hatchback,es|fi|gb|lu|nl,eu,2.0,,
car,toyota,Toyota,bb,Bb,hatchback|wagon,fi|nl|nz,eu|oc,3.0,,car/toyota/bb-opendeck
car,toyota,Toyota,blade,Blade,hatchback,fi|nz,eu|oc,3.0,,
car,toyota,Toyota,brevis,Brevis,hatchback,fi|nz,eu|oc,6.0,,
car,toyota,Toyota,bz,Bz,hatchback,ca|us,na,,,
car,toyota,Toyota,bz-limited,Bz Limited,hatchback,ca|us,na,,,
car,toyota,Toyota,bz-woodland,Bz Woodland,hatchback,ca|us,na,,,
car,toyota,Toyota,bz4x,bZ4X,suv,ca|de|es|fi|gb|ie|lu|my|nl|nz|th|ua|us,as|eu|na|oc,3.0,,
car,toyota,Toyota,bz4x-touring,BZ4X Touring,hatchback|wagon,lu|nl|nz,eu|oc,5.0,,
car,toyota,Toyota,c-hr,C-HR,suv,ca|de|es|fi|gb|ie|lu|my|nl|nz|th|ua|us,as|eu|na|oc,2.0,,car/toyota/ch-r|car/toyota/chr
car,toyota,Toyota,caldina,Caldina,hatchback|wagon,fi|nl|nz|ua,eu|oc,5.0,,car/toyota/caldina-gt-four|car/toyota/caldina-gt-t
car,toyota,Toyota,camry,Camry,sedan,ca|es|fi|gb|ie|lu|my|nl|nz|th|ua|us,as|eu|na|oc,3.0,,car/toyota/camry-2|car/toyota/camry-le|car/toyota/camry-le-se|car/toyota/camry-se|car/toyota/camry-trd|car/toyota/camry-wagon|car/toyota/camry-xle|car/toyota/camry-xle-xse|car/toyota/camry-xse
car,toyota,Toyota,camry-solara,Camry Solara,convertible,ca|fi|nl|ua|us,eu|na,6.0,,car/toyota/solara
car,toyota,Toyota,carib,Carib,hatchback,nz|ua,eu|oc,6.0,,
car,toyota,Toyota,carina,Carina,sedan,fi|gb|lu|nl|nz|ua,eu|oc,4.0,,car/toyota/carina-1600|car/toyota/carina-dx
car,toyota,Toyota,carina-e,Carina E,sedan,fi|nl|ua,eu,3.0,,
car,toyota,Toyota,cavalier,Cavalier,hatchback,gb|nz,eu|oc,7.0,,
car,toyota,Toyota,celica,Celica,coupe,ca|es|fi|gb|lu|my|nl|nz|ua|us,as|eu|na|oc,4.0,,car/toyota/celica-1|car/toyota/celica-1600|car/toyota/celica-2|car/toyota/celica-gt|car/toyota/celica-gt-4|car/toyota/celica-gt-four|car/toyota/celica-gt4|car/toyota/celica-hard-top|car/toyota/celica-liftback|car/toyota/celica-lt|car/toyota/celica-supra
car,toyota,Toyota,celsior,Celsior,sedan,fi|gb|my|nl|nz,as|eu|oc,6.0,,
car,toyota,Toyota,century,Century,sedan,fi|gb|my|nl|nz,as|eu|oc,6.0,,
car,toyota,Toyota,chaser,Chaser,sedan,fi|nl|nz|ua,eu|oc,5.0,,
car,toyota,Toyota,classic,Classic,sedan,nl|nz,eu|oc,10.0,,
car,toyota,Toyota,commuter,Commuter,hatchback,th,as,1.0,,
car,toyota,Toyota,corolla,Corolla,hatchback|wagon,ca|de|es|fi|gb|ie|lu|my|nl|nz|th|ua|us,as|eu|na|oc,1.0,カローラ,car/toyota/ae86|car/toyota/corolla-1|car/toyota/corolla-1200|car/toyota/corolla-1600-gt|car/toyota/corolla-altis|car/toyota/corolla-compressor|car/toyota/corolla-fx|car/toyota/corolla-gt|car/toyota/corolla-im|car/toyota/corolla-le-eco|car/toyota/corolla-sport|car/toyota/corolla-wagon|car/toyota/corolla-xle|car/toyota/corolla-xse
car,toyota,Toyota,corolla-cross,Corolla Cross,suv,ca|es|fi|ie|my|nl|th|ua|us,as|eu|na,3.0,,
car,toyota,Toyota,corolla-fielder,Corolla Fielder,hatchback,fi|nz|ua,eu|oc,5.0,,car/toyota/fielder
car,toyota,Toyota,corolla-levin,Corolla Levin,coupe,my|nl,as|eu,8.0,,
car,toyota,Toyota,corolla-rumion,Corolla Rumion,hatchback,fi|nl,eu,7.0,,
car,toyota,Toyota,corona,Corona,sedan,fi|gb|lu|nl|nz|ua,eu|oc,6.0,,
car,toyota,Toyota,corsa,Corsa,hatchback,nz|ua,eu|oc,6.0,,
car,toyota,Toyota,cressida,Cressida,sedan,fi|gb|nl|nz|us,eu|na|oc,5.0,,
car,toyota,Toyota,cresta,Cresta,sedan,fi|nl|nz|ua,eu|oc,7.0,,
car,toyota,Toyota,crown,Crown,sedan,ca|fi|gb|lu|my|nl|nz|th|ua|us,as|eu|na|oc,5.0,,car/toyota/crown-athlete|car/toyota/crown-royal
car,toyota,Toyota,crown-majesta,Crown Majesta,sedan,fi|nl,eu,5.0,,
car,toyota,Toyota,crown-signia,Crown Signia,hatchback,ca|ua|us,eu|na,7.0,,
car,toyota,Toyota,cruiser,Cruiser,hatchback|wagon,nl|nz|ua,eu|oc,8.0,,
car,toyota,Toyota,curren,Curren,coupe,nl|nz,eu|oc,6.0,,
car,toyota,Toyota,dyna,Dyna,hatchback,gb|nz,eu|oc,8.0,,
car,toyota,Toyota,e-jzx100,E-JZX100,sedan,fi|nl,eu,10.0,,
car,toyota,Toyota,echo,Echo,sedan,ca|nl|nz|ua|us,eu|na|oc,6.0,,
car,toyota,Toyota,esquire,Esquire,hatchback,my|nz,as|oc,4.0,,
car,toyota,Toyota,estima,Estima,hatchback|wagon,fi|gb|my|nl|nz|ua,as|eu|oc,5.0,,
car,toyota,Toyota,fj-cruiser,Fj Cruiser,hatchback|wagon,ca|es|fi|gb|nl|nz|ua|us,eu|na|oc,4.0,,
car,toyota,Toyota,fortuner,Fortuner,hatchback|wagon,fi|my|nl|nz|th|ua,as|eu|oc,3.0,,
car,toyota,Toyota,fun-cargo,Fun Cargo,hatchback|wagon,fi|nl|nz,eu|oc,7.0,,car/toyota/funcargo
car,toyota,Toyota,glanza,Glanza,hatchback,nl|nz,eu|oc,6.0,,
car,toyota,Toyota,gr-corolla,Gr Corolla,hatchback,ca|es|nl|th|us,as|eu|na,9.0,,car/toyota/corolla-gr
car,toyota,Toyota,gr-supra,Gr Supra,hatchback,ca|ua|us,eu|na,7.0,,
car,toyota,Toyota,gr-yaris,Gr Yaris,hatchback,es|fi|lu|nl|nz|th|ua,as|eu|oc,4.0,,
car,toyota,Toyota,gr86,GR86,coupe,ca|es|fi|gb|lu|my|nl|nz|ua|us,as|eu|na|oc,6.0,,car/toyota/gr-86
car,toyota,Toyota,granace,Granace,hatchback,my|nz,as|oc,8.0,,
car,toyota,Toyota,grand-hiace,Grand Hiace,hatchback,fi|nl,eu,8.0,,
car,toyota,Toyota,grand-highlander,Grand Highlander,hatchback,ca|ua|us,eu|na,6.0,,
car,toyota,Toyota,granvia,Granvia,hatchback,fi|gb|nl|nz,eu|oc,6.0,,
car,toyota,Toyota,gt,GT,hatchback,fi|nz,eu|oc,9.0,,
car,toyota,Toyota,gt86,GT86,coupe,es|fi|gb|nl|nz|ua,eu|oc,5.0,,car/toyota/gt-86
car,toyota,Toyota,harrier,Harrier,hatchback|wagon,es|fi|gb|my|nl|nz|th|ua,as|eu|oc,6.0,,
car,toyota,Toyota,hiace,Hiace,hatchback,es|fi|gb|my|nl|nz|th|ua,as|eu|oc,3.0,,car/toyota/hi-ace
car,toyota,Toyota,hiace-majesty,Hiace Majesty,hatchback,th,as,2.0,,
car,toyota,Toyota,highlander,Highlander,hatchback|wagon,ca|es|fi|gb|nl|nz|ua|us,eu|na|oc,3.0,,car/toyota/higlander
car,toyota,Toyota,hilux,Hilux,pickup,ar|fi|gb|lu|my|nl|nz|th|ua,as|eu|oc|sa,3.0,ハイラックス,car/toyota/hilux-revo
car,toyota,Toyota,hilux-surf,Hilux Surf,hatchback,fi|ua,eu,8.0,,
car,toyota,Toyota,innova,Innova,hatchback,fi|my|nz|th|ua,as|eu|oc,8.0,,
car,toyota,Toyota,innova-zenix,Innova Zenix,hatchback,my,as,2.0,,
car,toyota,Toyota,ipsum,Ipsum,hatchback,gb|nz|ua,eu|oc,6.0,,
car,toyota,Toyota,iq,iQ,coupe,es|fi|gb|lu|my|nl|nz|ua,as|eu|oc,4.0,,
car,toyota,Toyota,isis,Isis,hatchback,fi|nz,eu|oc,4.0,,
car,toyota,Toyota,ist,Ist,hatchback,fi|nz,eu|oc,6.0,,
car,toyota,Toyota,kluger,Kluger,hatchback,fi|my|nz,as|eu|oc,7.0,,
car,toyota,Toyota,land-cruiser,Land Cruiser,hatchback|wagon,ca|de|es|fi|gb|lu|my|nl|nz|th|ua|us,as|eu|na|oc,3.0,ランドクルーザー|Landcruiser,car/toyota/bj40|car/toyota/fj40|car/toyota/land-cruiser-100|car/toyota/land-cruiser-120|car/toyota/land-cruiser-120series|car/toyota/land-cruiser-150|car/toyota/land-cruiser-150-serie|car/toyota/land-cruiser-150-series|car/toyota/land-cruiser-150series|car/toyota/land-cruiser-200|car/toyota/land-cruiser-300|car/toyota/land-cruiser-300-gr-sport|car/toyota/land-cruiser-90|car/toyota/land-cruiser-bj40|car/toyota/land-cruiser-hj61|car/toyota/land-cruiser-vx|car/toyota/land-cuiser|car/toyota/landcruiser
car,toyota,Toyota,land-cruiser-prado,Land Cruiser Prado,hatchback|wagon,fi|my|nl|ua,as|eu,4.0,,car/toyota/land-cruiser-prado-150|car/toyota/land-cruiser-prado-gx|car/toyota/prado
car,toyota,Toyota,land-cruiser-v8,Land Cruiser V8,hatchback|wagon,fi|nl,eu,6.0,,car/toyota/landcruiser-v8
car,toyota,Toyota,lite-ace,Lite Ace,hatchback,gb|nl|nz|ua,eu|oc,7.0,,car/toyota/liteace
car,toyota,Toyota,mark,Mark,sedan,fi|gb|nl|nz|ua,eu|oc,5.0,,car/toyota/corona-mark|car/toyota/corona-mk|car/toyota/mark-2
car,toyota,Toyota,mark-x,Mark X,sedan,fi|my|nl|nz,as|eu|oc,5.0,,car/toyota/mark-x-250g|car/toyota/markx
car,toyota,Toyota,matrix,Matrix,mpv,ca|fi|nl|ua|us,eu|na,5.0,,car/toyota/corolla-matrix|car/toyota/matrix-xr
car,toyota,Toyota,mega-cruiser,Mega Cruiser,hatchback,my|nl,as|eu,9.0,,
car,toyota,Toyota,mem,Mem,hatchback|wagon,fi|nl,eu,10.0,,
car,toyota,Toyota,mirai,Mirai,sedan,de|es|fi|gb|my|nl|nz|ua|us,as|eu|na|oc,6.0,,car/toyota/mirai-limited|car/toyota/mirai-xle
car,toyota,Toyota,model-f,Model F,hatchback,gb|nl,eu,10.0,,
car,toyota,Toyota,mr-s,Mr-S,convertible,fi|my|nl|nz,as|eu|oc,8.0,,car/toyota/mrs
car,toyota,Toyota,mr2,MR2,convertible,es|fi|gb|lu|my|nl|nz|ua|us,as|eu|na|oc,5.0,,car/toyota/mr|car/toyota/mr-2
car,toyota,Toyota,noah,Noah,hatchback,fi|gb|my|nz|th,as|eu|oc,4.0,,
car,toyota,Toyota,paseo,Paseo,coupe,ca|es|fi|gb|nl|nz|ua|us,eu|na|oc,6.0,,
car,toyota,Toyota,passo,Passo,hatchback,fi|nz,eu|oc,3.0,,
car,toyota,Toyota,picnic,Picnic,hatchback,fi|gb|lu|my|nl|nz|ua,as|eu|oc,6.0,,
car,toyota,Toyota,platz,Platz,hatchback,nz,oc,1.0,,
car,toyota,Toyota,porte,Porte,hatchback,fi|my|nz,as|eu|oc,5.0,,
car,toyota,Toyota,previa,Previa,hatchback|wagon,ca|es|fi|gb|lu|nl|nz|ua|us,eu|na|oc,4.0,,
car,toyota,Toyota,prius,Prius,hatchback,ca|de|es|fi|gb|ie|lu|my|nl|nz|th|ua|us,as|eu|na|oc,4.0,,car/toyota/prius-eco|car/toyota/prius-phv
car,toyota,Toyota,prius-c,Prius C,hatchback|wagon,ca|nl|ua|us,eu|na,7.0,,
car,toyota,Toyota,prius-prime,Prius Prime,hatchback,ca|es|nl|ua|us,eu|na,7.0,,car/toyota/prius-prime-se|car/toyota/prius-prime-xse
car,toyota,Toyota,progres,Progres,hatchback,fi|nz,eu|oc,6.0,,
car,toyota,Toyota,publica,Publica,hatchback|wagon,nl|nz,eu|oc,10.0,,
car,toyota,Toyota,ractis,Ractis,hatchback,fi|nl|nz,eu|oc,5.0,,
car,toyota,Toyota,raum,Raum,hatchback,nz,oc,1.0,,
car,toyota,Toyota,rav4,RAV4,suv,ca|de|es|fi|gb|ie|lu|my|nl|nz|ua|us,as|eu|na|oc,2.0,,car/toyota/rav|car/toyota/rav-4|car/toyota/rav4-ev|car/toyota/rav4-le-xle|car/toyota/rav4-limited|car/toyota/rav4-soft-top
car,toyota,Toyota,rav4-prime,RAV4 Prime,hatchback|wagon,ca|nl|us,eu|na,10.0,,
car,toyota,Toyota,roomy,Roomy,hatchback,my|nz,as|oc,4.0,,
car,toyota,Toyota,rumion,Rumion,hatchback,fi|nz,eu|oc,5.0,,
car,toyota,Toyota,runx,Runx,hatchback,nz,oc,2.0,,
car,toyota,Toyota,rush,Rush,hatchback,nz,oc,2.0,,
car,toyota,Toyota,sai,Sai,hatchback,fi|nz,eu|oc,6.0,,
car,toyota,Toyota,sequoia,Sequoia,hatchback|wagon,ca|fi|nl|ua|us,eu|na,6.0,,
car,toyota,Toyota,sera,Sera,coupe,nl|nz,eu|oc,5.0,,
car,toyota,Toyota,sienna,Sienna,hatchback|wagon,ar|ca|es|fi|my|nl|nz|ua|us,as|eu|na|oc|sa,6.0,,car/toyota/sienna-le|car/toyota/sienna-xle
car,toyota,Toyota,sienta,Sienta,hatchback|wagon,fi|gb|my|nl|nz|th|ua,as|eu|oc,7.0,,
car,toyota,Toyota,soarer,Soarer,coupe,fi|gb|my|nl|nz,as|eu|oc,6.0,,
car,toyota,Toyota,spacio,Spacio,hatchback,nz,oc,1.0,,
car,toyota,Toyota,spade,Spade,hatchback,fi|my|nz,as|eu|oc,5.0,,
car,toyota,Toyota,starlet,Starlet,hatchback,fi|gb|lu|nl|nz|ua|us,eu|na|oc,4.0,,car/toyota/starlet-1|car/toyota/starlet-dl|car/toyota/starlet-gt-turbo
car,toyota,Toyota,supra,Supra,coupe,ca|de|es|fi|gb|lu|my|nl|nz|ua|us,as|eu|na|oc,5.0,,car/toyota/supra-3|car/toyota/supra-3-0i-turbo|car/toyota/supra-a90fe|car/toyota/supra-twin-turbo
car,toyota,Toyota,t100,T100,hatchback,ca|us,na,,,
car,toyota,Toyota,tacoma,Tacoma,hatchback,ca|es|fi|nl|nz|ua|us,eu|na|oc,6.0,,
car,toyota,Toyota,tank,Tank,hatchback,my|nz,as|oc,4.0,,
car,toyota,Toyota,tercel,Tercel,hatchback,ca|fi|gb|nl|nz|ua|us,eu|na|oc,5.0,,
car,toyota,Toyota,tourer,Tourer,sedan,es|nl|nz,eu|oc,10.0,,
car,toyota,Toyota,townace,Townace,hatchback,gb|nz,eu|oc,5.0,,
car,toyota,Toyota,truck,Truck,hatchback,ca|us,na,,,
car,toyota,Toyota,trueno,Trueno,coupe,nl|nz,eu|oc,6.0,,
car,toyota,Toyota,tundra,Tundra,pickup,ca|fi|nl|nz|ua|us,eu|na|oc,7.0,,
car,toyota,Toyota,urban-cruiser,Urban Cruiser,suv,de|es|fi|gb|lu|my|nl|nz|ua,as|eu|oc,5.0,,
car,toyota,Toyota,vanguard,Vanguard,hatchback,fi|nz,eu|oc,3.0,,
car,toyota,Toyota,vellfire,Vellfire,hatchback,fi|gb|my|nl|nz|th|ua,as|eu|oc,4.0,,
car,toyota,Toyota,veloz,Veloz,hatchback,my|th,as,1.0,,
car,toyota,Toyota,venza,Venza,hatchback|wagon,ca|es|fi|nl|ua|us,eu|na,7.0,,
car,toyota,Toyota,verossa,Verossa,hatchback,fi|nz|ua,eu|oc,8.0,,
car,toyota,Toyota,verso,Verso,mpv,es|fi|gb|lu|nl|nz|ua,eu|oc,3.0,,
car,toyota,Toyota,verso-s,Verso-S,mpv,es|fi|lu|nl|ua,eu,4.0,,
car,toyota,Toyota,vios,Vios,hatchback,my|th,as,4.0,,
car,toyota,Toyota,vista,Vista,hatchback,gb|nz|ua,eu|oc,6.0,,
car,toyota,Toyota,vitz,Vitz,hatchback,fi|gb|my|nl|nz|ua,as|eu|oc,6.0,,
car,toyota,Toyota,voxy,Voxy,hatchback,fi|my|nl|nz|th|ua,as|eu|oc,6.0,,
car,toyota,Toyota,will,Will,sedan,fi|gb|nl|nz,eu|oc,6.0,,
car,toyota,Toyota,will-vs,Will Vs,hatchback,fi|nl,eu,10.0,,
car,toyota,Toyota,windom,Windom,hatchback,nz|ua,eu|oc,6.0,,
car,toyota,Toyota,wish,Wish,hatchback,fi|my|nz,as|eu|oc,4.0,,
car,toyota,Toyota,yaris,Yaris,hatchback,ca|de|es|fi|gb|ie|lu|my|nl|nz|th|ua|us,as|eu|na|oc,1.0,,car/toyota/yaris-grmn|car/toyota/yaris-ia
car,toyota,Toyota,yaris-ativ,Yaris Ativ,hatchback,th,as,1.0,,
car,toyota,Toyota,yaris-cross,Yaris Cross,suv,es|fi|ie|lu|my|nl|nz|th|ua,as|eu|oc,1.0,,
car,trabant,Trabant,601,601,sedan,fi|nl|ua,eu,6.0,,
car,trabant,Trabant,601-s,601 S,sedan,fi|nl,eu,5.0,,car/trabant/601s
car,trabant,Trabant,601-special,601 Special,sedan,fi|nl,eu,6.0,,
car,trabant,Trabant,p-601-ls,P 601 LS,hatchback,fi|nl,eu,9.0,,
car,trabant,Trabant,p-601-lx,P 601 LX,sedan,fi|nl,eu,8.0,,
car,trabant,Trabant,p50,P50,sedan,fi|nl,eu,8.0,,
car,trabant,Trabant,p60,P60,sedan,fi|nl,eu,5.0,,car/trabant/p-60
car,trabant,Trabant,p601,P601,sedan,fi|lu|nl,eu,6.0,,car/trabant/p-601
car,trabant,Trabant,p601-k,P601 K,hatchback,fi|nl,eu,10.0,,
car,trabant,Trabant,p601l,P601L,sedan,fi|lu|nl,eu,6.0,,car/trabant/p-601-l|car/trabant/p601-l
car,triumph,Triumph,1200-herald,1200 Herald,hatchback,fi|nl|nz,eu|oc,9.0,,
car,triumph,Triumph,13-60-herald,13/60 Herald,hatchback,nl|nz,eu|oc,9.0,,
car,triumph,Triumph,1300,1300,sedan,fi|gb|nl|nz,eu|oc,8.0,,
car,triumph,Triumph,1300-tc,1300 Tc,sedan,nl|nz,eu|oc,8.0,,
car,triumph,Triumph,1500,1500,convertible,gb|nl|nz,eu|oc,8.0,,
car,triumph,Triumph,1500-tc,1500 Tc,hatchback,nl|nz,eu|oc,10.0,,
car,triumph,Triumph,1800-roadster,1800 Roadster,convertible,nl|nz,eu|oc,9.0,,
car,triumph,Triumph,20-tr-3,20 Tr 3,convertible,fi|nl,eu,8.0,,
car,triumph,Triumph,2000,2000,convertible,fi|gb|nl|nz,eu|oc,6.0,,
car,triumph,Triumph,2000-mk2,2000 MK2,sedan,fi|nl|nz,eu|oc,6.0,,
car,triumph,Triumph,2500,2500,hatchback,gb|nz,eu|oc,5.0,,
car,triumph,Triumph,2500-pi,2500 PI,sedan,nl|nz,eu|oc,8.0,,
car,triumph,Triumph,2500-s,2500 S,hatchback|wagon,nl|nz,eu|oc,8.0,,
car,triumph,Triumph,2500-s-auto,2500 S Auto,hatchback|wagon,nl|nz,eu|oc,10.0,,
car,triumph,Triumph,2500-tc,2500 Tc,sedan,nl|nz,eu|oc,4.0,,
car,triumph,Triumph,dolomite,Dolomite,sedan,fi|gb|nl|nz,eu|oc,5.0,,car/triumph/dolomite-automatic
car,triumph,Triumph,dolomite-sprint,Dolomite Sprint,sedan,nl|nz,eu|oc,6.0,,
car,triumph,Triumph,gloria,Gloria,hatchback,nl|nz,eu|oc,9.0,,
car,triumph,Triumph,gt6,GT6,coupe,fi|gb|nl|nz,eu|oc,4.0,,car/triumph/g-t-6|car/triumph/gt-6
car,triumph,Triumph,gt6-mk3,GT6 Mk3,coupe,nl|nz,eu|oc,8.0,,car/triumph/gt6-mk-3
car,triumph,Triumph,herald,Herald,convertible,fi|gb|nl|nz,eu|oc,4.0,,
car,triumph,Triumph,herald-12-50,Herald 12/50,sedan,nl|nz,eu|oc,7.0,,
car,triumph,Triumph,herald-1200,Herald 1200,convertible,fi|lu|nl|nz,eu|oc,6.0,,
car,triumph,Triumph,herald-13-60,Herald 13/60,convertible,fi|nl|nz,eu|oc,4.0,,
car,triumph,Triumph,mayflower,Mayflower,sedan,fi|nl|nz,eu|oc,7.0,,
car,triumph,Triumph,mk2,MK2,hatchback,nl|nz,eu|oc,9.0,,
car,triumph,Triumph,renown,Renown,hatchback,nl|nz,eu|oc,8.0,,
car,triumph,Triumph,roadster,Roadster,convertible,nl|nz,eu|oc,8.0,,
car,triumph,Triumph,spitfire,Spitfire,convertible,fi|gb|lu|nl|nz,eu|oc,4.0,,
car,triumph,Triumph,spitfire-1500,Spitfire 1500,convertible,es|fi|lu|nl|nz,eu|oc,7.0,,car/triumph/spitfire1500
car,triumph,Triumph,spitfire-1500-tc,Spitfire 1500 Tc,convertible,fi|nl,eu,6.0,,
car,triumph,Triumph,spitfire-4,Spitfire 4,convertible,fi|nl|nz,eu|oc,8.0,,
car,triumph,Triumph,spitfire-mk,Spitfire Mk,convertible,fi|nl|nz,eu|oc,7.0,,
car,triumph,Triumph,spitfire-mk-1v,Spitfire Mk 1V,hatchback,nl|nz,eu|oc,10.0,,
car,triumph,Triumph,spitfire-mk2,Spitfire Mk2,convertible,fi|nl|nz,eu|oc,8.0,,car/triumph/spitfire-mk-2
car,triumph,Triumph,spitfire-mk3,Spitfire Mk3,convertible,fi|nl|nz,eu|oc,7.0,,
car,triumph,Triumph,spitfire-mk4,Spitfire Mk4,convertible,fi|lu|nl|nz,eu|oc,8.0,,car/triumph/spitfire-mk-4
car,triumph,Triumph,sports,Sports,hatchback,nl|nz,eu|oc,9.0,,
car,triumph,Triumph,stag,Stag,convertible,fi|gb|lu|nl|nz,eu|oc,5.0,,
car,triumph,Triumph,super-7,Super 7,sedan,nl|nz,eu|oc,10.0,,
car,triumph,Triumph,toledo,Toledo,sedan,fi|gb|nl|nz,eu|oc,7.0,,
car,triumph,Triumph,tr,Tr,convertible,nl|nz,eu|oc,6.0,,
car,triumph,Triumph,tr2,TR2,convertible,fi|gb|lu|nl|nz,eu|oc,6.0,,car/triumph/tr-2
car,triumph,Triumph,tr250,TR250,convertible,lu|nl|nz,eu|oc,7.0,,car/triumph/tr-250
car,triumph,Triumph,tr3,TR3,convertible,es|fi|gb|lu|nl|nz,eu|oc,6.0,,car/triumph/tr-3
car,triumph,Triumph,tr3a,TR3A,convertible,fi|lu|nl|nz,eu|oc,6.0,,car/triumph/tr3-a
car,triumph,Triumph,tr4,TR4,convertible,fi|gb|nl|nz,eu|oc,4.0,,
car,triumph,Triumph,tr4-irs,TR4 Irs,hatchback,nl|nz,eu|oc,10.0,,
car,triumph,Triumph,tr4a,TR4A,convertible,nl|nz,eu|oc,4.0,,car/triumph/tr-4a|car/triumph/tr4-a
car,triumph,Triumph,tr4a-irs,TR4A Irs,convertible,fi|nl,eu,8.0,,
car,triumph,Triumph,tr5,TR5,convertible,gb|nl|nz,eu|oc,5.0,,
car,triumph,Triumph,tr5-pi,TR5 PI,convertible,fi|nl,eu,8.0,,
car,triumph,Triumph,tr6,TR6,convertible,es|fi|gb|lu|nl|nz,eu|oc,5.0,,car/triumph/tr-6
car,triumph,Triumph,tr6-pi,TR6 PI,convertible,nl|nz,eu|oc,7.0,,car/triumph/tr6pi
car,triumph,Triumph,tr7,TR7,convertible,fi|gb|nl|nz,eu|oc,4.0,,car/triumph/tr-7
car,triumph,Triumph,tr8,TR8,convertible,fi|gb|nl|nz,eu|oc,6.0,,car/triumph/tr-8
car,triumph,Triumph,vitesse,Vitesse,convertible,fi|gb|lu|nl|nz,eu|oc,6.0,,
car,triumph,Triumph,vitesse-6,Vitesse 6,convertible,fi|nl|nz,eu|oc,8.0,,
car,tvr,TVR,290,290,convertible,gb|nl|nz,eu|oc,8.0,,
car,tvr,TVR,3000-m,3000 M,coupe,nl|nz,eu|oc,7.0,,
car,tvr,TVR,3000s,3000S,convertible,nl|nz,eu|oc,10.0,,
car,tvr,TVR,350i,350i,convertible,fi|nl|nz,eu|oc,7.0,,car/tvr/350-i
car,tvr,TVR,cerbera,Cerbera,coupe,gb|nl|nz,eu|oc,5.0,,
car,tvr,TVR,chimaera,Chimaera,convertible,nl|nz,eu|oc,4.0,,
car,tvr,TVR,chimaera-500,Chimaera 500,convertible,fi|nl,eu,10.0,,
car,tvr,TVR,chimera,Chimera,hatchback,gb,eu,4.0,,
car,tvr,TVR,grantura,Grantura,coupe,nl|nz,eu|oc,10.0,,
car,tvr,TVR,griffith,Griffith,convertible,gb|nl|nz,eu|oc,5.0,,
car,tvr,TVR,griffith-500,Griffith 500,convertible,nl|nz,eu|oc,6.0,,
car,tvr,TVR,s3,S3,convertible,nl|nz,eu|oc,10.0,,
car,tvr,TVR,sagaris,Sagaris,coupe,gb|nl|nz,eu|oc,8.0,,
car,tvr,TVR,t350c,T350C,coupe,nl|nz,eu|oc,7.0,,
car,tvr,TVR,tamora,Tamora,convertible,gb|nl,eu,7.0,,
car,tvr,TVR,tasmin,Tasmin,convertible,gb|nl|nz,eu|oc,6.0,,
car,tvr,TVR,tuscan,Tuscan,convertible,gb|nl|nz,eu|oc,5.0,,
car,tvr,TVR,vixen,Vixen,coupe,nl|nz,eu|oc,10.0,,
car,uaz,UAZ,2206,2206,hatchback|wagon,nl|ua,eu,7.0,,
car,uaz,UAZ,3741,3741,hatchback,nl|ua,eu,8.0,,
car,uaz,UAZ,3909,3909,hatchback,nl|ua,eu,6.0,,
car,uaz,UAZ,3962,3962,hatchback,nl|ua,eu,8.0,,
car,uaz,UAZ,452,452,hatchback|wagon,nl|ua,eu,6.0,,
car,uaz,UAZ,469,469,convertible,fi|nl|ua,eu,7.0,,
car,uaz,UAZ,469b,469B,convertible,fi|nl,eu,9.0,,
car,valiant,Valiant,barracuda,Barracuda,hatchback,nl|nz,eu|oc,10.0,,
car,valiant,Valiant,v-200,V-200,sedan,fi|nl,eu,8.0,,car/valiant/v200
car,vanden-plas,Vanden Plas,1500,1500,sedan,gb|nl,eu,8.0,,
car,vanden-plas,Vanden Plas,princess,Princess,hatchback,fi|gb|nl|nz,eu|oc,7.0,,
car,vanden-plas,Vanden Plas,princess-4-litre-r,Princess 4 Litre R,sedan,nl|nz,eu|oc,10.0,,
car,vanster,Vanster,vanster,Vanster,hatchback,es|nl,eu,9.0,,
car,vauxhall,Vauxhall,10,10,hatchback,nl|nz,eu|oc,8.0,,
car,vauxhall,Vauxhall,12,12,hatchback,nl|nz,eu|oc,8.0,,
car,vauxhall,Vauxhall,adam,Adam,hatchback,gb|nz,eu|oc,6.0,,
car,vauxhall,Vauxhall,agila,Agila,hatchback|wagon,gb|nl,eu,6.0,,
car,vauxhall,Vauxhall,ampera,Ampera,hatchback,gb|nz,eu|oc,7.0,,
car,vauxhall,Vauxhall,antara,Antara,suv,gb|ua,eu,6.0,,
car,vauxhall,Vauxhall,astra,Astra,hatchback,es|fi|gb|nl|nz|ua,eu|oc,7.0,,
car,vauxhall,Vauxhall,calibra,Calibra,hatchback,gb|nz,eu|oc,7.0,,
car,vauxhall,Vauxhall,carlton,Carlton,sedan|wagon,gb|nl,eu,6.0,,
car,vauxhall,Vauxhall,cascada,Cascada,hatchback,gb,eu,4.0,,
car,vauxhall,Vauxhall,cavalier,Cavalier,coupe,fi|gb|nl|nz,eu|oc,5.0,,car/vauxhall/cavalier-gl
car,vauxhall,Vauxhall,chevette,Chevette,hatchback,fi|gb|nl|nz,eu|oc,5.0,,car/vauxhall/chevette-gl
car,vauxhall,Vauxhall,corsa,Corsa,hatchback,es|fi|gb|nl|nz|ua,eu|oc,7.0,,
car,vauxhall,Vauxhall,cresta,Cresta,sedan,fi|gb|nl|nz,eu|oc,5.0,,
car,vauxhall,Vauxhall,crossland,Crossland,suv,gb|nz,eu|oc,6.0,,
car,vauxhall,Vauxhall,dx,Dx,convertible,nl|nz,eu|oc,7.0,,
car,vauxhall,Vauxhall,eagle-quest,Eagle Quest,sedan,gb|nl,eu,10.0,,
car,vauxhall,Vauxhall,firenza,Firenza,coupe,fi|gb|nl|nz,eu|oc,6.0,,car/vauxhall/firenza-sl
car,vauxhall,Vauxhall,frontera,Frontera,suv,gb,eu,2.0,,car/vauxhall/frontera-design-ev
car,vauxhall,Vauxhall,grandland,Grandland,suv,gb,eu,1.0,,
car,vauxhall,Vauxhall,gy,Gy,sedan,nl|nz,eu|oc,9.0,,
car,vauxhall,Vauxhall,insignia,Insignia,sedan,gb|nl|nz,eu|oc,4.0,,
car,vauxhall,Vauxhall,j14,J14,hatchback,nl|nz,eu|oc,9.0,,
car,vauxhall,Vauxhall,magnum,Magnum,hatchback,fi|gb|nl|nz,eu|oc,7.0,,car/vauxhall/magnum-1800
car,vauxhall,Vauxhall,meriva,Meriva,mpv,fi|gb|nl|nz,eu|oc,8.0,,
car,vauxhall,Vauxhall,mokka,Mokka,suv,gb|ua,eu,5.0,,
car,vauxhall,Vauxhall,monaro,Monaro,hatchback,gb|nz,eu|oc,6.0,,
car,vauxhall,Vauxhall,nova,Nova,hatchback,gb,eu,3.0,,
car,vauxhall,Vauxhall,omega,Omega,hatchback,gb|nz,eu|oc,7.0,,
car,vauxhall,Vauxhall,royale,Royale,hatchback,gb|nl|nz,eu|oc,9.0,,
car,vauxhall,Vauxhall,signum,Signum,hatchback,fi|gb|nz,eu|oc,8.0,,
car,vauxhall,Vauxhall,sports,Sports,convertible,gb|nl,eu,10.0,,
car,vauxhall,Vauxhall,tigra,Tigra,convertible,gb|nl|nz,eu|oc,7.0,,
car,vauxhall,Vauxhall,vectra,Vectra,sedan|wagon,gb|nl|nz|ua,eu|oc,6.0,,
car,vauxhall,Vauxhall,velox,Velox,sedan,fi|gb|nl|nz,eu|oc,6.0,,car/vauxhall/velox-lip
car,vauxhall,Vauxhall,ventora,Ventora,sedan,fi|gb|nl|nz,eu|oc,8.0,,
car,vauxhall,Vauxhall,victor,Victor,sedan,fi|gb|nl|nz,eu|oc,4.0,,car/vauxhall/fbd|car/vauxhall/victor-101|car/vauxhall/victor-1600|car/vauxhall/victor-2300-sl|car/vauxhall/victor-sl-2000|car/vauxhall/victor-super
car,vauxhall,Vauxhall,viscount,Viscount,hatchback,gb|nl|nz,eu|oc,8.0,,
car,vauxhall,Vauxhall,viva,Viva,sedan,fi|gb|nl|nz,eu|oc,3.0,,car/vauxhall/viva-deluxe
car,vauxhall,Vauxhall,vx,Vx,hatchback,gb|nz,eu|oc,7.0,,
car,vauxhall,Vauxhall,vx220,VX220,convertible,es|fi|gb|nl|nz,eu|oc,8.0,,car/vauxhall/vx-220|car/vauxhall/vx220-turbo
car,vauxhall,Vauxhall,vx4-90,VX4/90,sedan,nl|nz,eu|oc,8.0,,
car,vauxhall,Vauxhall,vxr8,VXR8,hatchback,gb|nz,eu|oc,7.0,,
car,vauxhall,Vauxhall,wyvern,Wyvern,sedan,gb|nl|nz,eu|oc,7.0,,
car,vauxhall,Vauxhall,zafira,Zafira,mpv,es|fi|gb|nl|nz,eu|oc,5.0,,
car,vinfast,Vinfast,vf-6,VF 6,hatchback,de|nl,eu,7.0,,
car,vinfast,Vinfast,vf-8,VF 8,hatchback,de|es|nl|ua,eu,7.0,,car/vinfast/vf8
car,volga,Volga,gaz-m21,Gaz-M21,sedan,fi|nl,eu,10.0,,
car,volga,Volga,m21,M21,sedan,fi|nl,eu,10.0,,
car,volkswagen,Volkswagen,1100,1100,sedan,gb|nl|nz,eu|oc,9.0,,
car,volkswagen,Volkswagen,1200,1200,sedan,fi|gb|nl|nz,eu|oc,3.0,,
car,volkswagen,Volkswagen,1500,1500,convertible,fi|gb|nl|nz,eu|oc,4.0,,
car,volkswagen,Volkswagen,1500-s,1500 S,sedan,fi|nl,eu,10.0,,
car,volkswagen,Volkswagen,1600,1600,convertible,fi|gb|nl|nz,eu|oc,5.0,,
car,volkswagen,Volkswagen,166,166,convertible,nl|nz,eu|oc,9.0,,
car,volkswagen,Volkswagen,18,18,convertible,fi|nl,eu,7.0,,
car,volkswagen,Volkswagen,181,181,convertible,es|fi|gb|my|nl|nz,as|eu|oc,8.0,,car/volkswagen/kubel|car/volkswagen/safari|car/volkswagen/thing|car/volkswagen/vw-181
car,volkswagen,Volkswagen,19-e,19 E,hatchback,nl|ua,eu,7.0,,
car,volkswagen,Volkswagen,204,204,hatchback|wagon,nl|nz,eu|oc,9.0,,
car,volkswagen,Volkswagen,211,211,hatchback|wagon,nl|nz,eu|oc,8.0,,
car,volkswagen,Volkswagen,221,221,hatchback|wagon,nl|nz,eu|oc,7.0,,
car,volkswagen,Volkswagen,224,224,hatchback|wagon,nl|nz,eu|oc,10.0,,
car,volkswagen,Volkswagen,241,241,hatchback|wagon,fi|nl,eu,9.0,,
car,volkswagen,Volkswagen,251,251,hatchback|wagon,nl|ua,eu,7.0,,
car,volkswagen,Volkswagen,253,253,hatchback|wagon,lu|nl,eu,6.0,,
car,volkswagen,Volkswagen,28,28,hatchback|wagon,nl|ua,eu,8.0,,
car,volkswagen,Volkswagen,3bg,3BG,hatchback|wagon,fi|nl,eu,8.0,,
car,volkswagen,Volkswagen,411,411,sedan|wagon,gb|nl|nz,eu|oc,9.0,,
car,volkswagen,Volkswagen,411-le,411 Le,hatchback|wagon,nl|nz,eu|oc,9.0,,
car,volkswagen,Volkswagen,412,412,hatchback|wagon,gb|nl,eu,7.0,,
car,volkswagen,Volkswagen,7hk,7HK,hatchback,nl|ua,eu,7.0,,
car,volkswagen,Volkswagen,arteon,Arteon,sedan|wagon,ca|de|es|fi|gb|ie|lu|my|nl|nz|ua|us,as|eu|na|oc,4.0,,car/volkswagen/arteon-4motion
car,volkswagen,Volkswagen,atlas,Atlas,hatchback,ca|nl|ua|us,eu|na,3.0,,car/volkswagen/atlas-4motion|car/volkswagen/atlas-4motion-peak-edition|car/volkswagen/atlas-se-4motion
car,volkswagen,Volkswagen,atlas-cross-sport,Atlas Cross Sport,suv,ca|es|ua|us,eu|na,8.0,,car/volkswagen/atlas-cross-sport-4motion
car,volkswagen,Volkswagen,beetle,Beetle,hatchback,ca|es|fi|gb|lu|my|nl|nz|ua|us,as|eu|na|oc,2.0,Käfer|Vocho|Fusca|Coccinelle|Type 1,car/volkswagen/10-11c|car/volkswagen/11|car/volkswagen/1110|car/volkswagen/112|car/volkswagen/113|car/volkswagen/114|car/volkswagen/118|car/volkswagen/11c|car/volkswagen/1200-2d|car/volkswagen/1200-kupla|car/volkswagen/1200-lim-113|car/volkswagen/1200-lim-117|car/volkswagen/1202|car/volkswagen/1300|car/volkswagen/1300-s|car/volkswagen/1300l|car/volkswagen/1300s|car/volkswagen/1302|car/volkswagen/1302-ls|car/volkswagen/1302-s|car/volkswagen/1302ls|car/volkswagen/1302s|car/volkswagen/1303|car/volkswagen/1303-ls|car/volkswagen/1303-s|car/volkswagen/1303-s-135031|car/volkswagen/1303l|car/volkswagen/1303ls|car/volkswagen/1303s|car/volkswagen/automatic|car/volkswagen/beatle|car/volkswagen/beetle-dune|car/volkswagen/beettle|car/volkswagen/bug|car/volkswagen/cabriolet-1302|car/volkswagen/cabriolet-1303|car/volkswagen/classica|car/volkswagen/de-luxe|car/volkswagen/deluxe|car/volkswagen/kaefer|car/volkswagen/kafer|car/volkswagen/newbeetle|car/volkswagen/special|car/volkswagen/super-beetle|car/volkswagen/typ-1|car/volkswagen/typ-11|car/volkswagen/type-i|car/volkswagen/vw-1-11|car/volkswagen/vw-1200|car/volkswagen/vw-1300|car/volkswagen/vw-beetle|car/volkswagen/vw1-11|car/volkswagen/vw1300
car,volkswagen,Volkswagen,bora,Bora,sedan,es|fi|gb|lu|nl|nz|ua,eu|oc,3.0,,car/volkswagen/e-bora
car,volkswagen,Volkswagen,cabrio,Cabrio,convertible,ca|nl|nz|us,eu|na|oc,10.0,,
car,volkswagen,Volkswagen,cabriolet,Cabriolet,convertible,fi|nl|nz|us,eu|na|oc,7.0,,
car,volkswagen,Volkswagen,california,California,van,es|fi|gb|lu|nl|nz|ua,eu|oc,4.0,,car/volkswagen/california-beach|car/volkswagen/california-exclusive|car/volkswagen/california-generation
car,volkswagen,Volkswagen,caravelle,Caravelle,hatchback,es|fi|gb|lu|nl|nz|ua,eu|oc,2.0,,car/volkswagen/caravelle-2|car/volkswagen/caravelle-syncro|car/volkswagen/kleinbus|car/volkswagen/kleinbuss|car/volkswagen/kleinbuss-1600-22|car/volkswagen/micro-bus|car/volkswagen/microbus|car/volkswagen/multi-van|car/volkswagen/multivan-starline|car/volkswagen/multivan-startline|car/volkswagen/multivan-syncro|car/volkswagen/multivan-t6|car/volkswagen/vw-campingwagen|car/volkswagen/vw-caravelle-2
car,volkswagen,Volkswagen,cc,CC,sedan,ca|es|fi|gb|lu|nl|nz|ua|us,eu|na|oc,4.0,,car/volkswagen/cc-4motion|car/volkswagen/cc-sport
car,volkswagen,Volkswagen,corrado,Corrado,coupe,ca|es|fi|gb|lu|nl|nz|ua|us,eu|na|oc,6.0,,car/volkswagen/corrado-g60|car/volkswagen/corrado-slc|car/volkswagen/corrado-vr6
car,volkswagen,Volkswagen,derby,Derby,sedan,fi|gb|lu|nl|nz,eu|oc,7.0,,
car,volkswagen,Volkswagen,e-golf,E-Golf,hatchback,ca|fi|gb|nl|ua|us,eu|na,4.0,,
car,volkswagen,Volkswagen,e-up,E-Up !,hatchback,fi|nz|ua,eu|oc,6.0,,
car,volkswagen,Volkswagen,eos,Eos,convertible,ca|es|fi|gb|lu|nl|nz|ua|us,eu|na|oc,3.0,,
car,volkswagen,Volkswagen,eurovan,Eurovan,hatchback,ca|nl|nz|ua|us,eu|na|oc,9.0,,car/volkswagen/eurovan-camper
car,volkswagen,Volkswagen,fox,Fox,hatchback,es|fi|gb|lu|nl|ua|us,eu|na,3.0,,car/volkswagen/urban
car,volkswagen,Volkswagen,gol,Gol,hatchback,es|nl,eu,10.0,,
car,volkswagen,Volkswagen,golf,Golf,hatchback|wagon,ca|de|es|fi|gb|ie|lu|my|nl|nz|th|ua|us,as|eu|na|oc,2.0,Rabbit,car/volkswagen/colf|car/volkswagen/gti|car/volkswagen/gti-16v|car/volkswagen/gti-vr6|car/volkswagen/r32|car/volkswagen/vw-golf|car/volkswagen/vw-golf-gls|car/volkswagen/vw-golf-r32
car,volkswagen,Volkswagen,grand-california,Grand California,hatchback,fi|gb,eu,10.0,,
car,volkswagen,Volkswagen,id-3,ID.3,hatchback|wagon,de|es|fi|gb|ie|lu|nl|nz|ua,eu|oc,2.0,ID3,
car,volkswagen,Volkswagen,id-4,ID.4,hatchback|wagon,ca|de|es|fi|gb|ie|lu|nl|nz|ua|us,eu|na|oc,2.0,,
car,volkswagen,Volkswagen,id-5,ID.5,hatchback|wagon,es|fi|gb|ie|lu|nl|nz|ua,eu|oc,3.0,,
car,volkswagen,Volkswagen,id-6,ID.6,hatchback|wagon,nl|ua,eu,5.0,,
car,volkswagen,Volkswagen,id-7,ID.7,hatchback|wagon,de|es|fi|gb|ie|lu|nl|ua,eu,3.0,,
car,volkswagen,Volkswagen,id-buzz,Id. Buzz,hatchback|wagon,ca|de|es|fi|gb|lu|my|nl|nz|th|ua|us,as|eu|na|oc,4.0,,car/volkswagen/id-buzz-gtx-kr|car/volkswagen/id-buzz-gtx-lr|car/volkswagen/id-buzz-pro|car/volkswagen/id-buzz-pro-4motion|car/volkswagen/id-buzz-pro-kr|car/volkswagen/id-buzz-pro-lr|car/volkswagen/id-buzz-pure-kr
car,volkswagen,Volkswagen,iltis,Iltis,convertible,es|nl|ua,eu,8.0,,car/volkswagen/vw-iltis
car,volkswagen,Volkswagen,jetta,Jetta,sedan,ca|es|fi|gb|lu|my|nl|nz|ua|us,as|eu|na|oc,3.0,,car/volkswagen/gli|car/volkswagen/jetta-cl|car/volkswagen/jetta-diesel|car/volkswagen/jetta-gl|car/volkswagen/jetta-gl-diesel|car/volkswagen/jetta-gli|car/volkswagen/jetta-glx|car/volkswagen/jetta-se|car/volkswagen/jetta-sportwagen|car/volkswagen/jetta-wagon
car,volkswagen,Volkswagen,joker,Joker,hatchback,fi|nl,eu,8.0,,
car,volkswagen,Volkswagen,k70,K70,sedan,fi|gb|nl,eu,8.0,,car/volkswagen/k-70
car,volkswagen,Volkswagen,karmann-ghia,Karmann Ghia,coupe,es|fi|gb|lu|my|nl|nz,as|eu|oc,5.0,,car/volkswagen/1200-karmann-ghia|car/volkswagen/1300-karmann-ghia|car/volkswagen/1500-karmann-ghia|car/volkswagen/1600-karmann-ghia|car/volkswagen/ghia|car/volkswagen/karman|car/volkswagen/karman-ghia|car/volkswagen/karmann|car/volkswagen/karmann-chia|car/volkswagen/karmann-ghia-14|car/volkswagen/karmann-ghia-1600|car/volkswagen/karmann-ghia-tc|car/volkswagen/kharman-ghia|car/volkswagen/kharmann-ghia
car,volkswagen,Volkswagen,kasten,Kasten,hatchback,nl|ua,eu,8.0,,
car,volkswagen,Volkswagen,lt,Lt,hatchback,es|fi|gb|lu|nl|nz|ua,eu|oc,6.0,,car/volkswagen/lt-26|car/volkswagen/lt-28|car/volkswagen/lt-28d|car/volkswagen/lt-31|car/volkswagen/lt-35|car/volkswagen/lt-35-d|car/volkswagen/lt-35d|car/volkswagen/lt-40|car/volkswagen/lt28|car/volkswagen/lt28d|car/volkswagen/lt35
car,volkswagen,Volkswagen,lupo,Lupo,hatchback,es|fi|gb|lu|nl|nz|ua,eu|oc,4.0,,car/volkswagen/lupo-1
car,volkswagen,Volkswagen,passat,Passat,sedan|wagon,ca|de|es|fi|gb|ie|lu|nl|nz|ua|us,eu|na|oc,2.0,,car/volkswagen/passat-1|car/volkswagen/passat-2|car/volkswagen/passat-4motion|car/volkswagen/passat-cc-sport|car/volkswagen/passat-diesel|car/volkswagen/passat-gls|car/volkswagen/passat-glx|car/volkswagen/passat-gt|car/volkswagen/passat-se|car/volkswagen/passat-syncro|car/volkswagen/passat-wagon|car/volkswagen/passat-wagon-4motion|car/volkswagen/passat-wagon-syncro|car/volkswagen/vw-passat
car,volkswagen,Volkswagen,phaeton,Phaeton,sedan,ca|es|fi|gb|lu|nl|nz|ua|us,eu|na|oc,4.0,,
car,volkswagen,Volkswagen,polo,Polo,hatchback,de|es|fi|gb|ie|lu|my|nl|nz|ua,as|eu|oc,2.0,,car/volkswagen/cross-polo|car/volkswagen/polo-1|car/volkswagen/polo-cl|car/volkswagen/polo-cross|car/volkswagen/polo-g40|car/volkswagen/polo-l
car,volkswagen,Volkswagen,rabbit,Rabbit,hatchback,ca|fi|nl|nz|ua|us,eu|na|oc,7.0,,
car,volkswagen,Volkswagen,routan,Routan,hatchback,ca|fi|nl|ua|us,eu|na,7.0,,
car,volkswagen,Volkswagen,santana,Santana,sedan,gb|nl|nz|ua,eu|oc,9.0,,
car,volkswagen,Volkswagen,scirocco,Scirocco,coupe,es|fi|gb|lu|my|nl|nz|ua|us,as|eu|na|oc,3.0,,car/volkswagen/scirocco-16v|car/volkswagen/scirocco-gt|car/volkswagen/vw-scirocco
car,volkswagen,Volkswagen,sharan,Sharan,mpv,es|fi|gb|lu|nl|nz|ua,eu|oc,2.0,,
car,volkswagen,Volkswagen,t-cross,T-Cross,suv,de|es|fi|gb|ie|lu|my|nl|nz|ua,as|eu|oc,3.0,,
car,volkswagen,Volkswagen,t-roc,T-Roc,suv,de|es|fi|gb|ie|lu|my|nl|nz|ua,as|eu|oc,2.0,,
car,volkswagen,Volkswagen,taigo,Taigo,suv,de|es|fi|gb|ie|lu|nl,eu,2.0,,
car,volkswagen,Volkswagen,taos,Taos,hatchback,ca|es|ua|us,eu|na,5.0,,car/volkswagen/taos-4motion
car,volkswagen,Volkswagen,tayron,Tayron,suv,de|es|fi|gb|ie|lu|nl|nz|ua,eu|oc,3.0,,car/volkswagen/tayron-elegance-etsi-s
car,volkswagen,Volkswagen,tiguan,Tiguan,suv,ar|ca|de|es|fi|gb|ie|lu|my|nl|nz|ua|us,as|eu|na|oc|sa,1.0,,car/volkswagen/tguan|car/volkswagen/tiguan-2|car/volkswagen/tiguan-2-0t|car/volkswagen/tiguan-4-motion|car/volkswagen/tiguan-4motion|car/volkswagen/tiguan-limited|car/volkswagen/tiguan-s|car/volkswagen/tiguan-se|car/volkswagen/tiguan-se-4motion|car/volkswagen/tiguan-sel|car/volkswagen/tiguan-sel-4motion|car/volkswagen/tiquan
car,volkswagen,Volkswagen,tiguan-allspace,Tiguan Allspace,hatchback|wagon,es|nl|th,as|eu,8.0,,
car,volkswagen,Volkswagen,touareg,Touareg,suv,ca|de|es|fi|gb|lu|my|nl|nz|ua|us,as|eu|na|oc,2.0,,car/volkswagen/touareg-ehybrid|car/volkswagen/touareg-v6|car/volkswagen/toureg
car,volkswagen,Volkswagen,touran,Touran,mpv,de|es|fi|gb|lu|my|nl|nz|ua,as|eu|oc,2.0,,car/volkswagen/cross-touran
car,volkswagen,Volkswagen,tourer-van-500-mq,Tourer Van 500 Mq,hatchback,fi|nl,eu,9.0,,
car,volkswagen,Volkswagen,type-3,Type 3,sedan|wagon,fi|gb|nl|nz,eu|oc,7.0,,car/volkswagen/1600-tl|car/volkswagen/notchback|car/volkswagen/tl|car/volkswagen/variant-1600-l
car,volkswagen,Volkswagen,up,Up,hatchback,de|es|fi|gb|lu|nl|nz|ua,eu|oc,3.0,,car/volkswagen/up-1
car,volkswagen,Volkswagen,vanagon,Vanagon,hatchback|wagon,nl|nz,eu|oc,6.0,,
car,volkswagen,Volkswagen,variant,Variant,hatchback|wagon,gb|nl|nz,eu|oc,5.0,,
car,volkswagen,Volkswagen,vento,Vento,sedan,fi|gb|lu|nl|nz|ua,eu|oc,5.0,,car/volkswagen/vento-vr6
car,volkswagen,Volkswagen,westfalia,Westfalia,hatchback,fi|gb|lu|nl|nz,eu|oc,8.0,,
car,volkswagen,Volkswagen,wg2211,WG2211,hatchback,nl|nz,eu|oc,10.0,,
car,volkswagen,Volkswagen,xl1,XL1,coupe,gb|lu|nl,eu,9.0,,
car,volvo,Volvo,140,140,sedan,fi|gb|nl|nz|ua,eu|oc,5.0,,car/volvo/142|car/volvo/144|car/volvo/144-de-luxe|car/volvo/144-grand-luxe|car/volvo/144s|car/volvo/145|car/volvo/145e|car/volvo/145s|van/volvo/145|van/volvo/145-express
car,volvo,Volvo,164,164,sedan,fi|gb|nl|nz,eu|oc,5.0,,car/volvo/164-e|car/volvo/164e
car,volvo,Volvo,1800e,1800E,coupe,fi|nl|nz,eu|oc,6.0,,car/volvo/1800-e|car/volvo/p-1800-e|car/volvo/p-1800e|car/volvo/p1800-e|car/volvo/p1800e
car,volvo,Volvo,1800es,1800ES,hatchback|wagon,fi|lu|nl|nz,eu|oc,7.0,,car/volvo/1800-es|car/volvo/p-1800-es|car/volvo/p1800-es
car,volvo,Volvo,1800s,1800S,coupe,fi|nl|nz,eu|oc,4.0,,car/volvo/1800-s|car/volvo/1800-s-coupe|car/volvo/p-1800-s|car/volvo/p1800-s|car/volvo/p1800s|car/volvo/s1800
car,volvo,Volvo,240,240,sedan|wagon,es|fi|gb|lu|nl|nz|ua|us,eu|na|oc,5.0,,car/volvo/240-dl|car/volvo/240-gl|car/volvo/240-gl-auto|car/volvo/240-gl-se|car/volvo/240-gle|car/volvo/240-glt|car/volvo/240-se|car/volvo/240dl|car/volvo/240gl|car/volvo/240glt|car/volvo/242|car/volvo/242-dl|car/volvo/242-gt|car/volvo/242l|car/volvo/244|car/volvo/244-883-gl|car/volvo/244-dl|car/volvo/244-gl|car/volvo/244-gle|car/volvo/244-glt|car/volvo/244-l|car/volvo/244-turbo|car/volvo/244dl|car/volvo/244gl|car/volvo/244gle|car/volvo/245|car/volvo/245-833-gl|car/volvo/245-dl|car/volvo/245-gl|car/volvo/245-turbo|car/volvo/245dl|car/volvo/245gl|car/volvo/245gle
car,volvo,Volvo,260,260,sedan,fi|gb|nl|nz|th,as|eu|oc,6.0,,car/volvo/262|car/volvo/262-c|car/volvo/264|car/volvo/264-gle|car/volvo/264gl|car/volvo/265
car,volvo,Volvo,340,340,hatchback,fi|gb|nl|nz|ua,eu|oc,6.0,,car/volvo/340-gl|car/volvo/340gl
car,volvo,Volvo,343,343,hatchback,fi|gb|nl|ua,eu,8.0,,
car,volvo,Volvo,345,345,hatchback,fi|gb|nl|ua,eu,8.0,,
car,volvo,Volvo,360,360,sedan,es|fi|gb|nl|nz|ua,eu|oc,6.0,,car/volvo/360-gl|car/volvo/360-gle|car/volvo/360-gls|car/volvo/360-glt|car/volvo/360glt
car,volvo,Volvo,440,440,hatchback,fi|gb|nl|nz|ua,eu|oc,6.0,,car/volvo/440-glt
car,volvo,Volvo,460,460,sedan,fi|gb|nl|nz|ua,eu|oc,6.0,,
car,volvo,Volvo,480,480,hatchback,fi|gb|nl|nz,eu|oc,5.0,,car/volvo/480-es|car/volvo/480-turbo|car/volvo/480es
car,volvo,Volvo,60,60,hatchback,de,eu,5.0,,
car,volvo,Volvo,66,66,sedan,fi|gb|nl,eu,6.0,,car/volvo/66-dl|car/volvo/66-gl
car,volvo,Volvo,740,740,sedan|wagon,fi|gb|lu|nl|nz|ua|us,eu|na|oc,4.0,,car/volvo/740-gl|car/volvo/740-gle|car/volvo/740-glt|car/volvo/740-turbo|car/volvo/740-wagon|car/volvo/740gl|car/volvo/740gle|car/volvo/744|car/volvo/745|car/volvo/745-turbo
car,volvo,Volvo,760,760,sedan,fi|gb|nl|nz|ua|us,eu|na|oc,5.0,,car/volvo/760-gle|car/volvo/760-gle-automatic|car/volvo/760-gle-turbo-diesel|car/volvo/760-turbo|car/volvo/760gle
car,volvo,Volvo,780,780,sedan,fi|nl|nz|us,eu|na|oc,6.0,,car/volvo/coupe
car,volvo,Volvo,850,850,hatchback|wagon,ca|es|fi|gb|lu|nl|nz|ua|us,eu|na|oc,4.0,,car/volvo/850-automatic|car/volvo/850-gle|car/volvo/850-gle-se-gl|car/volvo/850-glt|car/volvo/850-glt-se|car/volvo/850-r|car/volvo/850-t-5r|car/volvo/850-turbo|car/volvo/850-wagon|car/volvo/855
car,volvo,Volvo,940,940,hatchback|wagon,ca|es|fi|gb|lu|nl|nz|ua|us,eu|na|oc,4.0,,car/volvo/940-gl|car/volvo/940-gle|car/volvo/940-polar|car/volvo/940-se|car/volvo/940-turbo|car/volvo/940-turbo-wagon|car/volvo/940-wagon|car/volvo/945|van/volvo/940-hearse|van/volvo/945
car,volvo,Volvo,960,960,hatchback|wagon,ca|fi|gb|nl|nz|ua|us,eu|na|oc,4.0,,car/volvo/960-wagon|car/volvo/964
car,volvo,Volvo,amazon,Amazon,sedan,fi|gb|lu|nl|nz,eu|oc,5.0,,car/volvo/121|car/volvo/121-amazon|car/volvo/122|car/volvo/122s|car/volvo/123|car/volvo/123-gt|car/volvo/123gt|car/volvo/131|car/volvo/132|car/volvo/133|car/volvo/221|car/volvo/amazon-121|car/volvo/amazon-122s|car/volvo/amazon-123-gt|car/volvo/amazon-combi|car/volvo/p-1200
car,volvo,Volvo,b-18,B 18,hatchback|wagon,fi|nl,eu,8.0,,
car,volvo,Volvo,c202,C202,hatchback|wagon,fi|lu|nl,eu,9.0,,car/volvo/c-202
car,volvo,Volvo,c30,C30,hatchback,ca|es|fi|gb|lu|my|nl|nz|ua,as|eu|na|oc,3.0,,car/volvo/c-30
car,volvo,Volvo,c303,C303,hatchback|wagon,fi|nl,eu,5.0,,car/volvo/c-303|car/volvo/c303-4x4-1-v
car,volvo,Volvo,c40,C40,suv,ca|de|es|fi|gb|ie|lu|my|nl|nz|th|ua|us,as|eu|na|oc,5.0,,car/volvo/c40-recharge|car/volvo/c40-recharge-twin
car,volvo,Volvo,c70,C70,convertible,ca|es|fi|gb|lu|nl|nz|ua|us,eu|na|oc,3.0,,car/volvo/c-70|car/volvo/c70-turbo
car,volvo,Volvo,duett,Duett,hatchback|wagon,fi|nl,eu,5.0,,car/volvo/210-duett|car/volvo/duett-210|car/volvo/duett-p210|car/volvo/p210-duett
car,volvo,Volvo,ec40,EC40,suv,ca|es|fi|gb|lu|my|nl|th|us,as|eu|na,4.0,,car/volvo/ec40-twin
car,volvo,Volvo,es90,ES90,sedan,de|es|fi|gb|lu|my|nl|ua,as|eu,6.0,,
car,volvo,Volvo,ex30,EX30,suv,ar|ca|de|es|fi|gb|ie|lu|my|nl|nz|th|ua|us,as|eu|na|oc|sa,3.0,,car/volvo/ex30-single-motor-extended-range|car/volvo/ex30-twin-performance
car,volvo,Volvo,ex40,EX40,suv,ca|es|fi|gb|ie|lu|nl|nz|th|us,as|eu|na|oc,3.0,,car/volvo/ex40-twin
car,volvo,Volvo,ex90,EX90,suv,de|es|fi|gb|lu|my|nl|nz|th|ua|us,as|eu|na|oc,4.0,,car/volvo/ex90-plus
car,volvo,Volvo,l-3314,L 3314,hatchback,fi|nl,eu,8.0,,
car,volvo,Volvo,l-3314-a,L 3314 A,hatchback|wagon,fi|nl,eu,10.0,,
car,volvo,Volvo,l3304,L3304,convertible,fi|nl,eu,8.0,,car/volvo/l-3304
car,volvo,Volvo,p-18,P 18,hatchback,fi|nl,eu,10.0,,
car,volvo,Volvo,p1800,P1800,coupe,fi|gb|nl|nz,eu|oc,4.0,,car/volvo/1800|car/volvo/p-1800|car/volvo/p-18395-va|car/volvo/p18335
car,volvo,Volvo,pv444,PV444,sedan,fi|lu|nl|nz,eu|oc,7.0,,car/volvo/444|car/volvo/p-444|car/volvo/p-44404|car/volvo/pv-444|car/volvo/pv-444-c|car/volvo/pv-444-cs|car/volvo/pv-444-ds|car/volvo/pv-444-e|car/volvo/pv-444-es|car/volvo/pv-444-h|car/volvo/pv-444-hs|car/volvo/pv-444-k|car/volvo/pv-444-l|car/volvo/pv-444k|car/volvo/pv444-es|car/volvo/pv444k
car,volvo,Volvo,pv52,PV52,hatchback,fi|nl,eu,9.0,,car/volvo/pv-52
car,volvo,Volvo,pv544,PV544,sedan,fi|lu|nl|nz,eu|oc,5.0,,car/volvo/544|car/volvo/544-sport|car/volvo/p-544|car/volvo/p-544-04-a|car/volvo/p-54404-a|car/volvo/p-54405-a|car/volvo/p544|car/volvo/p54403a|car/volvo/pv-544|car/volvo/pv-544-sport
car,volvo,Volvo,pv60,PV60,sedan,fi|nl,eu,9.0,,car/volvo/pv-60
car,volvo,Volvo,pv831,PV831,sedan|wagon,fi|nl,eu,10.0,,car/volvo/pv-831
car,volvo,Volvo,s40,S40,sedan,ca|es|fi|gb|lu|nl|nz|ua|us,eu|na|oc,3.0,,car/volvo/s-40|car/volvo/s40-2-4i
car,volvo,Volvo,s60,S60,sedan,ca|es|fi|gb|lu|my|nl|nz|th|ua|us,as|eu|na|oc,3.0,,car/volvo/r-s60|car/volvo/s-60|car/volvo/s60-2-0t|car/volvo/s60-2-5t|car/volvo/s60-b5|car/volvo/s60-inscription|car/volvo/s60-polestar|car/volvo/s60-r|car/volvo/s60-t6|car/volvo/s60r
car,volvo,Volvo,s60-cross-country,S60 Cross Country,suv,ca|ua|us,eu|na,8.0,,car/volvo/s60-cc
car,volvo,Volvo,s70,S70,sedan,ca|fi|gb|nl|nz|ua|us,eu|na|oc,4.0,,car/volvo/s-70
car,volvo,Volvo,s80,S80,sedan,ca|es|fi|gb|lu|my|nl|nz|ua|us,as|eu|na|oc,5.0,,car/volvo/s-80|car/volvo/s80-2-5t|car/volvo/s80-t6
car,volvo,Volvo,s90,S90,sedan,ca|es|fi|gb|lu|my|nl|nz|th|ua|us,as|eu|na|oc,4.0,,car/volvo/s90-b6|car/volvo/s90-excellence|car/volvo/s90-t6
car,volvo,Volvo,v40,V40,hatchback,es|fi|gb|lu|nl|nz|ua|us,eu|na|oc,2.0,,car/volvo/v-40
car,volvo,Volvo,v50,V50,wagon,ca|es|fi|gb|lu|nl|nz|ua|us,eu|na|oc,2.0,,car/volvo/v-50|car/volvo/v-50-d5|car/volvo/v50-2-4i
car,volvo,Volvo,v60,V60,wagon,ca|es|fi|gb|ie|lu|my|nl|nz|th|ua|us,as|eu|na|oc,3.0,,car/volvo/v-60|car/volvo/v60-polestar|car/volvo/v60-t6
car,volvo,Volvo,v60-cross-country,V60 Cross Country,suv,ca|es|ua|us,eu|na,8.0,,car/volvo/v60-cc|car/volvo/v60cc
car,volvo,Volvo,v70,V70,wagon,ca|es|fi|gb|lu|nl|nz|ua|us,eu|na|oc,2.0,,car/volvo/b-v70|car/volvo/l-v70|car/volvo/s-v70|car/volvo/v-70|car/volvo/v-70-2-4t|car/volvo/v70-2|car/volvo/v70-2-0t|car/volvo/v70-2-4t|car/volvo/v70-2-5t|car/volvo/v70-bi-fuel|car/volvo/v70-bifuel|car/volvo/v70-d5|car/volvo/v70-r|car/volvo/v70-r-2-5t|car/volvo/v70r
car,volvo,Volvo,v70-xc,V70 XC,hatchback|wagon,ca|fi|nl|ua|us,eu|na,5.0,,car/volvo/v70-xc-2-4t|car/volvo/v70xc
car,volvo,Volvo,v90,V90,wagon,ca|es|fi|gb|lu|nl|nz|ua|us,eu|na|oc,3.0,,car/volvo/v-90|car/volvo/v90-t6
car,volvo,Volvo,v90-cross-country,V90 Cross Country,suv,ca|us,na,,,car/volvo/v90-cc
car,volvo,Volvo,xc40,XC40,suv,ca|de|es|fi|gb|ie|lu|my|nl|nz|th|ua|us,as|eu|na|oc,2.0,,car/volvo/xc-40|car/volvo/xc40-b4|car/volvo/xc40-b5|car/volvo/xc40-recharge|car/volvo/xc40-recharge-twin|car/volvo/xc40-t2|car/volvo/xc40-t4
car,volvo,Volvo,xc60,XC60,suv,ar|ca|de|es|fi|gb|ie|lu|my|nl|nz|th|ua|us,as|eu|na|oc|sa,2.0,,car/volvo/cx60|car/volvo/d-xc60|car/volvo/xc-60|car/volvo/xc-60-t6|car/volvo/xc60-2-0t|car/volvo/xc60-b5|car/volvo/xc60-b6|car/volvo/xc60-d5|car/volvo/xc60-fwd|car/volvo/xc60-t6
car,volvo,Volvo,xc70,XC70,suv,ca|es|fi|gb|lu|nl|nz|ua|us,eu|na|oc,3.0,,car/volvo/xc-70|car/volvo/xc70-2-5t|car/volvo/xc70-d5|car/volvo/xc70-t6
car,volvo,Volvo,xc90,XC90,suv,ca|de|es|fi|gb|ie|lu|my|nl|nz|th|ua|us,as|eu|na|oc,2.0,,car/volvo/c-xc90|car/volvo/cx90|car/volvo/xc-90|car/volvo/xc90-2-5t|car/volvo/xc90-b5|car/volvo/xc90-b6|car/volvo/xc90-d5|car/volvo/xc90-excellence|car/volvo/xc90-fwd|car/volvo/xc90-momentum|car/volvo/xc90-sport|car/volvo/xc90-t6|car/volvo/xc90-t6-momentum|car/volvo/xc90-v8|van/volvo/xc-90
car,voyah,Voyah,courage,Courage,hatchback,nl|ua,eu,7.0,,
car,voyah,Voyah,free,Free,hatchback,es|fi|nl|ua,eu,6.0,,
car,wartburg,Wartburg,353,353,sedan,fi|nl,eu,4.0,,
car,wartburg,Wartburg,353-w,353 W,sedan,fi|nl,eu,6.0,,car/wartburg/353w
car,wartburg,Wartburg,tourist,Tourist,hatchback|wagon,gb|nl,eu,9.0,,
car,westfalia-mobil-gmbh,Westfalia Mobil Gmbh,nugget,Nugget,hatchback,es|fi,eu,10.0,,
car,westfield,Westfield,se,Se,convertible,es|nl,eu,7.0,,
car,westfield,Westfield,sei,Sei,convertible,fi|nl,eu,8.0,,
car,westfield,Westfield,seight,Seight,convertible,fi|nl,eu,10.0,,
car,westfield,Westfield,seiw,Seiw,convertible,es|nl,eu,7.0,,
car,westfield,Westfield,seven,Seven,convertible,fi|nl,eu,8.0,,
car,willys,Willys,1-4-ton,1/4 Ton,convertible,nl|nz,eu|oc,9.0,,
car,willys,Willys,475,475,hatchback,fi|nl,eu,10.0,,
car,willys,Willys,77,77,hatchback,fi|nz,eu|oc,9.0,,
car,willys,Willys,cj-3b,CJ-3B,convertible,fi|nl|nz,eu|oc,8.0,,car/willys/cj3b|van/willys/cj-3b
car,willys,Willys,cj-5,CJ-5,convertible,fi|nl|nz,eu|oc,9.0,,car/willys/cj5
car,willys,Willys,cj2a,CJ2A,convertible,fi|nl,eu,8.0,,
car,willys,Willys,jeep,Jeep,convertible,fi|lu|nl|nz,eu|oc,5.0,,
car,willys,Willys,jeep-cj-3b,Jeep Cj-3B,convertible,fi|nl,eu,8.0,,
car,willys,Willys,jeep-cj-5,Jeep Cj 5,convertible,fi|nl|nz,eu|oc,8.0,,
car,willys,Willys,jeep-cj6,Jeep CJ6,hatchback|wagon,nl|nz,eu|oc,10.0,,
car,willys,Willys,jeep-m-38,Jeep M-38,hatchback,fi|nl,eu,10.0,,
car,willys,Willys,jeep-mb,Jeep Mb,convertible,nl|nz,eu|oc,7.0,,
car,willys,Willys,jeepster,Jeepster,convertible,nl|nz,eu|oc,9.0,,
car,willys,Willys,knight,Knight,convertible,nl|nz,eu|oc,8.0,,
car,willys,Willys,knight-70,Knight 70,hatchback,fi|nz,eu|oc,10.0,,
car,willys,Willys,m-38-a1,M 38 A1,convertible,fi|nl,eu,8.0,,
car,willys,Willys,m-b,M B,convertible,fi|nl|nz,eu|oc,4.0,,car/willys/mb
car,willys,Willys,m-b-jeep,M B Jeep,convertible,fi|nl|nz,eu|oc,7.0,,car/willys/mb-jeep
car,willys,Willys,m38,M38,convertible,fi|nl,eu,8.0,,
car,willys,Willys,ma,Ma,convertible,lu|nl,eu,10.0,,
car,willys,Willys,overland,Overland,convertible,fi|lu|nl|nz,eu|oc,7.0,,
car,willys,Willys,station-wagon,Station Wagon,hatchback,fi|nz,eu|oc,9.0,,
car,willys,Willys,whippet,Whippet,hatchback,nl|nz,eu|oc,8.0,,
car,willys,Willys,willeys,Willeys,convertible,nl|nz,eu|oc,10.0,,
car,wolseley,Wolseley,1100,1100,hatchback,gb|nz,eu|oc,7.0,,
car,wolseley,Wolseley,1300,1300,hatchback,gb|nl|nz,eu|oc,5.0,,
car,wolseley,Wolseley,1300-mk,1300 Mk,hatchback,nl|nz,eu|oc,10.0,,
car,wolseley,Wolseley,1500,1500,sedan,gb|nl|nz,eu|oc,5.0,,
car,wolseley,Wolseley,2200,2200,hatchback,gb|nz,eu|oc,10.0,,
car,wolseley,Wolseley,hornet,Hornet,convertible,gb|nl|nz,eu|oc,5.0,,
car,wolseley,Wolseley,hornet-special,Hornet Special,convertible,nl|nz,eu|oc,8.0,,
car,wolseley,Wolseley,six,Six,hatchback,gb|nz,eu|oc,8.0,,
car,wolseley,Wolseley,wasp,Wasp,sedan,nl|nz,eu|oc,10.0,,
car,xev,Xev,yoyo-pro,Yoyo Pro,hatchback,ar|th,as|sa,8.0,,
car,xiaomi,Xiaomi,su7-max,SU7 Max,mpv,th|ua,as|eu,9.0,,
car,xpeng,XPeng,g6,G6,suv,de|es|fi|gb|ie|lu|my|nl|nz|th|ua,as|eu|oc,5.0,,
car,xpeng,XPeng,g6-long-range,G6 Long Range,hatchback,gb|th,as|eu,4.0,,
car,xpeng,XPeng,g6-standard-range,G6 Standard Range,hatchback,gb|th,as|eu,6.0,,
car,xpeng,XPeng,g9,G9,suv,de|es|fi|lu|nl|ua,eu,4.0,,
car,xpeng,XPeng,p7,P7,sedan,de|es|fi|lu|nl,eu,7.0,,
car,xpeng,XPeng,p7i,P7I,sedan,fi|lu|nl,eu,6.0,,
car,xpeng,XPeng,x9,X9,hatchback,de|my|nz,as|eu|oc,6.0,,
car,yucon,Yucon,microliner-yucon,Microliner Yucon,hatchback,lu|nl,eu,8.0,,
car,yugo,Yugo,45a,45A,hatchback,nl|nz,eu|oc,8.0,,
car,yugo,Yugo,55a,55A,hatchback,nl|nz,eu|oc,9.0,,
car,zastava,Zastava,1100,1100,hatchback,fi|nl,eu,8.0,,
car,zastava,Zastava,750,750,hatchback,fi|nl,eu,9.0,,
car,zastava,Zastava,yugo,Yugo,hatchback,gb|nl,eu,9.0,,
car,zaz,ZAZ,968,968,sedan,nl|ua,eu,9.0,,
car,zaz,ZAZ,forza,Forza,hatchback|wagon,nl|ua,eu,6.0,,
car,zaz,ZAZ,lanos,Lanos,hatchback,ua,eu,1.0,,
car,zaz,ZAZ,sens,Sens,hatchback,ua,eu,1.0,,
car,zaz,ZAZ,t13110,T13110,hatchback,ua,eu,1.0,,
car,zeekr,Zeekr,001,001,wagon,de|fi|nl|ua,eu,5.0,,
car,zeekr,Zeekr,009,009,hatchback,my|nz|th|ua,as|eu|oc,4.0,,
car,zeekr,Zeekr,7gt,7GT,hatchback|wagon,de|es|nl,eu,7.0,,
car,zeekr,Zeekr,7x,7X,hatchback,de|es|my|nl|nz|th|ua,as|eu|oc,3.0,,
car,zeekr,Zeekr,x,X,hatchback,de|es|my|nl|nz|th|ua,as|eu|oc,5.0,,
car,zenos,Zenos,e10,E10,convertible,gb|nl,eu,10.0,,
